timestamp,load_id,bus,phase,voltage_v,current_a,active_power_kw,reactive_power_kvar
2024-01-01 00:00:00,load_634_abc,634,a,692.8106429182706,294.6808278159124,64.01610220613932,44.011070266720786
2024-01-01 00:00:00,load_634_abc,634,b,696.4070868416776,293.425001786605,48.01207665460449,36.00905749095337
2024-01-01 00:00:00,load_634_abc,634,c,693.7238999437609,292.21577086924924,48.01207665460449,36.00905749095337
2024-01-01 00:00:00,load_645_b,645,b,6044.091427645496,22.93878766767796,68.01710859402303,50.012579848546345
2024-01-01 00:00:00,load_646_b,646,b,6043.351088762762,10.139522614324822,92.02314692132528,52.813284320064945
2024-01-01 00:00:00,load_652_a,652,a,6002.980054293449,10.27542068629689,51.212881764911465,34.40865493579989
2024-01-01 00:00:00,load_671_abc,671,a,6006.185467559442,69.5372247488276,154.03874593352273,88.02214053344157
2024-01-01 00:00:00,load_671_abc,671,b,6056.688646763676,34.19691021526772,154.03874593352273,88.02214053344157
2024-01-01 00:00:00,load_671_abc,671,c,6008.675708963337,64.80672389074725,154.03874593352273,88.02214053344157
2024-01-01 00:00:00,load_675_abc,675,a,6003.450021905893,36.571881380194576,194.04880981235982,76.01912136979044
2024-01-01 00:00:00,load_675_abc,675,b,6059.067176450961,26.469498561969353,27.206843437609216,24.006038327302246
2024-01-01 00:00:00,load_675_abc,675,c,6007.449652679787,24.873022340824367,116.02918524862751,84.8213354231346
2024-01-01 00:00:00,load_692_c,692,c,6008.663335694497,31.153248464047692,68.01710859402303,60.41519645704398
2024-01-01 00:00:00,load_611_c,611,c,6005.926846927517,11.330850825213526,68.01710859402303,32.00805110306966
2024-01-01 00:15:00,load_634_abc,634,a,692.8084474567328,294.68171230208304,64.02634145120474,44.018109747703264
2024-01-01 00:15:00,load_634_abc,634,b,696.4054918792729,293.4256776656494,48.019756088403554,36.01481706630266
2024-01-01 00:15:00,load_634_abc,634,c,693.7218579841667,292.21624193956075,48.019756088403554,36.01481706630266
2024-01-01 00:15:00,load_645_b,645,b,6044.077016559404,22.942514455900138,68.02798779190503,50.0205792587537
2024-01-01 00:15:00,load_646_b,646,b,6043.3365572006105,10.141169367085709,92.03786583610682,52.82173169724391
2024-01-01 00:15:00,load_652_a,652,a,6002.957114477625,10.277103921396316,51.22107316096379,34.41415853002255
2024-01-01 00:15:00,load_671_abc,671,a,6006.163086652505,69.54914434131766,154.0633841169614,88.03621949540653
2024-01-01 00:15:00,load_671_abc,671,b,6056.674647890227,34.199686630453584,154.0633841169614,88.03621949540653
2024-01-01 00:15:00,load_671_abc,671,c,6008.653779952833,64.81741081743309,154.0633841169614,88.03621949540653
2024-01-01 00:15:00,load_675_abc,675,a,6003.426989784726,36.57553689115356,194.07984752396433,76.03128047330563
2024-01-01 00:15:00,load_675_abc,675,b,6059.053364849499,26.46892121535314,27.211195116762017,24.009878044201777
2024-01-01 00:15:00,load_675_abc,675,c,6007.427321012521,24.87395140480184,116.04774388030859,84.83490242284627
2024-01-01 00:15:00,load_692_c,692,c,6008.6414033423325,31.156119935254512,68.02798779190503,60.42485974457447
2024-01-01 00:15:00,load_611_c,611,c,6005.904400184477,11.332732270698234,68.02798779190503,32.01317072560237
2024-01-01 00:30:00,load_634_abc,634,a,692.8049991159872,294.68310152610593,64.0424236627329,44.02916626812886
2024-01-01 00:30:00,load_634_abc,634,b,696.4029867263943,293.42673923671845,48.031817747049665,36.02386331028725
2024-01-01 00:30:00,load_634_abc,634,c,693.7186507454874,292.21698182150965,48.031817747049665,36.02386331028725
2024-01-01 00:30:00,load_645_b,645,b,6044.054381565838,22.94836795340775,68.0450751416537,50.03314348651007
2024-01-01 00:30:00,load_646_b,646,b,6043.313732980625,10.143755846747657,92.06098401517853,52.83499952175464
2024-01-01 00:30:00,load_652_a,652,a,6002.92108367501,10.279747711788788,51.23393893018632,34.42280271871893
2024-01-01 00:30:00,load_671_abc,671,a,6006.127933705826,69.56786693182644,154.10208193845102,88.05833253625772
2024-01-01 00:30:00,load_671_abc,671,b,6056.652660345239,34.20404894821361,154.10208193845102,88.05833253625772
2024-01-01 00:30:00,load_671_abc,671,c,6008.619336811862,64.83419738582174,154.10208193845102,88.05833253625772
2024-01-01 00:30:00,load_675_abc,675,a,6003.390814001366,36.581279530245176,194.12859672765907,76.0503780994953
2024-01-01 00:30:00,load_675_abc,675,b,6059.031671445455,26.46801445677602,27.218030056661483,24.015908873524833
2024-01-01 00:30:00,load_675_abc,675,c,6007.392245435153,24.875411864763638,116.07689288870336,84.85621135312107
2024-01-01 00:30:00,load_692_c,692,c,6008.606954952757,31.160631309637797,68.0450751416537,60.44003733170417
2024-01-01 00:30:00,load_611_c,611,c,6005.8691438618625,11.335687504533114,68.0450751416537,32.02121183136645
2024-01-01 00:45:00,load_634_abc,634,a,692.799672469101,294.68524744795087,64.0672652521065,44.046244860823215
2024-01-01 00:45:00,load_634_abc,634,b,696.3991170280837,293.4283790324845,48.05044893907987,36.0378367043099
2024-01-01 00:45:00,load_634_abc,634,c,693.7136965322235,292.218124698199,48.05044893907987,36.0378367043099
2024-01-01 00:45:00,load_645_b,645,b,6044.019417408859,22.95740972521609,68.07146933036316,50.0525509782082
2024-01-01 00:45:00,load_646_b,646,b,6043.2784765293345,10.147751125607607,92.0966937999031,52.85549383298786
2024-01-01 00:45:00,load_652_a,652,a,6002.865427012397,10.28383154022986,51.2538122016852,34.43615507300724
2024-01-01 00:45:00,load_671_abc,671,a,6006.073633055741,69.596789781956,154.16185701288126,88.09248972164643
2024-01-01 00:45:00,load_671_abc,671,b,6056.618696298782,34.21079099815004,154.16185701288126,88.09248972164643
2024-01-01 00:45:00,load_671_abc,671,c,6008.566132661271,64.86012987272747,154.16185701288126,88.09248972164643
2024-01-01 00:45:00,load_675_abc,675,a,6003.334933387909,36.5901526862655,194.20389779544783,76.07987748687647
2024-01-01 00:45:00,load_675_abc,675,b,6058.998161755297,26.466613934475905,27.228587732145265,24.025224469539936
2024-01-01 00:45:00,load_675_abc,675,c,6007.338064369636,24.877670737919278,116.12191826944303,84.88912645904111
2024-01-01 00:45:00,load_692_c,692,c,6008.553742694719,31.167603066594822,68.07146933036316,60.46348158167551
2024-01-01 00:45:00,load_611_c,611,c,6005.814683600834,11.340252708803185,68.07146933036316,32.03363262605325
2024-01-01 01:00:00,load_634_abc,634,a,692.7915810114872,294.68850715449145,64.10499957367279,44.07218720690004
2024-01-01 01:00:00,load_634_abc,634,b,696.3932387689715,293.4308699046825,48.07874968025459,36.05906226019094
2024-01-01 01:00:00,load_634_abc,634,c,693.7061708290598,292.2198607096768,48.07874968025459,36.05906226019094
2024-01-01 01:00:00,load_645_b,645,b,6043.96630519881,22.97114437478739,68.11156204702733,50.08203091693186
2024-01-01 01:00:00,load_646_b,646,b,6043.224920317058,10.153820040154391,92.15093688715463,52.88662464828005
2024-01-01 01:00:00,load_652_a,652,a,6002.78088176369,10.290035016785673,51.28399965893823,34.45643727084912
2024-01-01 01:00:00,load_671_abc,671,a,6005.991147636828,69.64072994933798,154.25265522415012,88.14437441380008
2024-01-01 01:00:00,load_671_abc,671,b,6056.567103301703,34.22104084015027,154.25265522415012,88.14437441380008
2024-01-01 01:00:00,load_671_abc,671,c,6008.485313030019,64.8995280035674,154.25265522415012,88.14437441380008
2024-01-01 01:00:00,load_675_abc,675,a,6003.250047947812,36.60363729723284,194.31827995769564,76.12468699373643
2024-01-01 01:00:00,load_675_abc,675,b,6058.947258942613,26.46448680810298,27.244624818810934,24.039374840127294
2024-01-01 01:00:00,load_675_abc,675,c,6007.255760773863,24.88110882452976,116.19031172728192,84.93912443511644
2024-01-01 01:00:00,load_692_c,692,c,6008.472910748001,31.17820058613522,68.11156204702733,60.499093347653684
2024-01-01 01:00:00,load_611_c,611,c,6005.731955895796,11.347188092283442,68.11156204702733,32.05249978683639
2024-01-01 01:15:00,load_634_abc,634,a,692.7794946584254,294.6933761458202,64.16136095142075,44.11093565410177
2024-01-01 01:15:00,load_634_abc,634,b,696.384458348266,293.4345904695011,48.121020713565564,36.09076553517417
2024-01-01 01:15:00,load_634_abc,634,c,693.6949295719288,292.2224536928322,48.121020713565564,36.09076553517417
2024-01-01 01:15:00,load_645_b,645,b,6043.886970984541,22.991659443464428,68.17144601088455,50.126063243297466
2024-01-01 01:15:00,load_646_b,646,b,6043.144922907175,10.162885007355806,92.23195636766734,52.933122784922126
2024-01-01 01:15:00,load_652_a,652,a,6002.654595382304,10.299301095284997,51.32908876113661,34.486731511388655
2024-01-01 01:15:00,load_671_abc,671,a,6005.867938004886,69.7063749960437,154.3882747893562,88.22187130820355
2024-01-01 01:15:00,load_671_abc,671,b,6056.490038348293,34.23636986384926,154.3882747893562,88.22187130820355
2024-01-01 01:15:00,load_671_abc,671,c,6008.364591945712,64.95838961208072,154.3882747893562,88.22187130820355
2024-01-01 01:15:00,load_675_abc,675,a,6003.123253420365,36.62379255918339,194.48912538399415,76.19161612981215
2024-01-01 01:15:00,load_675_abc,675,b,6058.871224914909,26.46131024715346,27.26857840435382,24.060510356782782
2024-01-01 01:15:00,load_675_abc,675,c,6007.132823111592,24.88625948687785,116.29246672445011,85.0138032606325
2024-01-01 01:15:00,load_692_c,692,c,6008.352171268232,31.194046106025336,68.17144601088455,60.552284397903335
2024-01-01 01:15:00,load_611_c,611,c,6005.608384741558,11.357548938942452,68.17144601088455,32.08068047571037
2024-01-01 01:30:00,load_634_abc,634,a,692.7617436365762,294.7005269127408,64.24413132308861,44.16784028462342
2024-01-01 01:30:00,load_634_abc,634,b,696.3715627762373,293.4400545511496,48.18309849231646,36.13732386923734
2024-01-01 01:30:00,load_634_abc,634,c,693.6784197681263,292.22626164354665,48.18309849231646,36.13732386923734
2024-01-01 01:30:00,load_645_b,645,b,6043.770455098735,23.021788224855502,68.25938953078166,50.19072759616298
2024-01-01 01:30:00,load_646_b,646,b,6043.027433037227,10.17619796554259,92.35093877693988,53.00140834154811
2024-01-01 01:30:00,load_652_a,652,a,6002.469121476839,10.312909668909034,51.39530505847089,34.53122058616013
2024-01-01 01:30:00,load_671_abc,671,a,6005.6869827495,69.80281022296326,154.58744099618195,88.33568056924685
2024-01-01 01:30:00,load_671_abc,671,b,6056.376855252442,34.258923791899754,154.58744099618195,88.33568056924685
2024-01-01 01:30:00,load_671_abc,671,c,6008.187292296579,65.0448644662631,154.58744099618195,88.33568056924685
2024-01-01 01:30:00,load_675_abc,675,a,6002.937033217817,36.653422557140715,194.74002307311233,76.28990594616774
2024-01-01 01:30:00,load_675_abc,675,b,6058.759555889451,26.456646548764677,27.303755812312662,24.09154924615823
2024-01-01 01:30:00,load_675_abc,675,c,6006.952268112587,24.89385701468348,116.44248802309811,85.12347400309241
2024-01-01 01:30:00,load_692_c,692,c,6008.174844602813,31.217352445588762,68.25938953078166,60.63039893616488
2024-01-01 01:30:00,load_611_c,611,c,6005.426899360198,11.372768640418307,68.25938953078166,32.122065661544305
2024-01-01 01:45:00,load_634_abc,634,a,692.7361123030936,294.7108516710743,64.36363251732448,44.24999735566058
2024-01-01 01:45:00,load_634_abc,634,b,696.352942575238,293.4479438215839,48.272724387993364,36.20454329099502
2024-01-01 01:45:00,load_634_abc,634,c,693.6545807578451,292.23175941844084,48.272724387993364,36.20454329099502
2024-01-01 01:45:00,load_645_b,645,b,6043.602215615241,23.06528941441932,68.38635954965727,50.284087904159755
2024-01-01 01:45:00,load_646_b,646,b,6042.857787267125,10.195419752328462,92.52272174365395,53.0999968267927
2024-01-01 01:45:00,load_652_a,652,a,6002.201310684609,10.332558823352441,51.49090601385959,34.59545247806191
2024-01-01 01:45:00,load_671_abc,671,a,6005.4256963470025,69.94210550844265,154.87499074481204,88.49999471132116
2024-01-01 01:45:00,load_671_abc,671,b,6056.213428032772,34.29157494850047,154.87499074481204,88.49999471132116
2024-01-01 01:45:00,load_671_abc,671,c,6007.931285863639,65.16978253140782,154.87499074481204,88.49999471132116
2024-01-01 01:45:00,load_675_abc,675,a,6002.6681448381505,36.69626564146716,195.10226106813982,76.43181361432283
2024-01-01 01:45:00,load_675_abc,675,b,6058.598314821686,26.449915959765168,27.354543819862908,24.136362193996682
2024-01-01 01:45:00,load_675_abc,675,c,6006.691561374401,24.904896223906956,116.65908393765062,85.28181308545493
2024-01-01 01:45:00,load_692_c,692,c,6007.918799161802,31.25107712035463,68.38635954965727,60.74317818822498
2024-01-01 01:45:00,load_611_c,611,c,6005.164849244312,11.39475097529215,68.38635954965727,32.18181625866224
2024-01-01 02:00:00,load_634_abc,634,a,692.6997295752572,294.7255062991817,64.53323183383564,44.36659688576201
2024-01-01 02:00:00,load_634_abc,634,b,696.3265122457329,293.45914131851606,48.399923875376736,36.29994290653255
2024-01-01 02:00:00,load_634_abc,634,c,693.6207423371874,292.23956197385957,48.399923875376736,36.29994290653255
2024-01-01 02:00:00,load_645_b,645,b,6043.3634098795865,23.127031992741383,68.56655882345038,50.4165873701841
2024-01-01 02:00:00,load_646_b,646,b,6042.616985529864,10.222701792399796,92.76652076113874,53.23991626291441
2024-01-01 02:00:00,load_652_a,652,a,6001.821166430121,10.360448546966262,51.626585467068516,34.68661211068665
2024-01-01 02:00:00,load_671_abc,671,a,6005.0548127140055,70.1399287664157,155.28308910016702,88.73319377152401
2024-01-01 02:00:00,load_671_abc,671,b,6055.981452986443,34.3380934434252,155.28308910016702,88.73319377152401
2024-01-01 02:00:00,load_671_abc,671,c,6007.567900014316,65.34720780548622,155.28308910016702,88.73319377152401
2024-01-01 02:00:00,load_675_abc,675,a,6002.28647102384,36.757199617156125,195.6163589963143,76.63321280267984
2024-01-01 02:00:00,load_675_abc,675,b,6058.369442798272,26.440369226144835,27.42662352938015,24.199961937688368
2024-01-01 02:00:00,load_675_abc,675,c,6006.321504043274,24.920705496294936,116.96648269882711,85.50653217983223
2024-01-01 02:00:00,load_692_c,692,c,6007.555357945429,31.29909325627326,68.56655882345038,60.903237543182385
2024-01-01 02:00:00,load_611_c,611,c,6004.792885108458,11.425966304841857,68.56655882345038,32.26661591691782
2024-01-01 02:15:00,load_634_abc,634,a,692.648966563082,294.7459512583004,64.76981004521686,44.52924440608659
2024-01-01 02:15:00,load_634_abc,634,b,696.2896360174911,293.4747626232544,48.57735753391264,36.433018150434485
2024-01-01 02:15:00,load_634_abc,634,c,693.5735296053086,292.2504458936468,48.57735753391264,36.433018150434485
2024-01-01 02:15:00,load_645_b,645,b,6043.030223895831,23.213167073668064,68.81792317304291,50.60141409782567
2024-01-01 02:15:00,load_646_b,646,b,6042.281014957813,10.260762020367505,93.10660193999922,53.43509328730391
2024-01-01 02:15:00,load_652_a,652,a,6001.290776388338,10.399358706424058,51.815848036173485,34.813772899304055
2024-01-01 02:15:00,load_671_abc,671,a,6004.537342561288,70.41613342636542,155.8523554213031,89.05848881217318
2024-01-01 02:15:00,load_671_abc,671,b,6055.657797243858,34.403332881488325,155.8523554213031,89.05848881217318
2024-01-01 02:15:00,load_671_abc,671,c,6007.060897151474,65.59497158985148,155.8523554213031,89.05848881217318
2024-01-01 02:15:00,load_675_abc,675,a,6001.753946933063,36.84245138103934,196.33348669956357,76.91414942869501
2024-01-01 02:15:00,load_675_abc,675,b,6058.050116277376,26.42706304958466,27.52716926921717,24.28867876695632
2024-01-01 02:15:00,load_675_abc,675,c,6005.80519363121,24.943036352110703,117.39528070695555,85.81999830991232
2024-01-01 02:15:00,load_692_c,692,c,6007.048277838471,31.366371067130707,68.81792317304291,61.12650823017341
2024-01-01 02:15:00,load_611_c,611,c,6004.273914364065,11.469543224738697,68.81792317304291,32.38490502260843
2024-01-01 02:30:00,load_634_abc,634,a,692.5793561835593,294.77398339680536,65.09412068241348,44.75220796915927
2024-01-01 02:30:00,load_634_abc,634,b,696.2390696494658,293.4961800006831,48.8205905118101,36.61544288385758
2024-01-01 02:30:00,load_634_abc,634,c,693.50878829425,292.26536586309953,48.8205905118101,36.61544288385758
2024-01-01 02:30:00,load_645_b,645,b,6042.573346888666,23.331261176617982,69.16250322506433,50.85478178313553
2024-01-01 02:30:00,load_646_b,646,b,6041.820320127774,10.312943751247955,93.57279848096937,53.70264956299113
2024-01-01 02:30:00,load_652_a,652,a,6000.563474350778,10.452709836063569,52.07529654593079,34.988089866797246
2024-01-01 02:30:00,load_671_abc,671,a,6003.827755443413,70.79524586115215,156.63272789205743,89.50441593831854
2024-01-01 02:30:00,load_671_abc,671,b,6055.213988353586,34.493424082693615,156.63272789205743,89.50441593831854
2024-01-01 02:30:00,load_671_abc,671,c,6006.365675010337,65.93512013163961,156.63272789205743,89.50441593831854
2024-01-01 02:30:00,load_675_abc,675,a,6001.0237186456325,36.95979469212511,197.31655331856584,77.299268310366
2024-01-01 02:30:00,load_675_abc,675,b,6057.612243453983,26.408842900155356,27.66500129002573,24.41029525590505
2024-01-01 02:30:00,load_675_abc,675,c,6005.097209806126,24.9741736834528,117.98309373687442,86.24970990419786
2024-01-01 02:30:00,load_692_c,692,c,6006.352949786749,31.45916069485996,69.16250322506433,61.43257639402771
2024-01-01 02:30:00,load_611_c,611,c,6003.562282734808,11.529343768365402,69.16250322506433,32.54706034120674
2024-01-01 02:45:00,load_634_abc,634,a,692.4855535621228,294.81175108239444,65.53095008138376,45.05252818095134
2024-01-01 02:45:00,load_634_abc,634,b,696.1709319728325,293.52503372780785,49.14821256103782,36.86115942077837
2024-01-01 02:45:00,load_634_abc,634,c,693.4215480884978,292.28546204331576,49.14821256103782,36.86115942077837
2024-01-01 02:45:00,load_645_b,645,b,6041.9577148500375,23.490358418844792,69.62663446147026,51.19605475108107
2024-01-01 02:45:00,load_646_b,646,b,6041.1995445834145,10.383243131275037,94.20074074198916,54.063033817141616
2024-01-01 02:45:00,load_652_a,652,a,5999.583429294231,10.524592166389514,52.424760065107016,35.22288566874377
2024-01-01 02:45:00,load_671_abc,671,a,6002.87157846425,71.30675695358185,157.68384863332972,90.10505636190268
2024-01-01 02:45:00,load_671_abc,671,b,6054.615965133442,34.61596704481495,157.68384863332972,90.10505636190268
2024-01-01 02:45:00,load_671_abc,671,c,6005.428876193911,66.39419220654811,157.68384863332972,90.10505636190268
2024-01-01 02:45:00,load_675_abc,675,a,6000.039730597967,37.11871426173298,198.64069243419456,77.81800322164322
2024-01-01 02:45:00,load_675_abc,675,b,6057.022218367366,26.384338848915114,27.850653784588104,24.57410628051891
2024-01-01 02:45:00,load_675_abc,675,c,6004.143217038371,25.017071323220677,118.77484702250807,86.8285088578335
2024-01-01 02:45:00,load_692_c,692,c,6005.416008275294,31.585163525891094,69.62663446147026,61.84483413930593
2024-01-01 02:45:00,load_611_c,611,c,6002.603374888917,11.610006830567535,69.62663446147026,32.76547504069188
2024-01-01 03:00:00,load_634_abc,634,a,692.3613591877158,294.8617435879529,66.10897281392417,45.449918809572864
2024-01-01 03:00:00,load_634_abc,634,b,696.0807221799481,293.5632236167433,49.581729610443126,37.18629720783234
2024-01-01 03:00:00,load_634_abc,634,c,693.3060443849718,292.3120533669743,49.581729610443126,37.18629720783234
2024-01-01 03:00:00,load_645_b,645,b,6041.142667736936,23.700933754754438,70.24078361479442,51.647635010878254
2024-01-01 03:00:00,load_646_b,646,b,6040.3776895242345,10.476288432290033,95.03164842001598,54.539902571487445
2024-01-01 03:00:00,load_652_a,652,a,5998.28589150811,10.619745902432063,52.88717825113933,35.53357288748424
2024-01-01 03:00:00,load_671_abc,671,a,6001.605635853012,71.98510275116824,159.07471583350502,90.89983761914573
2024-01-01 03:00:00,load_671_abc,671,b,6053.824230343464,34.78020630015996,159.07471583350502,90.89983761914573
2024-01-01 03:00:00,load_671_abc,671,c,6004.188626977209,67.00322466898196,159.07471583350502,90.89983761914573
2024-01-01 03:00:00,load_675_abc,675,a,5998.736972729563,37.33050792112992,200.3928238422076,78.50440521653495
2024-01-01 03:00:00,load_675_abc,675,b,6056.241071419935,26.351980995282766,28.096313445917772,24.790864805221563
2024-01-01 03:00:00,load_675_abc,675,c,6002.880208204942,25.075516340588138,119.82251322523754,87.59438897844952
2024-01-01 03:00:00,load_692_c,692,c,6004.175570172283,31.75367377503087,70.24078361479442,62.39034309314093
2024-01-01 03:00:00,load_611_c,611,c,6001.333859347633,11.716941514342038,70.24078361479442,33.054486406962084
2024-01-01 03:15:00,load_634_abc,634,a,692.1998281182763,294.9267452944813,66.86019130057699,45.96638151914667
2024-01-01 03:15:00,load_634_abc,634,b,695.9633998129342,293.61287350512464,50.14514347543273,37.60885760657455
2024-01-01 03:15:00,load_634_abc,634,c,693.1558201761817,292.34661168252023,50.14514347543273,37.60885760657455
2024-01-01 03:15:00,load_645_b,645,b,6040.082673576228,23.974697183326903,71.03895325686305,52.234524453575766
2024-01-01 03:15:00,load_646_b,646,b,6039.308844211226,10.597253475991105,96.11152499457941,55.15965782297601
2024-01-01 03:15:00,load_652_a,652,a,5996.598339498329,10.743474747149365,53.48815304046158,35.93735282406013
2024-01-01 03:15:00,load_671_abc,671,a,5999.959167150052,72.86920501856181,160.88233531701334,91.93276303829334
2024-01-01 03:15:00,load_671_abc,671,b,6052.794554035502,34.9971650906518,160.88233531701334,91.93276303829334
2024-01-01 03:15:00,load_671_abc,671,c,6002.575638599847,67.79737014965629,160.88233531701334,91.93276303829334
2024-01-01 03:15:00,load_675_abc,675,a,5997.042632041907,37.60829045092505,202.66995487987396,79.39647716943517
2024-01-01 03:15:00,load_675_abc,675,b,6055.225163161477,26.310041320617856,28.415581302745217,25.072571737716366
2024-01-01 03:15:00,load_675_abc,675,c,6001.237626683807,25.154320150334403,121.18409673229577,88.5897534732645
2024-01-01 03:15:00,load_692_c,692,c,6002.562336194116,31.975663136503517,71.03895325686305,63.09930553991952
2024-01-01 03:15:00,load_611_c,611,c,5999.682816430092,11.856250114781632,71.03895325686305,33.43009565028849
2024-01-01 03:30:00,load_634_abc,634,a,691.9934872428109,295.00974583574543,67.81885641847929,46.62546378770451
2024-01-01 03:30:00,load_634_abc,634,b,695.8135434503098,293.67626192628984,50.86414231385946,38.14810673539459
2024-01-01 03:30:00,load_634_abc,634,c,692.9639285293069,292.39071200983676,50.86414231385946,38.14810673539459
2024-01-01 03:30:00,load_645_b,645,b,6038.728764043342,24.324211452322007,72.05753494463426,52.98348157693694
2024-01-01 03:30:00,load_646_b,646,b,6037.943633866999,10.751688630924212,97.48960610156398,55.95055654524541
2024-01-01 03:30:00,load_652_a,652,a,5994.442757658458,10.90147577166724,54.25508513478343,36.452635324932615
2024-01-01 03:30:00,load_671_abc,671,a,5997.856048382388,74.00143723774619,163.1891232569658,93.25092757540902
2024-01-01 03:30:00,load_671_abc,671,b,6051.479368013688,35.27969751854506,163.1891232569658,93.25092757540902
2024-01-01 03:30:00,load_671_abc,671,c,6000.515390975539,68.81500403316426,163.1891232569658,93.25092757540902
2024-01-01 03:30:00,load_675_abc,675,a,5994.878379486103,37.96685188884701,205.57590851851532,80.53489199694415
2024-01-01 03:30:00,load_675_abc,675,b,6053.927559893852,26.25670802873869,28.823013977853698,25.43207115692973
2024-01-01 03:30:00,load_675_abc,675,c,5999.139590910903,25.259522412400763,122.92167725849369,89.85998475448505
2024-01-01 03:30:00,load_692_c,692,c,6000.501774953723,32.26376774672869,72.05753494463426,64.00404574493983
2024-01-01 03:30:00,load_611_c,611,c,5997.573974361849,12.03456003686871,72.05753494463426,33.90942820923964
2024-01-01 03:45:00,load_634_abc,634,a,691.7346778518098,295.1137993739175,69.01979206188345,47.451107042544876
2024-01-01 03:45:00,load_634_abc,634,b,695.6256005947995,293.75571378794365,51.764844046412584,38.82363303480944
2024-01-01 03:45:00,load_634_abc,634,c,692.7232516906284,292.4459553886244,51.764844046412584,38.82363303480944
2024-01-01 03:45:00,load_645_b,645,b,6037.030794381117,24.762294683236675,73.33352906575118,53.92171254834645
2024-01-01 03:45:00,load_646_b,646,b,6036.231498862213,10.945256759368156,99.21595108895747,56.941328451053856
2024-01-01 03:45:00,load_652_a,652,a,5991.739224539867,11.099572607146946,55.21583364950677,37.098138233262354
2024-01-01 03:45:00,load_671_abc,671,a,5995.218291735919,75.4258898160053,166.07887464890706,94.90221408508975
2024-01-01 03:45:00,load_671_abc,671,b,6049.829961068612,35.64239345209311,166.07887464890706,94.90221408508975
2024-01-01 03:45:00,load_671_abc,671,c,5997.931570444448,70.09620159277291,166.07887464890706,94.90221408508975
2024-01-01 03:45:00,load_675_abc,675,a,5992.163972730602,38.422309934144316,209.2162446875842,81.9610030734866
2024-01-01 03:45:00,load_675_abc,675,b,6052.300199306354,26.19019626884556,29.33341162630047,25.882422023206292
2024-01-01 03:45:00,load_675_abc,675,c,5996.508396134961,25.3985723283551,125.09837311216376,91.45122448199558
2024-01-01 03:45:00,load_692_c,692,c,5997.917561243801,32.63211693964288,73.33352906575118,65.1374287584025
2024-01-01 03:45:00,load_611_c,611,c,5994.9292291766615,12.258745843484583,73.33352906575118,34.509896030941725
2024-01-01 04:00:00,load_634_abc,634,a,691.4160319675788,295.2418298111591,70.49609359538671,48.46606434682836
2024-01-01 04:00:00,load_634_abc,634,b,695.3942347819857,293.8534506814489,52.87207019654003,39.654052647405024
2024-01-01 04:00:00,load_634_abc,634,c,692.4269446195947,292.5138628443259,52.87207019654003,39.654052647405024
2024-01-01 04:00:00,load_645_b,645,b,6034.940581809708,25.301195451311948,74.90209944509837,55.07507312139586
2024-01-01 04:00:00,load_646_b,646,b,6034.123859747388,11.183368618211336,101.33813454336838,58.15927721619403
2024-01-01 04:00:00,load_652_a,652,a,5988.410898975751,11.343345975297032,56.39687487630936,37.89165030752035
2024-01-01 04:00:00,load_671_abc,671,a,5991.97090899361,77.18583702743204,169.63122521389926,96.93212869365672
2024-01-01 04:00:00,load_671_abc,671,b,6047.799527589046,36.10124127164046,169.63122521389926,96.93212869365672
2024-01-01 04:00:00,load_671_abc,671,c,5994.750844092997,71.68048763140634,169.63122521389926,96.93212869365672
2024-01-01 04:00:00,load_675_abc,675,a,5988.822262407735,38.991483335913074,213.69128371101593,83.71411114452171
2024-01-01 04:00:00,load_675_abc,675,b,6050.2968980696,26.108895326550602,29.96083977803935,26.436035098270015
2024-01-01 04:00:00,load_675_abc,675,c,5993.269377305588,25.580421051050116,127.77416964163841,93.40732401388738
2024-01-01 04:00:00,load_692_c,692,c,5994.736351091423,33.09592088733881,74.90209944509837,66.5306883306462
2024-01-01 04:00:00,load_611_c,611,c,5991.673532767504,12.53552777819919,74.90209944509837,35.248046797693355
2024-01-01 04:15:00,load_634_abc,634,a,691.0310781465412,295.3963844377749,72.27623794697433,49.68991358854486
2024-01-01 04:15:00,load_634_abc,634,b,695.1147665843968,293.97140193857723,54.20717846023076,40.65538384517307
2024-01-01 04:15:00,load_634_abc,634,c,692.0689988617168,292.5957423835847,54.20717846023076,40.65538384517307
2024-01-01 04:15:00,load_645_b,645,b,6032.415891887356,25.951551226713526,76.79350281866024,56.465810896073705
2024-01-01 04:15:00,load_646_b,646,b,6031.578137247012,11.47072255497566,103.89709204877562,59.62789630625383
2024-01-01 04:15:00,load_652_a,652,a,5984.3903571620385,11.637665820423999,57.820990357579475,38.84847789649871
2024-01-01 04:15:00,load_671_abc,671,a,5988.048093259604,79.3203662811304,173.914697559907,99.37982717708972
2024-01-01 04:15:00,load_671_abc,671,b,6045.347039906389,36.67292806779883,173.914697559907,99.37982717708972
2024-01-01 04:15:00,load_671_abc,671,c,5990.908924159802,73.60380949492686,173.914697559907,99.37982717708972
2024-01-01 04:15:00,load_675_abc,675,a,5984.785554738074,39.69090823283035,219.087346276766,85.82803256203204
2024-01-01 04:15:00,load_675_abc,675,b,6047.87717219841,26.011546931646365,30.7174011274641,27.10358923011538
2024-01-01 04:15:00,load_675_abc,675,c,5989.357085554904,25.815423163577577,131.000681278891,95.766015279741
2024-01-01 04:15:00,load_692_c,692,c,5990.893847093847,33.670717445455175,76.79350281866024,68.21069956245704
2024-01-01 04:15:00,load_611_c,611,c,5987.741101276924,12.870942610145645,76.79350281866024,36.13811897348717
2024-01-01 04:30:00,load_634_abc,634,a,690.5749561230565,295.5793450971454,74.3807280080197,51.13675050551355
2024-01-01 04:30:00,load_634_abc,634,b,694.7836931886524,294.11098359875194,55.785546006014776,41.83915950451108
2024-01-01 04:30:00,load_634_abc,634,c,691.6449074118707,292.69253454530957,55.785546006014776,41.83915950451108
2024-01-01 04:30:00,load_645_b,645,b,6029.425133672186,26.721170582721033,79.02952350852094,58.109943756265395
2024-01-01 04:30:00,load_646_b,646,b,6028.562486774739,11.810766384145161,106.92229651152833,61.36410060661626
2024-01-01 04:30:00,load_652_a,652,a,5979.627062131909,11.986142285550617,59.504582406415764,39.97964130431059
2024-01-01 04:30:00,load_671_abc,671,a,5983.4005061333355,81.86022570166523,178.97862676929742,102.2735010110271
2024-01-01 04:30:00,load_671_abc,671,b,6042.441809250652,37.37365337205292,178.97862676929742,102.2735010110271
2024-01-01 04:30:00,load_671_abc,671,c,5986.357711066421,75.8947693237012,178.97862676929742,102.2735010110271
2024-01-01 04:30:00,load_675_abc,675,a,5980.003111068593,40.53543422123427,225.46658177430973,88.32711450952341
2024-01-01 04:30:00,load_675_abc,675,b,6045.010736951949,25.89744264232607,31.611809403408373,27.892773003007388
2024-01-01 04:30:00,load_675_abc,675,c,5984.72256262789,26.11491672888552,134.8150695145357,98.55446461062611
2024-01-01 04:30:00,load_692_c,692,c,5986.3419425397215,34.3711825993389,79.02952350852094,70.1968120575686
2024-01-01 04:30:00,load_611_c,611,c,5983.082727034976,13.269697425927621,79.02952350852094,37.19036400400985
2024-01-01 04:45:00,load_634_abc,634,a,690.0452009859125,295.79161397624506,76.81848809131908,52.81271056278187
2024-01-01 04:45:00,load_634_abc,634,b,694.3992575570526,294.2728587220193,57.6138660684893,43.210399551366976
2024-01-01 04:45:00,load_634_abc,634,c,691.1523938008403,292.8046466140325,57.6138660684893,43.210399551366976
2024-01-01 04:45:00,load_645_b,645,b,6025.952500855893,27.61371271804658,81.61964359702652,60.01444382134303
2024-01-01 04:45:00,load_646_b,646,b,6025.060982281657,12.205113982546289,110.42657663127117,63.37525267533824
2024-01-01 04:45:00,load_652_a,652,a,5974.095551054503,12.390527466178849,61.45479047305526,41.289937349084006
2024-01-01 04:45:00,load_671_abc,671,a,5978.0032663702905,84.82308053214811,184.84448696973655,105.62542112556373
2024-01-01 04:45:00,load_671_abc,671,b,6039.06848000906,38.21737362339315,184.84448696973655,105.62542112556373
2024-01-01 04:45:00,load_671_abc,671,c,5981.073115526349,78.57027670236876,184.84448696973655,105.62542112556373
2024-01-01 04:45:00,load_675_abc,675,a,5974.449368061461,41.53638460247116,232.85604202681097,91.22195460844141
2024-01-01 04:45:00,load_675_abc,675,b,6041.682434478488,25.766621192280194,32.64785743881061,28.80693303424465
2024-01-01 04:45:00,load_675_abc,675,c,5979.3413059997465,26.49035042253612,139.2335096655158,101.78449672099778
2024-01-01 04:45:00,load_692_c,692,c,5981.056544705001,35.20945192843547,81.61964359702652,72.49744813618237
2024-01-01 04:45:00,load_611_c,611,c,5977.673784640106,13.734437053965042,81.61964359702652,38.40924404565954
2024-01-01 05:00:00,load_634_abc,634,a,689.4425382764788,296.0327988423722,79.58331843429987,54.71353142358116
2024-01-01 05:00:00,load_634_abc,634,b,693.9620241205143,294.456698374865,59.6874888257249,44.765616619293674
2024-01-01 05:00:00,load_634_abc,634,c,690.5921506673991,292.9317896818612,59.6874888257249,44.765616619293674
2024-01-01 05:00:00,load_645_b,645,b,6022.003168946558,28.62737085773738,84.55727583644361,62.17446752679677
2024-01-01 05:00:00,load_646_b,646,b,6021.078856089747,12.652963730040007,114.40102024930607,65.6562377082974
2024-01-01 05:00:00,load_652_a,652,a,5967.803724068582,12.850114712602103,63.66665474743989,42.77603365843617
2024-01-01 05:00:00,load_671_abc,671,a,5971.864039272264,88.20852992987963,191.49735998253405,109.42706284716232
2024-01-01 05:00:00,load_671_abc,671,b,6035.2320785255615,39.21349671349226,191.49735998253405,109.42706284716232
2024-01-01 05:00:00,load_671_abc,671,c,5975.062967130794,81.6309377734245,191.49735998253405,109.42706284716232
2024-01-01 05:00:00,load_675_abc,675,a,5968.1322597396775,42.69935262597385,241.23693400397144,94.5051906407311
2024-01-01 05:00:00,load_675_abc,675,b,6037.897215607937,25.620040590957064,33.82291033457744,29.84374441286245
2024-01-01 05:00:00,load_675_abc,675,c,5973.22132080932,26.95187598891227,144.24476466216848,105.44789692544731
2024-01-01 05:00:00,load_692_c,692,c,5975.0454846288785,36.192993609775314,84.55727583644361,75.1067567723705
2024-01-01 05:00:00,load_611_c,611,c,5971.522324156124,14.264979385014202,84.55727583644361,39.791659217149935
2024-01-01 05:15:00,load_634_abc,634,a,688.7716138896403,296.300929364417,82.6507901232095,56.82241820970653
2024-01-01 05:15:00,load_634_abc,634,b,693.4754053166581,294.66096776967765,61.98809259240712,46.49106944430534
2024-01-01 05:15:00,load_634_abc,634,c,689.9685168358467,293.072836136697,61.98809259240712,46.49106944430534
2024-01-01 05:15:00,load_645_b,645,b,6017.608044649119,29.75369416857123,87.8164645059101,64.57092978375742
2024-01-01 05:15:00,load_646_b,646,b,6016.647286522235,13.15057831437332,118.81051080211365,68.18690185164785
2024-01-01 05:15:00,load_652_a,652,a,5960.80043639684,13.361195216165541,66.1206320985676,44.4247996912251
2024-01-01 05:15:00,load_671_abc,671,a,5965.030448388947,91.99339503880405,198.87846373397286,113.64483641941305
2024-01-01 05:15:00,load_671_abc,671,b,6030.962626982048,40.36420476545214,198.87846373397286,113.64483641941305
2024-01-01 05:15:00,load_671_abc,671,c,5968.37424355324,85.05665397521327,198.87846373397286,113.64483641941305
2024-01-01 05:15:00,load_675_abc,675,a,5961.100839906941,44.02182406937672,250.5352075609788,98.14781327131128
2024-01-01 05:15:00,load_675_abc,675,b,6033.684692949367,25.45969638398228,35.12658580236404,30.99404629620356
2024-01-01 05:15:00,load_675_abc,675,c,5966.410478395043,27.506438751796498,149.8045570983172,109.51229691325258
2024-01-01 05:15:00,load_692_c,692,c,5968.355747392564,37.322209600407746,87.8164645059101,78.00168317877896
2024-01-01 05:15:00,load_611_c,611,c,5964.676467159387,14.857595991944224,87.8164645059101,41.32539506160475
2024-01-01 05:30:00,load_634_abc,634,a,688.0415696232806,296.5922407148038,85.97600137116763,59.10850094267774
2024-01-01 05:30:00,load_634_abc,634,b,692.9460740522157,294.88276533806595,64.48200102837572,48.36150077128178
2024-01-01 05:30:00,load_634_abc,634,c,689.2900099109661,293.2257169836068,64.48200102837572,48.36150077128178
2024-01-01 05:30:00,load_645_b,645,b,6012.8274807447315,30.976700619323612,91.3495014568656,67.1687510712247
2024-01-01 05:30:00,load_646_b,646,b,6011.82714170839,13.690893254807243,123.59050197105347,70.9302011312133
2024-01-01 05:30:00,load_652_a,652,a,5953.18146180273,13.916640428387097,68.7808010969341,46.212100737002594
2024-01-01 05:30:00,load_671_abc,671,a,5957.595900353037,96.12790659904947,206.8797532993721,118.21700188535549
2024-01-01 05:30:00,load_671_abc,671,b,6026.318752365306,41.661761433937876,206.8797532993721,118.21700188535549
2024-01-01 05:30:00,load_671_abc,671,c,5961.098728623778,88.803022065746,206.8797532993721,118.21700188535549
2024-01-01 05:30:00,load_675_abc,675,a,5953.451269257176,45.49093797390574,260.6147541563518,102.09650162826156
2024-01-01 05:30:00,load_675_abc,675,b,6029.102702916536,25.288658615146776,36.539800582746246,32.24100051418786
2024-01-01 05:30:00,load_675_abc,675,c,5959.002273265139,28.15556624403697,155.83150248524132,113.9182018167971
2024-01-01 05:30:00,load_692_c,692,c,5961.079131015734,38.588087294662586,91.3495014568656,81.13985129403945
2024-01-01 05:30:00,load_611_c,611,c,5957.2301927874005,15.504432664753695,91.3495014568656,42.98800068558381
2024-01-01 05:45:00,load_634_abc,634,a,687.26636976907,296.9010616506771,89.49260758383865,61.52616771388907
2024-01-01 05:45:00,load_634_abc,634,b,692.384193635445,295.11774294780247,67.11945568787898,50.33959176590923
2024-01-01 05:45:00,load_634_abc,634,c,688.5696265356632,293.38737796327194,67.11945568787898,50.33959176590923
2024-01-01 05:45:00,load_645_b,645,b,6007.753338754021,32.27243557032758,95.08589555782856,69.91609967487395
2024-01-01 05:45:00,load_646_b,646,b,6006.7110568293265,14.263322497883113,128.64562340176806,73.8314012566669
2024-01-01 05:45:00,load_652_a,652,a,5945.09284234745,14.505681212274972,71.59408606707092,48.102276576313265
2024-01-01 05:45:00,load_671_abc,671,a,5949.702861344636,100.53345806087194,215.34158699861175,123.05233542777815
2024-01-01 05:45:00,load_671_abc,671,b,6021.389690349201,43.08629438739002,215.34158699861175,123.05233542777815
2024-01-01 05:45:00,load_671_abc,671,c,5953.376159995859,92.79916790011686,215.34158699861175,123.05233542777815
2024-01-01 05:45:00,load_675_abc,675,a,5945.330178198237,47.081780547571505,271.2744667385109,106.2724715058084
2024-01-01 05:45:00,load_675_abc,675,b,6024.239284428777,25.111007067992542,38.03435822313143,33.55972784393949
2024-01-01 05:45:00,load_675_abc,675,c,5951.139022318123,28.893227366364147,162.20535124570753,118.57770504858621
2024-01-01 05:45:00,load_692_c,692,c,5953.355394552873,39.970326959891466,95.08589555782856,84.45864840724772
2024-01-01 05:45:00,load_611_c,611,c,5949.3265527230205,16.19317036171593,95.08589555782856,44.746303791919324
2024-01-01 06:00:00,load_634_abc,634,a,686.4647891975542,297.2198406537657,93.11347169832601,64.01551179259914
2024-01-01 06:00:00,load_634_abc,634,b,691.8034009767059,295.3601322432528,69.8351037737445,52.37632783030838
2024-01-01 06:00:00,load_634_abc,634,c,687.8248274362055,293.5538102695013,69.8351037737445,52.37632783030838
2024-01-01 06:00:00,load_645_b,645,b,6002.5088212246055,33.609113647990704,98.9330636794714,72.7448997643172
2024-01-01 06:00:00,load_646_b,646,b,6001.423262159414,14.853821777112165,133.85061556634363,76.81861415111896
2024-01-01 06:00:00,load_652_a,652,a,5936.730697071986,15.113948503560513,74.49077735866081,50.048491037850226
2024-01-01 06:00:00,load_671_abc,671,a,5941.542679312423,105.10252564094377,224.05429127409695,128.03102358519828
2024-01-01 06:00:00,load_671_abc,671,b,6016.29512238039,44.6045718302328,224.05429127409695,128.03102358519828
2024-01-01 06:00:00,load_671_abc,671,c,5945.393986480909,96.94758620834578,224.05429127409695,128.03102358519828
2024-01-01 06:00:00,load_675_abc,675,a,5936.93447434386,48.75661509675608,282.2502110855507,110.57224764176215
2024-01-01 06:00:00,load_675_abc,675,b,6019.212519859291,24.931657589810865,39.573225471788554,34.91755188687225
2024-01-01 06:00:00,load_675_abc,675,c,5943.0116110462795,29.7042396242904,168.76816745321588,123.37535000028197
2024-01-01 06:00:00,load_692_c,692,c,5945.372015337404,41.43638332612772,98.9330636794714,87.87583891529518
2024-01-01 06:00:00,load_611_c,611,c,5941.157415332324,16.90701815394856,98.9330636794714,46.556735849163005
2024-01-01 06:15:00,load_634_abc,634,a,685.6599913648155,297.53933505513356,96.73315612895611,66.50404483865732
2024-01-01 06:15:00,load_634_abc,634,b,691.2204925114975,295.602895031515,72.54986709671707,54.412400322537806
2024-01-01 06:15:00,load_634_abc,634,c,687.0771413813155,293.7201659685305,72.54986709671707,54.412400322537806
2024-01-01 06:15:00,load_645_b,645,b,5997.245619973139,34.94794245232319,102.77897838701587,75.57277822574696
2024-01-01 06:15:00,load_646_b,646,b,5996.116704984606,15.4452531499075,139.0539119353744,79.80485380638878
2024-01-01 06:15:00,load_652_a,652,a,5928.33675456484,15.723824312859804,77.38652490316488,51.9940714193139
2024-01-01 06:15:00,load_671_abc,671,a,5933.3512331178135,109.70118962978866,232.76415693530063,133.00808967731464
2024-01-01 06:15:00,load_671_abc,671,b,6011.182405163235,46.17018763841836,232.76415693530063,133.00808967731464
2024-01-01 06:15:00,load_671_abc,671,c,5937.383043299693,101.12639786822571,232.76415693530063,133.00808967731464
2024-01-01 06:15:00,load_675_abc,675,a,5928.506856763985,50.465368730635035,293.2223795158982,114.87062290313538
2024-01-01 06:15:00,load_675_abc,675,b,6014.167802982774,24.756090260448147,41.11159135480635,36.27493354835853
2024-01-01 06:15:00,load_675_abc,675,c,5934.855083544547,30.563679329501362,175.32884548373292,128.17143187086683
2024-01-01 06:15:00,load_692_c,692,c,5937.359863527397,42.94176588487389,102.77897838701587,91.29191609670231
2024-01-01 06:15:00,load_611_c,611,c,5932.959032305054,17.625105361040358,102.77897838701587,48.366578064478055
2024-01-01 06:30:00,load_634_abc,634,a,684.8786569512406,297.84897399010373,100.23230105357062,68.90970697432981
2024-01-01 06:30:00,load_634_abc,634,b,690.6547862128194,295.83800450862833,75.17422579017797,56.38066934263348
2024-01-01 06:30:00,load_634_abc,634,c,686.3513524198154,293.88095999160606,75.17422579017797,56.38066934263348
2024-01-01 06:30:00,load_645_b,645,b,5992.138143350936,36.24466646150261,106.4968198694188,78.30648519810205
2024-01-01 06:30:00,load_646_b,646,b,5990.967227147218,16.018067507764233,144.08393276450778,82.69164836919578
2024-01-01 06:30:00,load_652_a,652,a,5920.189214448171,16.315125865000656,80.18584084285652,53.87486181629421
2024-01-01 06:30:00,load_671_abc,671,a,5925.400021195545,114.17443805024755,241.18397441015435,137.81941394865962
2024-01-01 06:30:00,load_671_abc,671,b,6006.220962430732,47.72535771734975,241.18397441015435,137.81941394865962
2024-01-01 06:30:00,load_671_abc,671,c,5929.608781663206,105.19419360891212,241.18397441015435,137.81941394865962
2024-01-01 06:30:00,load_675_abc,675,a,5920.326640533444,52.147539026219874,303.829162568636,119.02585750111514
2024-01-01 06:30:00,load_675_abc,675,b,6009.27230649982,24.59000935326929,42.59872794776752,37.587112895088985
2024-01-01 06:30:00,load_675_abc,675,c,5926.939707612842,31.437589345499298,181.67104565959676,132.8077988959811
2024-01-01 06:30:00,load_692_c,692,c,5929.584430322536,44.43176393416238,106.4968198694188,94.59423411930729
2024-01-01 06:30:00,load_611_c,611,c,5925.0030573609365,18.32330219819688,106.4968198694188,50.11615052678531
2024-01-01 06:45:00,load_634_abc,634,a,684.1496697318277,298.13738751656615,103.483723337767,71.14505979471483
2024-01-01 06:45:00,load_634_abc,634,b,690.1271664814703,296.05684990391416,77.61279250332524,58.209594377493936
2024-01-01 06:45:00,load_634_abc,634,c,685.6742774750445,294.0303508391934,77.61279250332524,58.209594377493936
2024-01-01 06:45:00,load_645_b,645,b,5987.3748874416815,37.45179224267151,109.95145604637744,80.84665885763047
2024-01-01 06:45:00,load_646_b,646,b,5986.164864303566,16.551287734029362,148.75785229804006,85.37407175365779
2024-01-01 06:45:00,load_652_a,652,a,5912.589021540385,16.86611079859276,82.7869786702136,55.622501294049755
2024-01-01 06:45:00,load_671_abc,671,a,5917.98276947246,118.35412242349715,249.00770928150183,142.29011958942965
2024-01-01 06:45:00,load_671_abc,671,b,6001.593902172145,49.20427212998457,249.00770928150183,142.29011958942965
2024-01-01 06:45:00,load_671_abc,671,c,5922.358146968728,108.99733852861252,249.00770928150183,142.29011958942965
2024-01-01 06:45:00,load_675_abc,675,a,5912.695975756771,53.735485721244395,313.6850363676062,122.88692146359831
2024-01-01 06:45:00,load_675_abc,675,b,6004.706711117922,24.438980234854007,43.98058241855097,38.80639625166262
2024-01-01 06:45:00,load_675_abc,675,c,5919.557612462174,32.285031874917664,187.56424854970265,137.11593342254127
2024-01-01 06:45:00,load_692_c,692,c,5922.33270416436,45.84454718204798,109.95145604637744,97.66276390001761
2024-01-01 06:45:00,load_611_c,611,c,5917.583115196124,18.97545066148025,109.95145604637744,51.7418616688835
2024-01-01 07:00:00,load_634_abc,634,a,683.5024223062511,298.3930730685888,106.35985205509962,73.12239828788098
2024-01-01 07:00:00,load_634_abc,634,b,689.6588589229992,296.25074131928,79.76988904132472,59.82741678099354
2024-01-01 07:00:00,load_634_abc,634,c,685.073193251426,294.1624820919781,79.76988904132472,59.82741678099354
2024-01-01 07:00:00,load_645_b,645,b,5983.147378349685,38.52136965837962,113.00734280854337,83.09363441804658
2024-01-01 07:00:00,load_646_b,646,b,5981.90269804777,17.02373705329494,152.89228732920571,87.7468779454572
2024-01-01 07:00:00,load_652_a,652,a,5905.842216891988,17.354750758983872,85.0878816440797,57.168420479616046
2024-01-01 07:00:00,load_671_abc,671,a,5911.398205251446,122.06909884584168,255.9283940075835,146.24479657576197
2024-01-01 07:00:00,load_671_abc,671,b,5997.487274512275,50.53770735770803,255.9283940075835,146.24479657576197
2024-01-01 07:00:00,load_671_abc,671,c,5915.922750937661,112.37929817339229,255.9283940075835,146.24479657576197
2024-01-01 07:00:00,load_675_abc,675,a,5905.922127981952,55.15887258034904,322.40330154202076,126.30232431543081
2024-01-01 07:00:00,load_675_abc,675,b,6000.654605631481,24.308094058822107,45.20293712341734,39.88494452066236
2024-01-01 07:00:00,load_675_abc,675,c,5913.0056571981395,33.061281268252365,192.77723184986806,140.926803973007
2024-01-01 07:00:00,load_692_c,692,c,5915.896340352715,47.115388716523405,113.00734280854337,100.37711037700026
2024-01-01 07:00:00,load_611_c,611,c,5910.997582334402,19.55493510469349,113.00734280854337,53.17992602754981
2024-01-01 07:15:00,load_634_abc,634,a,682.9648637839805,298.60514965339786,108.74092116882336,74.75938330356605
2024-01-01 07:15:00,load_634_abc,634,b,689.2700241252645,296.4114765963198,81.55569087661752,61.16676815746314
2024-01-01 07:15:00,load_634_abc,634,c,684.5740261954451,294.2718582104876,81.55569087661752,61.16676815746314
2024-01-01 07:15:00,load_645_b,645,b,5979.63749096627,39.408119548806454,115.53722874187483,84.95384466314324
2024-01-01 07:15:00,load_646_b,646,b,5978.364073052891,17.415420000764243,156.3150741801836,89.71125996427926
2024-01-01 07:15:00,load_652_a,652,a,5900.239641951552,17.76017948757591,86.99273693505869,58.448245128242554
2024-01-01 07:15:00,load_671_abc,671,a,5905.9302421433185,125.15676497704101,261.6578415624812,149.5187666071321
2024-01-01 07:15:00,load_671_abc,671,b,5994.077752841961,51.65842191946872,261.6578415624812,149.5187666071321
2024-01-01 07:15:00,load_671_abc,671,c,5910.579559997977,115.19125058513576,261.6578415624812,149.5187666071321
2024-01-01 07:15:00,load_675_abc,675,a,5900.297101378855,56.34985360607381,329.6209172929958,129.12984388797773
2024-01-01 07:15:00,load_675_abc,675,b,5997.290330169682,24.201703750932694,46.214891496749935,40.77784543830876
2024-01-01 07:15:00,load_675_abc,675,c,5907.5657749039765,33.721760768560856,197.09291961849232,144.08172054869095
2024-01-01 07:15:00,load_692_c,692,c,5910.55234656792,48.1815966438449,115.53722874187483,102.62424435307705
2024-01-01 07:15:00,load_611_c,611,c,5905.529831113286,20.036471264358116,115.53722874187483,54.37046058441168
2024-01-01 07:30:00,load_634_abc,634,a,682.5614646475058,298.76413224909686,110.52319843035332,75.9846989208679
2024-01-01 07:30:00,load_634_abc,634,b,688.9782965967938,296.53191943343853,82.89239882276497,62.169299117073734
2024-01-01 07:30:00,load_634_abc,634,c,684.1994679339606,294.35372129835616,82.89239882276497,62.169299117073734
2024-01-01 07:30:00,load_645_b,645,b,5977.004281505058,40.07262999854653,117.4308983322504,86.34624877371353
2024-01-01 07:30:00,load_646_b,646,b,5975.709325556158,17.708933341145524,158.8770977436329,91.1816387050415
2024-01-01 07:30:00,load_652_a,652,a,5896.03581552785,18.064186328971967,88.41855874428266,59.406219156314904
2024-01-01 07:30:00,load_671_abc,671,a,5901.82735286161,127.4749407610086,265.94644622303764,151.9693978417358
2024-01-01 07:30:00,load_671_abc,671,b,5991.51984314035,52.50675186373094,265.94644622303764,151.9693978417358
2024-01-01 07:30:00,load_671_abc,671,c,5906.570830560476,117.30301058904661,265.94644622303764,151.9693978417358
2024-01-01 07:30:00,load_675_abc,675,a,5896.076431586845,57.24847620633531,335.02344524200845,131.24629813604454
2024-01-01 07:30:00,load_675_abc,675,b,5994.766353087981,24.123254957732062,46.97235933290016,41.44619941138249
2024-01-01 07:30:00,load_675_abc,675,c,5903.484553645494,34.22622523379568,200.32329715501538,146.44323792021814
2024-01-01 07:30:00,load_692_c,692,c,5906.543015202875,48.987636844941605,117.4308983322504,104.30626851864594
2024-01-01 07:30:00,load_611_c,611,c,5901.427707068062,20.397950798813017,117.4308983322504,55.26159921517666
2024-01-01 07:45:00,load_634_abc,634,a,682.3113093925579,298.86264892613264,111.62646750146621,76.74319640725801
2024-01-01 07:45:00,load_634_abc,634,b,688.7974191089763,296.6065317466891,83.71985062609966,62.78988796957474
2024-01-01 07:45:00,load_634_abc,634,c,683.9672107563451,294.4043932709584,83.71985062609966,62.78988796957474
2024-01-01 07:45:00,load_645_b,645,b,5975.371685980577,40.48430445120473,118.60312172030785,87.20817773552048
2024-01-01 07:45:00,load_646_b,646,b,5974.063385716128,17.890767204199168,160.46304703335767,92.09183568870962
2024-01-01 07:45:00,load_652_a,652,a,5893.429161715725,18.252604225115114,89.30117400117298,59.99922628203808
2024-01-01 07:45:00,load_671_abc,671,a,5899.283257944549,128.91288675810392,268.60118742540305,153.48639281451602
2024-01-01 07:45:00,load_671_abc,671,b,5989.933934957382,53.03579023643811,268.60118742540305,153.48639281451602
2024-01-01 07:45:00,load_671_abc,671,c,5904.085353246595,118.61315565735771,268.60118742540305,153.48639281451602
2024-01-01 07:45:00,load_675_abc,675,a,5893.459335025259,57.807715515728724,338.36772961381945,132.55643015799112
2024-01-01 07:45:00,load_675_abc,675,b,5993.201477957495,24.075209090743417,47.44124868812314,41.85992531304983
2024-01-01 07:45:00,load_675_abc,675,c,5900.954152087371,34.54267388125443,202.32297234640748,147.90506943944274
2024-01-01 07:45:00,load_692_c,692,c,5904.057164859037,49.489888702160414,118.60312172030785,105.34747870450873
2024-01-01 07:45:00,load_611_c,611,c,5898.884347960707,20.622153669108712,118.60312172030785,55.813233750733104
2024-01-01 08:00:00,load_634_abc,634,a,682.2265348234754,298.89602263809434,112.00001295797682,77.00000890860906
2024-01-01 08:00:00,load_634_abc,634,b,688.7361268285416,296.63180365939525,84.0000097184826,63.00000728886196
2024-01-01 08:00:00,load_634_abc,634,c,683.8885039447305,294.42154928072586,84.0000097184826,63.00000728886196
2024-01-01 08:00:00,load_645_b,645,b,5974.818472514297,40.62374637027293,119.00001376785038,87.50001012341939
2024-01-01 08:00:00,load_646_b,646,b,5973.505652074355,17.952357395251187,161.0000186270917,92.40001069033087
2024-01-01 08:00:00,load_652_a,652,a,5892.54583603132,18.316439009651813,89.60001036638145,60.20000696491253
2024-01-01 08:00:00,load_671_abc,671,a,5898.421126797863,129.40025162399382,269.5000311801317,154.00001781721812
2024-01-01 08:00:00,load_671_abc,671,b,5989.396541982884,53.215573112684076,269.5000311801317,154.00001781721812
2024-01-01 08:00:00,load_671_abc,671,c,5903.243126400802,119.05724441514162,269.5000311801317,154.00001781721812
2024-01-01 08:00:00,load_675_abc,675,a,5892.572470789121,57.99756830085376,339.50003927886723,133.00001538759747
2024-01-01 08:00:00,load_675_abc,675,b,5992.671211235321,24.05903176753199,47.60000550714015,42.0000048592413
2024-01-01 08:00:00,load_675_abc,675,c,5900.096706039692,34.65052477204541,203.00002348633296,148.40001716931928
2024-01-01 08:00:00,load_692_c,692,c,5903.214811638941,49.66050001911842,119.00001376785038,105.70001222909062
2024-01-01 08:00:00,load_611_c,611,c,5898.022511564154,20.698139752707124,119.00001376785038,56.00000647898841
2024-01-01 08:15:00,load_634_abc,634,a,682.3113050573945,298.8626506348061,111.62648660596189,76.7432095415988
2024-01-01 08:15:00,load_634_abc,634,b,688.7974159744466,296.60653304110656,83.7198649544714,62.78989871585355
2024-01-01 08:15:00,load_634_abc,634,c,683.9672067314117,294.40439415038526,83.7198649544714,62.78989871585355
2024-01-01 08:15:00,load_645_b,645,b,5975.371657688999,40.484311582054445,118.60314201883452,87.20819266090773
2024-01-01 08:15:00,load_646_b,646,b,5974.063357193393,17.890770353862155,160.46307449607022,92.09185144991856
2024-01-01 08:15:00,load_652_a,652,a,5893.429116544549,18.252607489367342,89.3011892847695,59.99923655070451
2024-01-01 08:15:00,load_671_abc,671,a,5899.283213857174,128.91291167866598,268.6012333955958,153.4864190831976
2024-01-01 08:15:00,load_671_abc,671,b,5989.933907474249,53.0357994236546,268.6012333955958,153.4864190831976
2024-01-01 08:15:00,load_671_abc,671,c,5904.085310176454,118.61317836461947,268.6012333955958,153.4864190831976
2024-01-01 08:15:00,load_675_abc,675,a,5893.459289673145,57.807725219066896,338.36778752432195,132.55645284457972
2024-01-01 08:15:00,load_675_abc,675,b,5993.201450838763,24.075208262150934,47.441256807533804,41.8599324772357
2024-01-01 08:15:00,load_675_abc,675,c,5900.954108238969,34.54267938810794,202.3230069733059,147.9050947528995
2024-01-01 08:15:00,load_692_c,692,c,5904.057121782434,49.48989742202964,118.60314201883452,105.34749673437653
2024-01-01 08:15:00,load_611_c,611,c,5898.8843038878085,20.62215755438673,118.60314201883452,55.81324330298094
2024-01-01 08:30:00,load_634_abc,634,a,682.5614541122579,298.7641363973183,110.52324492786668,75.98473088790833
2024-01-01 08:30:00,load_634_abc,634,b,688.9782889788393,296.53192257496505,82.89243369590001,62.169325271925004
2024-01-01 08:30:00,load_634_abc,634,c,684.1994581523056,294.35372343181547,82.89243369590001,62.169325271925004
2024-01-01 08:30:00,load_645_b,645,b,5977.004212744653,40.07264734337773,117.43094773585834,86.34628509989584
2024-01-01 08:30:00,load_646_b,646,b,5975.709256233546,17.708941002247588,158.87716458380834,91.18167706549
2024-01-01 08:30:00,load_652_a,652,a,5896.035705745672,18.06419426616206,88.41859594229334,59.406244148728334
2024-01-01 08:30:00,load_671_abc,671,a,5901.827245714752,127.47500131468803,265.9465581076792,151.96946177581665
2024-01-01 08:30:00,load_671_abc,671,b,5991.51977634722,52.50677409717392,265.9465581076792,151.96946177581665
2024-01-01 08:30:00,load_671_abc,671,c,5906.570725878727,117.30306575710405,265.9465581076792,151.96946177581665
2024-01-01 08:30:00,load_675_abc,675,a,5896.076321364821,57.24849972821552,335.0235861875958,131.2463533518417
2024-01-01 08:30:00,load_675_abc,675,b,5994.766287180844,24.123252924506374,46.97237909434334,41.446216847950005
2024-01-01 08:30:00,load_675_abc,675,c,5903.484447071217,34.22623850413808,200.32338143175832,146.44329952942334
2024-01-01 08:30:00,load_692_c,692,c,5906.542910505411,48.98765796133989,117.43094773585834,104.30631240067417
2024-01-01 08:30:00,load_611_c,611,c,5901.427599947978,20.397960240840675,117.43094773585834,55.26162246393334
2024-01-01 08:45:00,load_634_abc,634,a,682.9648426513604,298.6051579881005,108.74101463536418,74.75944756181286
2024-01-01 08:45:00,load_634_abc,634,b,689.2700088411033,296.4114829123742,81.55576097652313,61.166820732392345
2024-01-01 08:45:00,load_634_abc,634,c,684.574006572963,294.2718625064186,81.55576097652313,61.166820732392345
2024-01-01 08:45:00,load_645_b,645,b,5979.6373530049505,39.408154380126476,115.53732805007445,84.95391768387826
2024-01-01 08:45:00,load_646_b,646,b,5978.363933962687,17.415435385819762,156.315208538336,89.71133707417545
2024-01-01 08:45:00,load_652_a,652,a,5900.23942171771,17.760195418330692,86.99281170829134,58.44829536650824
2024-01-01 08:45:00,load_671_abc,671,a,5905.930027198848,125.15688639245226,261.658066466345,149.51889512362573
2024-01-01 08:45:00,load_671_abc,671,b,5994.077618825302,51.65846619966882,261.658066466345,149.51889512362573
2024-01-01 08:45:00,load_671_abc,671,c,5910.579349974237,115.19136117666196,261.658066466345,149.51889512362573
2024-01-01 08:45:00,load_675_abc,675,a,5900.2968802625555,56.349900573667426,329.6212006134476,129.12995487949496
2024-01-01 08:45:00,load_675_abc,675,b,5997.290197931067,24.20169961008089,46.21493122002978,40.777880488261566
2024-01-01 08:45:00,load_675_abc,675,c,5907.565561081222,33.721787001119516,197.09308902659757,144.08184439185754
2024-01-01 08:45:00,load_692_c,692,c,5910.552136512636,48.18163873799353,115.53732805007445,102.62433256212495
2024-01-01 08:45:00,load_611_c,611,c,5905.529616195296,20.03649019798976,115.53732805007445,54.37050731768209
2024-01-01 09:00:00,load_634_abc,634,a,683.5023821453545,298.3930889239553,106.36003020341285,73.12252076484634
2024-01-01 09:00:00,load_634_abc,634,b,689.6588298695623,296.2507533395927,79.77002265255963,59.82751698941972
2024-01-01 09:00:00,load_634_abc,634,c,685.0731559570041,294.1624902774661,79.77002265255963,59.82751698941972
2024-01-01 09:00:00,load_645_b,645,b,5983.147116086693,38.521435960490706,113.00753209112615,83.09377359641628
2024-01-01 09:00:00,load_646_b,646,b,5981.902433636223,17.02376633966251,152.89254341740596,87.74702491781561
2024-01-01 09:00:00,load_652_a,652,a,5905.841798296145,17.354781062114625,85.08802416273029,57.168516234334405
2024-01-01 09:00:00,load_671_abc,671,a,5911.397796716971,122.0693294542874,255.92882267696214,146.24504152969268
2024-01-01 09:00:00,load_671_abc,671,b,5997.48701974899,50.53779065136863,255.92882267696214,146.24504152969268
2024-01-01 09:00:00,load_671_abc,671,c,5915.922351694967,112.37950815468032,255.92882267696214,146.24504152969268
2024-01-01 09:00:00,load_675_abc,675,a,5905.921707708457,55.15896126874455,322.4038415540952,126.30253586655277
2024-01-01 09:00:00,load_675_abc,675,b,6000.654354249767,24.308086031765146,45.20301283645046,39.885011326279816
2024-01-01 09:00:00,load_675_abc,675,c,5913.005250727761,33.06133009162216,192.77755474368578,140.92704001952202
2024-01-01 09:00:00,load_692_c,692,c,5915.895941050008,47.115468020511855,113.00753209112615,100.37727850447087
2024-01-01 09:00:00,load_611_c,611,c,5910.997173781314,19.554971072322832,113.00753209112615,53.180015101706424
2024-01-01 09:15:00,load_634_abc,634,a,684.149595318083,298.1374169328618,103.48405458507054,71.145287527236
2024-01-01 09:15:00,load_634_abc,634,b,690.1271126322379,296.0568722171863,77.61304093880291,58.20978070410217
2024-01-01 09:15:00,load_634_abc,634,c,685.6742083647952,294.0303660569528,77.61304093880291,58.20978070410217
2024-01-01 09:15:00,load_645_b,645,b,5987.374401318024,37.451915330570735,109.95180799663746,80.84691764458636
2024-01-01 09:15:00,load_646_b,646,b,5986.164374191878,16.55134210454457,148.7583284660389,85.37434503268321
2024-01-01 09:15:00,load_652_a,652,a,5912.588245799258,16.86616700794071,82.78724366805643,55.62267933947541
2024-01-01 09:15:00,load_671_abc,671,a,5917.982012394248,118.35454933562293,249.008506345326,142.290575054472
2024-01-01 09:15:00,load_671_abc,671,b,6001.593429949314,49.20442437252427,249.008506345326,142.290575054472
2024-01-01 09:15:00,load_671_abc,671,c,5922.357406973643,108.9977270854631,249.008506345326,142.290575054472
2024-01-01 09:15:00,load_675_abc,675,a,5912.695196905846,53.73564866356254,313.68604046099506,122.88731481977128
2024-01-01 09:15:00,load_675_abc,675,b,6004.706245166245,24.43896501280555,43.98072319865498,38.806520469401455
2024-01-01 09:15:00,load_675_abc,675,c,5919.556859057598,32.285119869367534,187.56484893544035,137.11637232521846
2024-01-01 09:15:00,load_692_c,692,c,5922.331964057941,45.8446924296977,109.95180799663746,97.66307651466032
2024-01-01 09:15:00,load_611_c,611,c,5917.5823579297485,18.97551726208128,109.95180799663746,51.74202729253527
2024-01-01 09:30:00,load_634_abc,634,a,684.8785215774525,297.84902759722195,100.23290603652087,68.91012290010809
2024-01-01 09:30:00,load_634_abc,634,b,690.6546882165337,295.8380451997493,75.17467952739064,56.38100964554298
2024-01-01 09:30:00,load_634_abc,634,c,686.3512266782817,293.88098779542076,75.17467952739064,56.38100964554298
2024-01-01 09:30:00,load_645_b,645,b,5992.137258626204,36.24489086993756,106.49746266380342,78.30695784103192
2024-01-01 09:30:00,load_646_b,646,b,5990.966335153092,16.018166636392305,144.08480242749874,82.6921474801297
2024-01-01 09:30:00,load_652_a,652,a,5920.187802950531,16.315228246303572,80.18632482921669,53.87518699462996
2024-01-01 09:30:00,load_671_abc,671,a,5925.3986436912,114.17521371642638,241.18543015037832,137.82024580021618
2024-01-01 09:30:00,load_671_abc,671,b,6006.220103002594,47.72562994475446,241.18543015037832,137.82024580021618
2024-01-01 09:30:00,load_671_abc,671,c,5929.607434963367,105.19489919928152,241.18543015037832,137.82024580021618
2024-01-01 09:30:00,load_675_abc,675,a,5920.325223375797,52.14783231558961,303.8309964232038,119.02657591836852
2024-01-01 09:30:00,load_675_abc,675,b,6009.271458491435,24.58998095391348,42.59898506552136,37.58733976369532
2024-01-01 09:30:00,load_675_abc,675,c,5926.938336482771,31.437743929919723,181.67214219119404,132.80860049839012
2024-01-01 09:30:00,load_692_c,692,c,5929.583083419866,44.43202434115275,106.49746266380342,94.59480507196656
2024-01-01 09:30:00,load_611_c,611,c,5925.001679199772,18.32342324322459,106.49746266380342,50.11645301826044
2024-01-01 09:45:00,load_634_abc,634,a,685.659749118688,297.5394311374207,96.73424329867512,66.50479226783915
2024-01-01 09:45:00,load_634_abc,634,b,691.2203170872712,295.60296801195915,72.55068247400634,54.413011855504756
2024-01-01 09:45:00,load_634_abc,634,c,687.0769163414907,293.7202159286512,72.55068247400634,54.413011855504756
2024-01-01 09:45:00,load_645_b,645,b,5997.244036094832,34.94834495936594,102.78013350484231,75.57362757708994
2024-01-01 09:45:00,load_646_b,646,b,5996.115108070342,15.445430955832519,139.05547474184547,79.80575072140697
2024-01-01 09:45:00,load_652_a,652,a,5928.334228232334,15.724007761911622,77.3873946389401,51.99465577303787
2024-01-01 09:45:00,load_671_abc,671,a,5933.348767695522,109.70257530371866,232.766772937437,133.0095845356783
2024-01-01 09:45:00,load_671_abc,671,b,6011.180866570903,46.170664643773755,232.766772937437,133.0095845356783
2024-01-01 09:45:00,load_671_abc,671,c,5937.380632478145,101.12765751605062,232.766772937437,133.0095845356783
2024-01-01 09:45:00,load_675_abc,675,a,5928.50432029791,50.46588686310381,293.22567499910895,114.8719139171767
2024-01-01 09:45:00,load_675_abc,675,b,6014.166284847436,24.7560380988716,41.11205340193693,36.27534123700317
2024-01-01 09:45:00,load_675_abc,675,c,5934.852628937294,30.56394443079579,175.33081597884865,128.17287237074453
2024-01-01 09:45:00,load_692_c,692,c,5937.357452342336,42.94222366522713,102.78013350484231,91.29294211312464
2024-01-01 09:45:00,load_611_c,611,c,5932.956565104895,17.62532168446804,102.78013350484231,48.36712164933756
2024-01-01 10:00:00,load_634_abc,634,a,686.4643625426235,297.22001017563423,93.11539480048127,64.01683392533087
2024-01-01 10:00:00,load_634_abc,634,b,691.8030918967063,295.36026109617217,69.83654610036095,52.37740957527071
2024-01-01 10:00:00,load_634_abc,634,c,687.8244310312203,293.55389865427685,69.83654610036095,52.37740957527071
2024-01-01 10:00:00,load_645_b,645,b,6002.506030365404,33.609824265786074,98.93510697551136,72.746402187876
2024-01-01 10:00:00,load_646_b,646,b,6001.420448290378,14.854135699296203,133.85338002569182,76.82020071039705
2024-01-01 10:00:00,load_652_a,652,a,5936.726246645485,15.114272043189251,74.49231584038502,50.04952470525868
2024-01-01 10:00:00,load_671_abc,671,a,5941.538336310648,105.10496079991239,224.05891873865806,128.03366785066174
2024-01-01 10:00:00,load_671_abc,671,b,6016.292411315806,44.60539130174685,224.05891873865806,128.03366785066174
2024-01-01 10:00:00,load_671_abc,671,c,5945.389738697991,96.94979814947884,224.05891873865806,128.03366785066174
2024-01-01 10:00:00,load_675_abc,675,a,5936.930006060078,48.757514034486555,282.25604048895883,110.57453132557151
2024-01-01 10:00:00,load_675_abc,675,b,6019.209844864252,24.931563314715603,39.574042790204544,34.918273050180474
2024-01-01 10:00:00,load_675_abc,675,c,5943.007286020772,29.704683618294855,168.7716530758723,123.37789811063767
2024-01-01 10:00:00,load_692_c,692,c,5945.3677669132385,41.437172862890655,98.93510697551136,87.87765384295419
2024-01-01 10:00:00,load_611_c,611,c,5941.153068107488,16.90739850269868,98.93510697551136,46.557697400240635
2024-01-01 10:15:00,load_634_abc,634,a,687.2656299869833,296.9013561121045,89.49595650940198,61.52847010021386
2024-01-01 10:15:00,load_634_abc,634,b,692.3836575210903,295.1179669247346,67.12196738205148,50.34147553653862
2024-01-01 10:15:00,load_634_abc,634,c,688.5689391106496,293.3875319068003,67.12196738205148,50.34147553653862
2024-01-01 10:15:00,load_645_b,645,b,6007.748497484976,32.27367067113056,95.0894537912396,69.9187160229703
2024-01-01 10:15:00,load_646_b,646,b,6006.706175576065,14.263868132071131,128.65043748226535,73.83416412025663
2024-01-01 10:15:00,load_652_a,652,a,5945.085124077109,14.50624296745153,71.59676520752159,48.10407662380356
2024-01-01 10:15:00,load_671_abc,671,a,5949.695329594577,100.5376689287397,215.34964535074852,123.05694020042772
2024-01-01 10:15:00,load_671_abc,671,b,6021.384987500552,43.08767519026441,215.34964535074852,123.05694020042772
2024-01-01 10:15:00,load_671_abc,671,c,5953.3687917158295,92.80298933116394,215.34964535074852,123.05694020042772
2024-01-01 10:15:00,load_675_abc,675,a,5945.322428948139,47.08331279471194,271.28461816912477,106.27644835491486
2024-01-01 10:15:00,load_675_abc,675,b,6024.234644190745,25.110839499493615,38.035781516495845,33.56098369102574
2024-01-01 10:15:00,load_675_abc,675,c,5951.131519889022,28.893953878224245,162.21142117329106,118.58214237495763
2024-01-01 10:15:00,load_692_c,692,c,5953.348025159219,39.97166341055724,95.0894537912396,84.46180895574813
2024-01-01 10:15:00,load_611_c,611,c,5949.319011767212,16.193828445308625,95.0894537912396,44.74797825470099
2024-01-01 10:30:00,load_634_abc,634,a,688.0403066209516,296.5927442908851,85.98174278344939,59.11244816362145
2024-01-01 10:30:00,load_634_abc,634,b,692.9451584416023,294.8831486295242,64.48630708758704,48.364730315690274
2024-01-01 10:30:00,load_634_abc,634,c,689.288836142197,293.22598093737196,64.48630708758704,48.364730315690274
2024-01-01 10:30:00,load_645_b,645,b,6012.819211870357,30.97881414979509,91.35560170741498,67.17323654956984
2024-01-01 10:30:00,load_646_b,646,b,6011.8188044260205,13.691826983305292,123.59875525120849,70.93493779634574
2024-01-01 10:30:00,load_652_a,652,a,5953.168281988008,13.917600764373576,68.78539422675951,46.21518674610404
2024-01-01 10:30:00,load_671_abc,671,a,5957.583039401494,96.13507236504965,206.89356857267506,118.2248963272429
2024-01-01 10:30:00,load_671_abc,671,b,6026.31071991579,41.66404461236867,206.89356857267506,118.2248963272429
2024-01-01 10:30:00,load_671_abc,671,c,5961.08614407108,88.8095185781194,206.89356857267506,118.2248963272429
2024-01-01 10:30:00,load_675_abc,675,a,5953.438036523687,45.493504948180785,260.63215781233095,102.10331955534615
2024-01-01 10:30:00,load_675_abc,675,b,6029.094777474856,25.28836583987699,36.542240682965996,32.24315354379352
2024-01-01 10:30:00,load_675_abc,675,c,5958.989459324455,28.15672859647686,155.841908795002,113.92580918807043
2024-01-01 10:30:00,load_692_c,692,c,5961.0665445588775,38.590308591263586,91.35560170741498,81.14526975188035
2024-01-01 10:30:00,load_611_c,611,c,5957.217313013272,15.505553312962508,91.35560170741498,42.990871391724696
2024-01-01 10:45:00,load_634_abc,634,a,688.7694905256037,296.3017773242773,82.66048059894231,56.82908041177284
2024-01-01 10:45:00,load_634_abc,634,b,693.4738654821061,294.66161358451734,61.995360449206736,46.49652033690505
2024-01-01 10:45:00,load_634_abc,634,c,689.9665432497429,293.0732816886924,61.995360449206736,46.49652033690505
2024-01-01 10:45:00,load_645_b,645,b,6017.594137388747,29.757255207931017,87.82676063637622,64.57850046792369
2024-01-01 10:45:00,load_646_b,646,b,6016.633264024647,13.152151576612686,118.82444086097958,68.1948964941274
2024-01-01 10:45:00,load_652_a,652,a,5960.778274146645,13.36281176326314,66.12838447915385,44.43000832193149
2024-01-01 10:45:00,load_671_abc,671,a,5965.008822888275,92.00539744413544,198.90178144120497,113.65816082354569
2024-01-01 10:45:00,load_671_abc,671,b,6030.949117374707,40.367912284721655,198.90178144120497,113.65816082354569
2024-01-01 10:45:00,load_671_abc,671,c,5968.353078489493,85.06752356211591,198.90178144120497,113.65816082354569
2024-01-01 10:45:00,load_675_abc,675,a,5961.078588644204,44.026053061668044,250.56458181554387,98.159320711244
2024-01-01 10:45:00,load_675_abc,675,b,6033.671363427528,25.459193702712263,35.13070425455049,30.997680224603368
2024-01-01 10:45:00,load_675_abc,675,c,5966.38892711037,27.50825926489772,149.82212108558292,109.52513679359856
2024-01-01 10:45:00,load_692_c,692,c,5968.334579122899,37.325837175128804,87.82676063637622,78.01082856525181
2024-01-01 10:45:00,load_611_c,611,c,5964.654805102369,14.859474494904132,87.82676063637622,41.33024029947116
2024-01-01 11:00:00,load_634_abc,634,a,689.4390226793648,296.03420485130914,79.59942063934011,54.724601689546326
2024-01-01 11:00:00,load_634_abc,634,b,693.9594738903762,294.4577698130356,59.699565479505075,44.774674109628805
2024-01-01 11:00:00,load_634_abc,634,c,690.5888826873171,292.9325301216134,59.699565479505075,44.774674109628805
2024-01-01 11:00:00,load_645_b,645,b,6021.980134578373,28.633278608822884,84.57438442929887,62.18704737448446
2024-01-01 11:00:00,load_646_b,646,b,6021.055630576628,12.655573834329406,114.4241671690514,65.66952202745559
2024-01-01 11:00:00,load_652_a,652,a,5967.767024053483,12.852794281711052,63.67953651147208,42.784688593645306
2024-01-01 11:00:00,load_671_abc,671,a,5971.828228970864,88.22832078244444,191.53610591341214,109.44920337909265
2024-01-01 11:00:00,load_671_abc,671,b,6035.20970280712,39.219414960091854,191.53610591341214,109.44920337909265
2024-01-01 11:00:00,load_671_abc,671,c,5975.027912714517,81.64884023066652,191.53610591341214,109.44920337909265
2024-01-01 11:00:00,load_675_abc,675,a,5968.095412279238,42.7062083050976,241.2857438129997,94.52431200921637
2024-01-01 11:00:00,load_675_abc,675,b,6037.875138332725,25.619192576591534,33.829753771719545,29.849782739752538
2024-01-01 11:00:00,load_675_abc,675,c,5973.185626063227,26.954672088567246,144.27394990880393,105.46923234712564
2024-01-01 11:00:00,load_692_c,692,c,5975.010424897574,36.198819333392514,84.57438442929887,75.12195322837722
2024-01-01 11:00:00,load_611_c,611,c,5971.486445865295,14.26807949372209,84.57438442929887,39.799710319670055
2024-01-01 11:15:00,load_634_abc,634,a,690.0394684215964,295.79390963805116,76.8448295420692,52.830820310172584
2024-01-01 11:15:00,load_634_abc,634,b,694.3950980127083,294.27460899366065,57.63362215655191,43.22521661741393
2024-01-01 11:15:00,load_634_abc,634,c,691.1470644695895,292.80585800784274,57.63362215655191,43.22521661741393
2024-01-01 11:15:00,load_645_b,645,b,6025.914928435815,27.623363314283022,81.64763138844854,60.03502307974158
2024-01-01 11:15:00,load_646_b,646,b,6025.023097665566,12.209377814147333,110.4644424667245,63.3969843722071
2024-01-01 11:15:00,load_652_a,652,a,5974.035698015848,12.394901348431155,61.47586363365538,41.3040958788622
2024-01-01 11:15:00,load_671_abc,671,a,5977.944865624679,84.85521212719961,184.90787108560406,105.66164062034517
2024-01-01 11:15:00,load_671_abc,671,b,6039.031981989123,38.22667139409632,184.90787108560406,105.66164062034517
2024-01-01 11:15:00,load_671_abc,671,c,5981.015937911062,78.59930859477006,184.90787108560406,105.66164062034517
2024-01-01 11:15:00,load_675_abc,675,a,5974.389274493918,41.54732841444364,232.9358895493973,91.2532350812072
2024-01-01 11:15:00,load_675_abc,675,b,6041.64642351573,25.765215617929623,32.65905255537942,28.816811078275954
2024-01-01 11:15:00,load_675_abc,675,c,5979.283082972693,26.494570657707264,139.28125354500045,101.8193991432417
2024-01-01 11:15:00,load_692_c,692,c,5980.999358412595,35.21866142277252,81.64763138844854,72.52230788032782
2024-01-01 11:15:00,load_611_c,611,c,5977.615262114395,13.739474783048852,81.64763138844854,38.4224147710346
2024-01-01 11:30:00,load_634_abc,634,a,690.565749822657,295.58303608282785,74.42315167056748,51.16591677351514
2024-01-01 11:30:00,load_634_abc,634,b,694.7770115389902,294.11379893166543,55.81736375292561,41.863022814694204
2024-01-01 11:30:00,load_634_abc,634,c,691.6363479409857,292.69448567785264,55.81736375292561,41.863022814694204
2024-01-01 11:30:00,load_645_b,645,b,6029.36477628498,26.736693641490042,79.07459864997796,58.14308724263084
2024-01-01 11:30:00,load_646_b,646,b,6028.501627286018,11.817624932827586,106.98328052644075,61.39910012821817
2024-01-01 11:30:00,load_652_a,652,a,5979.530926528909,11.993173035561004,59.53852133645399,40.002444022930014
2024-01-01 11:30:00,load_671_abc,671,a,5983.3067050121035,81.91160101988571,179.080708707303,102.33183354703029
2024-01-01 11:30:00,load_671_abc,671,b,6042.38317788481,37.388047588342516,179.080708707303,102.33183354703029
2024-01-01 11:30:00,load_671_abc,671,c,5986.265860984768,75.94113544001239,179.080708707303,102.33183354703029
2024-01-01 11:30:00,load_675_abc,675,a,5979.90658903747,40.552649067644204,225.59517850140767,88.37749260879887
2024-01-01 11:30:00,load_675_abc,675,b,6044.952888368307,25.895153506261437,31.629839459991178,27.908681876462804
2024-01-01 11:30:00,load_675_abc,675,c,5984.629031834684,26.121191318880218,134.89196240290354,98.61067596350192
2024-01-01 11:30:00,load_692_c,692,c,5986.250078508213,34.385528629337564,79.07459864997796,70.23684938909805
2024-01-01 11:30:00,load_611_c,611,c,5982.988714961171,13.277759647299838,79.07459864997796,37.21157583528374
2024-01-01 11:45:00,load_634_abc,634,a,691.0165165133051,295.4022282376662,72.34350319900663,49.73615844931706
2024-01-01 11:45:00,load_634_abc,634,b,695.1041960813586,293.9758610148252,54.25762739925497,40.69322054944123
2024-01-01 11:45:00,load_634_abc,634,c,692.0554593068483,292.59883622981346,54.25762739925497,40.69322054944123
2024-01-01 11:45:00,load_645_b,645,b,6032.320400885372,25.97613748001334,76.86497214894456,56.518361874223935
2024-01-01 11:45:00,load_646_b,646,b,6031.481851082198,11.481585687052652,103.99378584857203,59.683390139180474
2024-01-01 11:45:00,load_652_a,652,a,5984.238280527933,11.64879516439101,57.87480255920531,38.88463296946607
2024-01-01 11:45:00,load_671_abc,671,a,5987.899712011836,79.40127757385218,174.0765545726097,99.47231689863412
2024-01-01 11:45:00,load_671_abc,671,b,6045.25427974467,36.694914319982615,174.0765545726097,99.47231689863412
2024-01-01 11:45:00,load_671_abc,671,c,5990.763610877443,73.67675240839917,174.0765545726097,99.47231689863412
2024-01-01 11:45:00,load_675_abc,675,a,5984.632866688075,39.71761012700195,219.29124407198884,85.90791004882038
2024-01-01 11:45:00,load_675_abc,675,b,6047.785650963697,26.00788331537767,30.74598885957782,27.128813699627486
2024-01-01 11:45:00,load_675_abc,675,c,5989.209111412555,25.824635476988064,131.12259954819953,95.85514173868378
2024-01-01 11:45:00,load_692_c,692,c,5990.748511726946,33.69276073377756,76.86497214894456,68.27418114406251
2024-01-01 11:45:00,load_611_c,611,c,5987.592365487874,12.883651264852016,76.86497214894456,36.17175159950332
2024-01-01 12:00:00,load_634_abc,634,a,691.3933480169206,295.2509407452971,70.6010931690302,48.53825155370826
2024-01-01 12:00:00,load_634_abc,634,b,695.3777654095841,293.86040489180675,52.95081987677264,39.71311490757949
2024-01-01 12:00:00,load_634_abc,634,c,692.4058515287544,292.51869253571795,52.95081987677264,39.71311490757949
2024-01-01 12:00:00,load_645_b,645,b,6034.7917962657275,25.33953940406286,75.01366149209458,55.15710403830484
2024-01-01 12:00:00,load_646_b,646,b,6033.973834213161,11.200310675808876,101.4890714304809,58.24590186444991
2024-01-01 12:00:00,load_652_a,652,a,5988.173971181873,11.36069467730166,56.48087453522416,37.94808757835372
2024-01-01 12:00:00,load_671_abc,671,a,5991.739741677561,77.31137130881953,169.8838804379789,97.07650310741651
2024-01-01 12:00:00,load_671_abc,671,b,6047.654997161268,36.13441006770079,169.8838804379789,97.07650310741651
2024-01-01 12:00:00,load_671_abc,671,c,5994.524432487921,71.79354611209149,169.8838804379789,97.07650310741651
2024-01-01 12:00:00,load_675_abc,675,a,5988.584381891428,39.03234566175101,214.00956366862275,83.83879813822335
2024-01-01 12:00:00,load_675_abc,675,b,6050.154298676861,26.103132466138394,30.005464596837836,26.47540993838632
2024-01-01 12:00:00,load_675_abc,675,c,5993.038817397725,25.593808306024815,127.96448136886721,93.546448448965
2024-01-01 12:00:00,load_692_c,692,c,5994.509905057025,33.12935944088333,75.01366149209458,66.62978167827224
2024-01-01 12:00:00,load_611_c,611,c,5991.441785844551,12.555262041775404,75.01366149209458,35.3005465845151
2024-01-01 12:15:00,load_634_abc,634,a,691.6998761140393,295.12778685642485,69.18115301329283,47.56204269663882
2024-01-01 12:15:00,load_634_abc,634,b,695.6003298044234,293.7663928972875,51.88586475996962,38.914398569977216
2024-01-01 12:15:00,load_634_abc,634,c,692.6908889904971,292.4533778823192,51.88586475996962,38.914398569977216
2024-01-01 12:15:00,load_645_b,645,b,6036.802488867583,24.821177185000426,73.50497507662364,54.04777579163502
2024-01-01 12:15:00,load_646_b,646,b,6036.001289322259,10.971273981914697,99.44790745660845,57.074451235966585
2024-01-01 12:15:00,load_652_a,652,a,5991.375698770001,11.126203561226793,55.34492241063426,37.18486974464489
2024-01-01 12:15:00,load_671_abc,671,a,5994.863608551739,75.61778459265543,166.46714943823588,95.12408539327764
2024-01-01 12:15:00,load_671_abc,671,b,6049.60818508729,35.69185594156183,166.46714943823588,95.12408539327764
2024-01-01 12:15:00,load_671_abc,671,c,5997.584153871006,70.26887322568764,166.46714943823588,95.12408539327764
2024-01-01 12:15:00,load_675_abc,675,a,5991.79898495667,38.48402852661877,209.70537007154388,82.15261920328523
2024-01-01 12:15:00,load_675_abc,675,b,6052.081387244749,26.181285140908777,29.401990030649454,25.94293237998481
2024-01-01 12:15:00,load_675_abc,675,c,5996.1546111381895,25.41786563508642,125.39083983659324,91.66502774261299
2024-01-01 12:15:00,load_692_c,692,c,5997.570091815738,32.68222753937227,73.50497507662364,65.28971315629511
2024-01-01 12:15:00,load_611_c,611,c,5994.573622390512,12.288935289375225,73.50497507662364,34.590576506646414
2024-01-01 12:30:00,load_634_abc,634,a,691.940904463177,295.03089131312817,68.06298774156353,46.79330407232493
2024-01-01 12:30:00,load_634_abc,634,b,695.7753570331556,293.69240926856406,51.04724080617266,38.28543060462949
2024-01-01 12:30:00,load_634_abc,634,c,692.9150289477255,292.4019422898595,51.04724080617266,38.28543060462949
2024-01-01 12:30:00,load_645_b,645,b,6038.383765226288,24.413245161731837,72.31692447541127,53.174209173096514
2024-01-01 12:30:00,load_646_b,646,b,6037.595756236612,10.791028551389088,97.8405448784976,56.151964886789926
2024-01-01 12:30:00,load_652_a,652,a,5993.893460408573,10.941730743703904,54.45039019325083,36.5838559110904
2024-01-01 12:30:00,load_671_abc,671,a,5997.320117485047,74.29046591450948,163.77656425313728,93.58660814464986
2024-01-01 12:30:00,load_671_abc,671,b,6051.14423644012,35.35264586531031,163.77656425313728,93.58660814464986
2024-01-01 12:30:00,load_671_abc,671,c,5999.9904036325415,69.0748842588461,163.77656425313728,93.58660814464986
2024-01-01 12:30:00,load_675_abc,675,a,5994.3268728507865,38.05887933180698,206.3159315916145,80.8247979431067
2024-01-01 12:30:00,load_675_abc,675,b,6053.596908181017,26.243160147066813,28.926769790164506,25.52362040308633
2024-01-01 12:30:00,load_675_abc,675,c,5998.604976411625,25.287137952843057,123.36416528158391,90.1834587575717
2024-01-01 12:30:00,load_692_c,692,c,5999.976707711316,32.337984292392456,72.31692447541127,64.2344446811006
2024-01-01 12:30:00,load_611_c,611,c,5997.036606466302,12.080061154063928,72.31692447541127,34.031493870781766
2024-01-01 12:45:00,load_634_abc,634,a,692.1215875785748,294.95822188786127,67.22382381789981,46.216378874806125
2024-01-01 12:45:00,load_634_abc,634,b,695.906575539156,293.6369137679088,50.41786786342486,37.81340089756864
2024-01-01 12:45:00,load_634_abc,634,c,693.0830577472822,292.36333958635953,50.41786786342486,37.81340089756864
2024-01-01 12:45:00,load_645_b,645,b,6039.56927908287,24.107251825181883,71.42531280651856,52.51861235773423
2024-01-01 12:45:00,load_646_b,646,b,6038.791163911231,10.655823757456634,96.63424673823098,55.45965464976735
2024-01-01 12:45:00,load_652_a,652,a,5995.780969508463,10.80339246793461,53.77905905431985,36.13280530212114
2024-01-01 12:45:00,load_671_abc,671,a,5999.161692406296,73.29815442422736,161.75732606182143,92.43275774961225
2024-01-01 12:45:00,load_671_abc,671,b,6052.295843383629,35.10359179666808,161.75732606182143,92.43275774961225
2024-01-01 12:45:00,load_671_abc,671,c,6001.794406156968,68.18282512348884,161.75732606182143,92.43275774961225
2024-01-01 12:45:00,load_675_abc,675,a,5996.221974124822,37.743764695845115,203.7722159480088,79.82829078375603
2024-01-01 12:45:00,load_675_abc,675,b,6054.733120168768,26.28978652025813,28.570125122607422,25.20893393171243
2024-01-01 12:45:00,load_675_abc,675,c,6000.44206380143,25.193614835926166,121.84318066994341,89.07156655871725
2024-01-01 12:45:00,load_692_c,692,c,6001.780984818662,32.08431488637331,71.42531280651856,63.442483728142946
2024-01-01 12:45:00,load_611_c,611,c,5998.883155695861,11.923815794655505,71.42531280651856,33.61191190894991
2024-01-01 13:00:00,load_634_abc,634,a,692.246715206893,294.9078798051901,66.64220464775919,45.816515695334445
2024-01-01 13:00:00,load_634_abc,634,b,695.9974537375937,293.59846425031077,49.98165348581939,37.48624011436454
2024-01-01 13:00:00,load_634_abc,634,c,693.1994248515814,292.33658371949787,49.98165348581939,37.48624011436454
2024-01-01 13:00:00,load_645_b,645,b,6040.390345077783,23.89524645068748,70.80734243824415,52.06422238106187
2024-01-01 13:00:00,load_646_b,646,b,6039.6190845029,10.562147474767906,95.79816918115384,54.97981883440134
2024-01-01 13:00:00,load_652_a,652,a,5997.08817194572,10.707564001823068,53.313763718207355,35.82018499817057
2024-01-01 13:00:00,load_671_abc,671,a,6000.437075688238,72.61237151884225,160.35780493367054,91.63303139066889
2024-01-01 13:00:00,load_671_abc,671,b,6053.093425609856,34.933803574600574,160.35780493367054,91.63303139066889
2024-01-01 13:00:00,load_671_abc,671,c,6003.0438216116945,67.56662570233057,160.35780493367054,91.63303139066889
2024-01-01 13:00:00,load_675_abc,675,a,5997.534434932145,37.52739271605325,202.00918283852005,79.13761801921405
2024-01-01 13:00:00,load_675_abc,675,b,6055.52003865892,26.322197988510105,28.322936975297658,24.990826742909697
2024-01-01 13:00:00,load_675_abc,675,c,6001.714398583961,25.131122918501,120.78899592406353,88.30092115828093
2024-01-01 13:00:00,load_692_c,692,c,6003.030590487477,31.910902202750357,70.80734243824415,62.89358063632274
2024-01-01 13:00:00,load_611_c,611,c,6000.162044225235,11.815787689578434,70.80734243824415,33.32110232387959
2024-01-01 13:15:00,load_634_abc,634,a,692.3201333444167,294.87833543391537,66.30076012660037,45.58177258703776
2024-01-01 13:15:00,load_634_abc,634,b,696.0507784654392,293.57589748694994,49.72557009495028,37.29417757121271
2024-01-01 13:15:00,load_634_abc,634,c,693.2677038939115,292.32087623320484,49.72557009495028,37.29417757121271
2024-01-01 13:15:00,load_645_b,645,b,6040.872128031828,23.77081607505039,70.4445576345129,51.79746884890654
2024-01-01 13:15:00,load_646_b,646,b,6040.104890461107,10.507166692233378,95.30734268198803,54.69812710444531
2024-01-01 13:15:00,load_652_a,652,a,5997.855188605776,10.651327226669094,53.0406081012803,35.6366585680477
2024-01-01 13:15:00,load_671_abc,671,a,6001.185419315796,72.21054947740336,159.53620405463215,91.16354517407552
2024-01-01 13:15:00,load_671_abc,671,b,6053.561428648671,34.83522148279014,159.53620405463215,91.16354517407552
2024-01-01 13:15:00,load_671_abc,671,c,6003.776948526518,67.20569195207656,159.53620405463215,91.16354517407552
2024-01-01 13:15:00,load_675_abc,675,a,5998.304537148033,37.401156395456006,200.97417913375736,78.73215265033795
2024-01-01 13:15:00,load_675_abc,675,b,6055.98178390065,26.341261482012985,28.17782305380516,24.86278504747514
2024-01-01 13:15:00,load_675_abc,675,c,6002.460976076276,25.09532999639,120.17012772946318,87.8485071677455
2024-01-01 13:15:00,load_692_c,692,c,6003.76382903194,31.81002902988049,70.4445576345129,62.571342369479105
2024-01-01 13:15:00,load_611_c,611,c,6000.912467553793,11.75247181670751,70.4445576345129,33.15038006330018
2024-01-01 13:30:00,load_634_abc,634,a,692.3443210386911,294.86860098093126,66.1882413648268,45.504415938318424
2024-01-01 13:30:00,load_634_abc,634,b,696.0683467350304,293.568461765708,49.64118102362009,37.23088576771507
2024-01-01 13:30:00,load_634_abc,634,c,693.29019868633,292.3156999965718,49.64118102362009,37.23088576771507
2024-01-01 13:30:00,load_645_b,645,b,6041.030856178436,23.729816332603406,70.32500645012847,51.70956356627093
2024-01-01 13:30:00,load_646_b,646,b,6040.264944168994,10.489050518248801,95.14559696193851,54.60529912598211
2024-01-01 13:30:00,load_652_a,652,a,5998.107886548121,10.632798364466161,52.95059309186144,35.5761797335944
2024-01-01 13:30:00,load_671_abc,671,a,6001.43196487517,72.0782609347614,159.26545578411447,91.00883187663685
2024-01-01 13:30:00,load_671_abc,671,b,6053.715616837705,34.80291358515713,159.26545578411447,91.00883187663685
2024-01-01 13:30:00,load_671_abc,671,c,6004.018484128861,67.08688398931349,159.26545578411447,91.00883187663685
2024-01-01 13:30:00,load_675_abc,675,a,5998.558251667465,37.35968542494904,200.63310663713122,78.59853662073182
2024-01-01 13:30:00,load_675_abc,675,b,6056.133910306255,26.34754944489547,28.13000258005139,24.820590511810046
2024-01-01 13:30:00,load_675_abc,675,c,6002.706943433696,25.083680200678604,119.96618747374856,87.6994198083955
2024-01-01 13:30:00,load_692_c,692,c,6004.005401414418,31.776939579678892,70.32500645012847,62.465152788055285
2024-01-01 13:30:00,load_611_c,611,c,6001.159701999763,11.731623750282317,70.32500645012847,33.0941206824134
2024-01-01 13:45:00,load_634_abc,634,a,692.3201333444167,294.87833543391537,66.30076012660037,45.58177258703776
2024-01-01 13:45:00,load_634_abc,634,b,696.0507784654392,293.57589748694994,49.72557009495028,37.29417757121271
2024-01-01 13:45:00,load_634_abc,634,c,693.2677038939115,292.32087623320484,49.72557009495028,37.29417757121271
2024-01-01 13:45:00,load_645_b,645,b,6040.872128031828,23.77081607505039,70.4445576345129,51.79746884890654
2024-01-01 13:45:00,load_646_b,646,b,6040.104890461107,10.507166692233378,95.30734268198803,54.69812710444531
2024-01-01 13:45:00,load_652_a,652,a,5997.855188605776,10.651327226669094,53.0406081012803,35.6366585680477
2024-01-01 13:45:00,load_671_abc,671,a,6001.185419315796,72.21054947740336,159.53620405463215,91.16354517407552
2024-01-01 13:45:00,load_671_abc,671,b,6053.561428648671,34.83522148279014,159.53620405463215,91.16354517407552
2024-01-01 13:45:00,load_671_abc,671,c,6003.776948526518,67.20569195207656,159.53620405463215,91.16354517407552
2024-01-01 13:45:00,load_675_abc,675,a,5998.304537148033,37.401156395456006,200.97417913375736,78.73215265033795
2024-01-01 13:45:00,load_675_abc,675,b,6055.98178390065,26.341261482012985,28.17782305380516,24.86278504747514
2024-01-01 13:45:00,load_675_abc,675,c,6002.460976076276,25.09532999639,120.17012772946318,87.8485071677455
2024-01-01 13:45:00,load_692_c,692,c,6003.76382903194,31.81002902988049,70.4445576345129,62.571342369479105
2024-01-01 13:45:00,load_611_c,611,c,6000.912467553793,11.75247181670751,70.4445576345129,33.15038006330018
2024-01-01 14:00:00,load_634_abc,634,a,692.246715206893,294.9078798051901,66.64220464775919,45.816515695334445
2024-01-01 14:00:00,load_634_abc,634,b,695.9974537375937,293.59846425031077,49.98165348581939,37.48624011436454
2024-01-01 14:00:00,load_634_abc,634,c,693.1994248515814,292.33658371949787,49.98165348581939,37.48624011436454
2024-01-01 14:00:00,load_645_b,645,b,6040.390345077783,23.89524645068748,70.80734243824415,52.06422238106187
2024-01-01 14:00:00,load_646_b,646,b,6039.6190845029,10.562147474767906,95.79816918115384,54.97981883440134
2024-01-01 14:00:00,load_652_a,652,a,5997.08817194572,10.707564001823068,53.313763718207355,35.82018499817057
2024-01-01 14:00:00,load_671_abc,671,a,6000.437075688238,72.61237151884225,160.35780493367054,91.63303139066889
2024-01-01 14:00:00,load_671_abc,671,b,6053.093425609856,34.933803574600574,160.35780493367054,91.63303139066889
2024-01-01 14:00:00,load_671_abc,671,c,6003.0438216116945,67.56662570233057,160.35780493367054,91.63303139066889
2024-01-01 14:00:00,load_675_abc,675,a,5997.534434932145,37.52739271605325,202.00918283852005,79.13761801921405
2024-01-01 14:00:00,load_675_abc,675,b,6055.52003865892,26.322197988510105,28.322936975297658,24.990826742909697
2024-01-01 14:00:00,load_675_abc,675,c,6001.714398583961,25.131122918501,120.78899592406353,88.30092115828093
2024-01-01 14:00:00,load_692_c,692,c,6003.030590487477,31.910902202750357,70.80734243824415,62.89358063632274
2024-01-01 14:00:00,load_611_c,611,c,6000.162044225235,11.815787689578434,70.80734243824415,33.32110232387959
2024-01-01 14:15:00,load_634_abc,634,a,692.1215875785748,294.95822188786127,67.22382381789981,46.216378874806125
2024-01-01 14:15:00,load_634_abc,634,b,695.906575539156,293.6369137679088,50.41786786342486,37.81340089756864
2024-01-01 14:15:00,load_634_abc,634,c,693.0830577472822,292.36333958635953,50.41786786342486,37.81340089756864
2024-01-01 14:15:00,load_645_b,645,b,6039.56927908287,24.107251825181883,71.42531280651856,52.51861235773423
2024-01-01 14:15:00,load_646_b,646,b,6038.791163911231,10.655823757456634,96.63424673823098,55.45965464976735
2024-01-01 14:15:00,load_652_a,652,a,5995.780969508463,10.80339246793461,53.77905905431985,36.13280530212114
2024-01-01 14:15:00,load_671_abc,671,a,5999.161692406296,73.29815442422736,161.75732606182143,92.43275774961225
2024-01-01 14:15:00,load_671_abc,671,b,6052.295843383629,35.10359179666808,161.75732606182143,92.43275774961225
2024-01-01 14:15:00,load_671_abc,671,c,6001.794406156968,68.18282512348884,161.75732606182143,92.43275774961225
2024-01-01 14:15:00,load_675_abc,675,a,5996.221974124822,37.743764695845115,203.7722159480088,79.82829078375603
2024-01-01 14:15:00,load_675_abc,675,b,6054.733120168768,26.28978652025813,28.570125122607422,25.20893393171243
2024-01-01 14:15:00,load_675_abc,675,c,6000.44206380143,25.193614835926166,121.84318066994341,89.07156655871725
2024-01-01 14:15:00,load_692_c,692,c,6001.780984818662,32.08431488637331,71.42531280651856,63.442483728142946
2024-01-01 14:15:00,load_611_c,611,c,5998.883155695861,11.923815794655505,71.42531280651856,33.61191190894991
2024-01-01 14:30:00,load_634_abc,634,a,691.940904463177,295.03089131312817,68.06298774156353,46.79330407232493
2024-01-01 14:30:00,load_634_abc,634,b,695.7753570331556,293.69240926856406,51.04724080617266,38.28543060462949
2024-01-01 14:30:00,load_634_abc,634,c,692.9150289477255,292.4019422898595,51.04724080617266,38.28543060462949
2024-01-01 14:30:00,load_645_b,645,b,6038.383765226288,24.413245161731837,72.31692447541127,53.174209173096514
2024-01-01 14:30:00,load_646_b,646,b,6037.595756236612,10.791028551389088,97.8405448784976,56.151964886789926
2024-01-01 14:30:00,load_652_a,652,a,5993.893460408573,10.941730743703904,54.45039019325083,36.5838559110904
2024-01-01 14:30:00,load_671_abc,671,a,5997.320117485047,74.29046591450948,163.77656425313728,93.58660814464986
2024-01-01 14:30:00,load_671_abc,671,b,6051.14423644012,35.35264586531031,163.77656425313728,93.58660814464986
2024-01-01 14:30:00,load_671_abc,671,c,5999.9904036325415,69.0748842588461,163.77656425313728,93.58660814464986
2024-01-01 14:30:00,load_675_abc,675,a,5994.3268728507865,38.05887933180698,206.3159315916145,80.8247979431067
2024-01-01 14:30:00,load_675_abc,675,b,6053.596908181017,26.243160147066813,28.926769790164506,25.52362040308633
2024-01-01 14:30:00,load_675_abc,675,c,5998.604976411625,25.287137952843057,123.36416528158391,90.1834587575717
2024-01-01 14:30:00,load_692_c,692,c,5999.976707711316,32.337984292392456,72.31692447541127,64.2344446811006
2024-01-01 14:30:00,load_611_c,611,c,5997.036606466302,12.080061154063928,72.31692447541127,34.031493870781766
2024-01-01 14:45:00,load_634_abc,634,a,691.6998761140393,295.12778685642485,69.18115301329283,47.56204269663882
2024-01-01 14:45:00,load_634_abc,634,b,695.6003298044234,293.7663928972875,51.88586475996962,38.914398569977216
2024-01-01 14:45:00,load_634_abc,634,c,692.6908889904971,292.4533778823192,51.88586475996962,38.914398569977216
2024-01-01 14:45:00,load_645_b,645,b,6036.802488867583,24.821177185000426,73.50497507662364,54.04777579163502
2024-01-01 14:45:00,load_646_b,646,b,6036.001289322259,10.971273981914697,99.44790745660845,57.074451235966585
2024-01-01 14:45:00,load_652_a,652,a,5991.375698770001,11.126203561226793,55.34492241063426,37.18486974464489
2024-01-01 14:45:00,load_671_abc,671,a,5994.863608551739,75.61778459265543,166.46714943823588,95.12408539327764
2024-01-01 14:45:00,load_671_abc,671,b,6049.60818508729,35.69185594156183,166.46714943823588,95.12408539327764
2024-01-01 14:45:00,load_671_abc,671,c,5997.584153871006,70.26887322568764,166.46714943823588,95.12408539327764
2024-01-01 14:45:00,load_675_abc,675,a,5991.79898495667,38.48402852661877,209.70537007154388,82.15261920328523
2024-01-01 14:45:00,load_675_abc,675,b,6052.081387244749,26.181285140908777,29.401990030649454,25.94293237998481
2024-01-01 14:45:00,load_675_abc,675,c,5996.1546111381895,25.41786563508642,125.39083983659324,91.66502774261299
2024-01-01 14:45:00,load_692_c,692,c,5997.570091815738,32.68222753937227,73.50497507662364,65.28971315629511
2024-01-01 14:45:00,load_611_c,611,c,5994.573622390512,12.288935289375225,73.50497507662364,34.590576506646414
2024-01-01 15:00:00,load_634_abc,634,a,691.3933480169206,295.2509407452971,70.6010931690302,48.53825155370826
2024-01-01 15:00:00,load_634_abc,634,b,695.3777654095841,293.86040489180675,52.95081987677264,39.71311490757949
2024-01-01 15:00:00,load_634_abc,634,c,692.4058515287544,292.51869253571795,52.95081987677264,39.71311490757949
2024-01-01 15:00:00,load_645_b,645,b,6034.7917962657275,25.33953940406286,75.01366149209458,55.15710403830484
2024-01-01 15:00:00,load_646_b,646,b,6033.973834213161,11.200310675808876,101.4890714304809,58.24590186444991
2024-01-01 15:00:00,load_652_a,652,a,5988.173971181873,11.36069467730166,56.48087453522416,37.94808757835372
2024-01-01 15:00:00,load_671_abc,671,a,5991.739741677561,77.31137130881953,169.8838804379789,97.07650310741651
2024-01-01 15:00:00,load_671_abc,671,b,6047.654997161268,36.13441006770079,169.8838804379789,97.07650310741651
2024-01-01 15:00:00,load_671_abc,671,c,5994.524432487921,71.79354611209149,169.8838804379789,97.07650310741651
2024-01-01 15:00:00,load_675_abc,675,a,5988.584381891428,39.03234566175101,214.00956366862275,83.83879813822335
2024-01-01 15:00:00,load_675_abc,675,b,6050.154298676861,26.103132466138394,30.005464596837836,26.47540993838632
2024-01-01 15:00:00,load_675_abc,675,c,5993.038817397725,25.593808306024815,127.96448136886721,93.546448448965
2024-01-01 15:00:00,load_692_c,692,c,5994.509905057025,33.12935944088333,75.01366149209458,66.62978167827224
2024-01-01 15:00:00,load_611_c,611,c,5991.441785844551,12.555262041775404,75.01366149209458,35.3005465845151
2024-01-01 15:15:00,load_634_abc,634,a,691.0165165133051,295.4022282376662,72.34350319900663,49.73615844931706
2024-01-01 15:15:00,load_634_abc,634,b,695.1041960813586,293.9758610148252,54.25762739925497,40.69322054944123
2024-01-01 15:15:00,load_634_abc,634,c,692.0554593068483,292.59883622981346,54.25762739925497,40.69322054944123
2024-01-01 15:15:00,load_645_b,645,b,6032.320400885372,25.97613748001334,76.86497214894456,56.518361874223935
2024-01-01 15:15:00,load_646_b,646,b,6031.481851082198,11.481585687052652,103.99378584857203,59.683390139180474
2024-01-01 15:15:00,load_652_a,652,a,5984.238280527933,11.64879516439101,57.87480255920531,38.88463296946607
2024-01-01 15:15:00,load_671_abc,671,a,5987.899712011836,79.40127757385218,174.0765545726097,99.47231689863412
2024-01-01 15:15:00,load_671_abc,671,b,6045.25427974467,36.694914319982615,174.0765545726097,99.47231689863412
2024-01-01 15:15:00,load_671_abc,671,c,5990.763610877443,73.67675240839917,174.0765545726097,99.47231689863412
2024-01-01 15:15:00,load_675_abc,675,a,5984.632866688075,39.71761012700195,219.29124407198884,85.90791004882038
2024-01-01 15:15:00,load_675_abc,675,b,6047.785650963697,26.00788331537767,30.74598885957782,27.128813699627486
2024-01-01 15:15:00,load_675_abc,675,c,5989.209111412555,25.824635476988064,131.12259954819953,95.85514173868378
2024-01-01 15:15:00,load_692_c,692,c,5990.748511726946,33.69276073377756,76.86497214894456,68.27418114406251
2024-01-01 15:15:00,load_611_c,611,c,5987.592365487874,12.883651264852016,76.86497214894456,36.17175159950332
2024-01-01 15:30:00,load_634_abc,634,a,690.565749822657,295.58303608282785,74.42315167056748,51.16591677351514
2024-01-01 15:30:00,load_634_abc,634,b,694.7770115389902,294.11379893166543,55.81736375292561,41.863022814694204
2024-01-01 15:30:00,load_634_abc,634,c,691.6363479409857,292.69448567785264,55.81736375292561,41.863022814694204
2024-01-01 15:30:00,load_645_b,645,b,6029.36477628498,26.736693641490042,79.07459864997796,58.14308724263084
2024-01-01 15:30:00,load_646_b,646,b,6028.501627286018,11.817624932827586,106.98328052644075,61.39910012821817
2024-01-01 15:30:00,load_652_a,652,a,5979.530926528909,11.993173035561004,59.53852133645399,40.002444022930014
2024-01-01 15:30:00,load_671_abc,671,a,5983.3067050121035,81.91160101988571,179.080708707303,102.33183354703029
2024-01-01 15:30:00,load_671_abc,671,b,6042.38317788481,37.388047588342516,179.080708707303,102.33183354703029
2024-01-01 15:30:00,load_671_abc,671,c,5986.265860984768,75.94113544001239,179.080708707303,102.33183354703029
2024-01-01 15:30:00,load_675_abc,675,a,5979.90658903747,40.552649067644204,225.59517850140767,88.37749260879887
2024-01-01 15:30:00,load_675_abc,675,b,6044.952888368307,25.895153506261437,31.629839459991178,27.908681876462804
2024-01-01 15:30:00,load_675_abc,675,c,5984.629031834684,26.121191318880218,134.89196240290354,98.61067596350192
2024-01-01 15:30:00,load_692_c,692,c,5986.250078508213,34.385528629337564,79.07459864997796,70.23684938909805
2024-01-01 15:30:00,load_611_c,611,c,5982.988714961171,13.277759647299838,79.07459864997796,37.21157583528374
2024-01-01 15:45:00,load_634_abc,634,a,690.0394684215964,295.79390963805116,76.8448295420692,52.830820310172584
2024-01-01 15:45:00,load_634_abc,634,b,694.3950980127083,294.27460899366065,57.63362215655191,43.22521661741393
2024-01-01 15:45:00,load_634_abc,634,c,691.1470644695895,292.80585800784274,57.63362215655191,43.22521661741393
2024-01-01 15:45:00,load_645_b,645,b,6025.914928435815,27.623363314283022,81.64763138844854,60.03502307974158
2024-01-01 15:45:00,load_646_b,646,b,6025.023097665566,12.209377814147333,110.4644424667245,63.3969843722071
2024-01-01 15:45:00,load_652_a,652,a,5974.035698015848,12.394901348431155,61.47586363365538,41.3040958788622
2024-01-01 15:45:00,load_671_abc,671,a,5977.944865624679,84.85521212719961,184.90787108560406,105.66164062034517
2024-01-01 15:45:00,load_671_abc,671,b,6039.031981989123,38.22667139409632,184.90787108560406,105.66164062034517
2024-01-01 15:45:00,load_671_abc,671,c,5981.015937911062,78.59930859477006,184.90787108560406,105.66164062034517
2024-01-01 15:45:00,load_675_abc,675,a,5974.389274493918,41.54732841444364,232.9358895493973,91.2532350812072
2024-01-01 15:45:00,load_675_abc,675,b,6041.64642351573,25.765215617929623,32.65905255537942,28.816811078275954
2024-01-01 15:45:00,load_675_abc,675,c,5979.283082972693,26.494570657707264,139.28125354500045,101.8193991432417
2024-01-01 15:45:00,load_692_c,692,c,5980.999358412595,35.21866142277252,81.64763138844854,72.52230788032782
2024-01-01 15:45:00,load_611_c,611,c,5977.615262114395,13.739474783048852,81.64763138844854,38.4224147710346
2024-01-01 16:00:00,load_634_abc,634,a,689.4390226793648,296.03420485130914,79.59942063934011,54.724601689546326
2024-01-01 16:00:00,load_634_abc,634,b,693.9594738903762,294.4577698130356,59.699565479505075,44.774674109628805
2024-01-01 16:00:00,load_634_abc,634,c,690.5888826873171,292.9325301216134,59.699565479505075,44.774674109628805
2024-01-01 16:00:00,load_645_b,645,b,6021.980134578373,28.633278608822884,84.57438442929887,62.18704737448446
2024-01-01 16:00:00,load_646_b,646,b,6021.055630576628,12.655573834329406,114.4241671690514,65.66952202745559
2024-01-01 16:00:00,load_652_a,652,a,5967.767024053483,12.852794281711052,63.67953651147208,42.784688593645306
2024-01-01 16:00:00,load_671_abc,671,a,5971.828228970864,88.22832078244444,191.53610591341214,109.44920337909265
2024-01-01 16:00:00,load_671_abc,671,b,6035.20970280712,39.219414960091854,191.53610591341214,109.44920337909265
2024-01-01 16:00:00,load_671_abc,671,c,5975.027912714517,81.64884023066652,191.53610591341214,109.44920337909265
2024-01-01 16:00:00,load_675_abc,675,a,5968.095412279238,42.7062083050976,241.2857438129997,94.52431200921637
2024-01-01 16:00:00,load_675_abc,675,b,6037.875138332725,25.619192576591534,33.829753771719545,29.849782739752538
2024-01-01 16:00:00,load_675_abc,675,c,5973.185626063227,26.954672088567246,144.27394990880393,105.46923234712564
2024-01-01 16:00:00,load_692_c,692,c,5975.010424897574,36.198819333392514,84.57438442929887,75.12195322837722
2024-01-01 16:00:00,load_611_c,611,c,5971.486445865295,14.26807949372209,84.57438442929887,39.799710319670055
2024-01-01 16:15:00,load_634_abc,634,a,688.7694905256037,296.3017773242773,82.66048059894231,56.82908041177284
2024-01-01 16:15:00,load_634_abc,634,b,693.4738654821061,294.66161358451734,61.995360449206736,46.49652033690505
2024-01-01 16:15:00,load_634_abc,634,c,689.9665432497429,293.0732816886924,61.995360449206736,46.49652033690505
2024-01-01 16:15:00,load_645_b,645,b,6017.594137388747,29.757255207931017,87.82676063637622,64.57850046792369
2024-01-01 16:15:00,load_646_b,646,b,6016.633264024647,13.152151576612686,118.82444086097958,68.1948964941274
2024-01-01 16:15:00,load_652_a,652,a,5960.778274146645,13.36281176326314,66.12838447915385,44.43000832193149
2024-01-01 16:15:00,load_671_abc,671,a,5965.008822888275,92.00539744413544,198.90178144120497,113.65816082354569
2024-01-01 16:15:00,load_671_abc,671,b,6030.949117374707,40.367912284721655,198.90178144120497,113.65816082354569
2024-01-01 16:15:00,load_671_abc,671,c,5968.353078489493,85.06752356211591,198.90178144120497,113.65816082354569
2024-01-01 16:15:00,load_675_abc,675,a,5961.078588644204,44.026053061668044,250.56458181554387,98.159320711244
2024-01-01 16:15:00,load_675_abc,675,b,6033.671363427528,25.459193702712263,35.13070425455049,30.997680224603368
2024-01-01 16:15:00,load_675_abc,675,c,5966.38892711037,27.50825926489772,149.82212108558292,109.52513679359856
2024-01-01 16:15:00,load_692_c,692,c,5968.334579122899,37.325837175128804,87.82676063637622,78.01082856525181
2024-01-01 16:15:00,load_611_c,611,c,5964.654805102369,14.859474494904132,87.82676063637622,41.33024029947116
2024-01-01 16:30:00,load_634_abc,634,a,688.0403066209516,296.5927442908851,85.98174278344939,59.11244816362145
2024-01-01 16:30:00,load_634_abc,634,b,692.9451584416023,294.8831486295242,64.48630708758704,48.364730315690274
2024-01-01 16:30:00,load_634_abc,634,c,689.288836142197,293.22598093737196,64.48630708758704,48.364730315690274
2024-01-01 16:30:00,load_645_b,645,b,6012.819211870357,30.97881414979509,91.35560170741498,67.17323654956984
2024-01-01 16:30:00,load_646_b,646,b,6011.8188044260205,13.691826983305292,123.59875525120849,70.93493779634574
2024-01-01 16:30:00,load_652_a,652,a,5953.168281988008,13.917600764373576,68.78539422675951,46.21518674610404
2024-01-01 16:30:00,load_671_abc,671,a,5957.583039401494,96.13507236504965,206.89356857267506,118.2248963272429
2024-01-01 16:30:00,load_671_abc,671,b,6026.31071991579,41.66404461236867,206.89356857267506,118.2248963272429
2024-01-01 16:30:00,load_671_abc,671,c,5961.08614407108,88.8095185781194,206.89356857267506,118.2248963272429
2024-01-01 16:30:00,load_675_abc,675,a,5953.438036523687,45.493504948180785,260.63215781233095,102.10331955534615
2024-01-01 16:30:00,load_675_abc,675,b,6029.094777474856,25.28836583987699,36.542240682965996,32.24315354379352
2024-01-01 16:30:00,load_675_abc,675,c,5958.989459324455,28.15672859647686,155.841908795002,113.92580918807043
2024-01-01 16:30:00,load_692_c,692,c,5961.0665445588775,38.590308591263586,91.35560170741498,81.14526975188035
2024-01-01 16:30:00,load_611_c,611,c,5957.217313013272,15.505553312962508,91.35560170741498,42.990871391724696
2024-01-01 16:45:00,load_634_abc,634,a,687.2656299869833,296.9013561121045,89.49595650940198,61.52847010021386
2024-01-01 16:45:00,load_634_abc,634,b,692.3836575210903,295.1179669247346,67.12196738205148,50.34147553653862
2024-01-01 16:45:00,load_634_abc,634,c,688.5689391106496,293.3875319068003,67.12196738205148,50.34147553653862
2024-01-01 16:45:00,load_645_b,645,b,6007.748497484976,32.27367067113056,95.0894537912396,69.9187160229703
2024-01-01 16:45:00,load_646_b,646,b,6006.706175576065,14.263868132071131,128.65043748226535,73.83416412025663
2024-01-01 16:45:00,load_652_a,652,a,5945.085124077109,14.50624296745153,71.59676520752159,48.10407662380356
2024-01-01 16:45:00,load_671_abc,671,a,5949.695329594577,100.5376689287397,215.34964535074852,123.05694020042772
2024-01-01 16:45:00,load_671_abc,671,b,6021.384987500552,43.08767519026441,215.34964535074852,123.05694020042772
2024-01-01 16:45:00,load_671_abc,671,c,5953.3687917158295,92.80298933116394,215.34964535074852,123.05694020042772
2024-01-01 16:45:00,load_675_abc,675,a,5945.322428948139,47.08331279471194,271.28461816912477,106.27644835491486
2024-01-01 16:45:00,load_675_abc,675,b,6024.234644190745,25.110839499493615,38.035781516495845,33.56098369102574
2024-01-01 16:45:00,load_675_abc,675,c,5951.131519889022,28.893953878224245,162.21142117329106,118.58214237495763
2024-01-01 16:45:00,load_692_c,692,c,5953.348025159219,39.97166341055724,95.0894537912396,84.46180895574813
2024-01-01 16:45:00,load_611_c,611,c,5949.319011767212,16.193828445308625,95.0894537912396,44.74797825470099
2024-01-01 17:00:00,load_634_abc,634,a,686.4643625426235,297.22001017563423,93.11539480048127,64.01683392533087
2024-01-01 17:00:00,load_634_abc,634,b,691.8030918967063,295.36026109617217,69.83654610036095,52.37740957527071
2024-01-01 17:00:00,load_634_abc,634,c,687.8244310312203,293.55389865427685,69.83654610036095,52.37740957527071
2024-01-01 17:00:00,load_645_b,645,b,6002.506030365404,33.609824265786074,98.93510697551136,72.746402187876
2024-01-01 17:00:00,load_646_b,646,b,6001.420448290378,14.854135699296203,133.85338002569182,76.82020071039705
2024-01-01 17:00:00,load_652_a,652,a,5936.726246645485,15.114272043189251,74.49231584038502,50.04952470525868
2024-01-01 17:00:00,load_671_abc,671,a,5941.538336310648,105.10496079991239,224.05891873865806,128.03366785066174
2024-01-01 17:00:00,load_671_abc,671,b,6016.292411315806,44.60539130174685,224.05891873865806,128.03366785066174
2024-01-01 17:00:00,load_671_abc,671,c,5945.389738697991,96.94979814947884,224.05891873865806,128.03366785066174
2024-01-01 17:00:00,load_675_abc,675,a,5936.930006060078,48.757514034486555,282.25604048895883,110.57453132557151
2024-01-01 17:00:00,load_675_abc,675,b,6019.209844864252,24.931563314715603,39.574042790204544,34.918273050180474
2024-01-01 17:00:00,load_675_abc,675,c,5943.007286020772,29.704683618294855,168.7716530758723,123.37789811063767
2024-01-01 17:00:00,load_692_c,692,c,5945.3677669132385,41.437172862890655,98.93510697551136,87.87765384295419
2024-01-01 17:00:00,load_611_c,611,c,5941.153068107488,16.90739850269868,98.93510697551136,46.557697400240635
2024-01-01 17:15:00,load_634_abc,634,a,685.6597491187382,297.53943113718805,96.7342432986751,66.50479226783914
2024-01-01 17:15:00,load_634_abc,634,b,691.2203170873133,295.6029680117208,72.55068247400632,54.41301185550474
2024-01-01 17:15:00,load_634_abc,634,c,687.0769163415389,293.72021592843873,72.55068247400632,54.41301185550474
2024-01-01 17:15:00,load_645_b,645,b,5997.2440360952305,34.94834495933187,102.7801335048423,75.57362757708992
2024-01-01 17:15:00,load_646_b,646,b,5996.115108070741,15.445430955810602,139.05547474184547,79.80575072140695
2024-01-01 17:15:00,load_652_a,652,a,5928.334228232873,15.72400776193359,77.38739463894008,51.99465577303786
2024-01-01 17:15:00,load_671_abc,671,a,5933.348767696059,109.70257530285075,232.76677293743697,133.00958453567827
2024-01-01 17:15:00,load_671_abc,671,b,6011.180866571336,46.17066464286551,232.76677293743697,133.00958453567827
2024-01-01 17:15:00,load_671_abc,671,c,5937.380632478672,101.1276575151661,232.76677293743697,133.00958453567827
2024-01-01 17:15:00,load_675_abc,675,a,5928.504320298453,50.46588686308096,293.2256749991089,114.87191391717668
2024-01-01 17:15:00,load_675_abc,675,b,6014.166284847864,24.756038098850446,41.112053401936926,36.27534123700316
2024-01-01 17:15:00,load_675_abc,675,c,5934.852628937821,30.563944430800433,175.33081597884862,128.1728723707445
2024-01-01 17:15:00,load_692_c,692,c,5937.357452342864,42.94222366594674,102.7801335048423,91.29294211312462
2024-01-01 17:15:00,load_611_c,611,c,5932.956565105426,17.62532168446553,102.7801335048423,48.36712164933755
2024-01-01 17:30:00,load_634_abc,634,a,684.8785215774525,297.84902759722195,100.23290603652087,68.91012290010809
2024-01-01 17:30:00,load_634_abc,634,b,690.6546882165337,295.8380451997493,75.17467952739064,56.38100964554298
2024-01-01 17:30:00,load_634_abc,634,c,686.3512266782817,293.88098779542076,75.17467952739064,56.38100964554298
2024-01-01 17:30:00,load_645_b,645,b,5992.137258626204,36.24489086993756,106.49746266380342,78.30695784103192
2024-01-01 17:30:00,load_646_b,646,b,5990.966335153092,16.018166636392305,144.08480242749874,82.6921474801297
2024-01-01 17:30:00,load_652_a,652,a,5920.187802950531,16.315228246303572,80.18632482921669,53.87518699462996
2024-01-01 17:30:00,load_671_abc,671,a,5925.3986436912,114.17521371642638,241.18543015037832,137.82024580021618
2024-01-01 17:30:00,load_671_abc,671,b,6006.220103002594,47.72562994475446,241.18543015037832,137.82024580021618
2024-01-01 17:30:00,load_671_abc,671,c,5929.607434963367,105.19489919928152,241.18543015037832,137.82024580021618
2024-01-01 17:30:00,load_675_abc,675,a,5920.325223375797,52.14783231558961,303.8309964232038,119.02657591836852
2024-01-01 17:30:00,load_675_abc,675,b,6009.271458491435,24.58998095391348,42.59898506552136,37.58733976369532
2024-01-01 17:30:00,load_675_abc,675,c,5926.938336482771,31.437743929919723,181.67214219119404,132.80860049839012
2024-01-01 17:30:00,load_692_c,692,c,5929.583083419866,44.43202434115275,106.49746266380342,94.59480507196656
2024-01-01 17:30:00,load_611_c,611,c,5925.001679199772,18.32342324322459,106.49746266380342,50.11645301826044
2024-01-01 17:45:00,load_634_abc,634,a,684.149595318083,298.1374169328618,103.48405458507054,71.145287527236
2024-01-01 17:45:00,load_634_abc,634,b,690.1271126322379,296.0568722171863,77.61304093880291,58.20978070410217
2024-01-01 17:45:00,load_634_abc,634,c,685.6742083647952,294.0303660569528,77.61304093880291,58.20978070410217
2024-01-01 17:45:00,load_645_b,645,b,5987.374401318024,37.451915330570735,109.95180799663746,80.84691764458636
2024-01-01 17:45:00,load_646_b,646,b,5986.164374191878,16.55134210454457,148.7583284660389,85.37434503268321
2024-01-01 17:45:00,load_652_a,652,a,5912.588245799258,16.86616700794071,82.78724366805643,55.62267933947541
2024-01-01 17:45:00,load_671_abc,671,a,5917.982012394248,118.35454933562293,249.008506345326,142.290575054472
2024-01-01 17:45:00,load_671_abc,671,b,6001.593429949314,49.20442437252427,249.008506345326,142.290575054472
2024-01-01 17:45:00,load_671_abc,671,c,5922.357406973643,108.9977270854631,249.008506345326,142.290575054472
2024-01-01 17:45:00,load_675_abc,675,a,5912.695196905846,53.73564866356254,313.68604046099506,122.88731481977128
2024-01-01 17:45:00,load_675_abc,675,b,6004.706245166245,24.43896501280555,43.98072319865498,38.806520469401455
2024-01-01 17:45:00,load_675_abc,675,c,5919.556859057598,32.285119869367534,187.56484893544035,137.11637232521846
2024-01-01 17:45:00,load_692_c,692,c,5922.331964057941,45.8446924296977,109.95180799663746,97.66307651466032
2024-01-01 17:45:00,load_611_c,611,c,5917.5823579297485,18.97551726208128,109.95180799663746,51.74202729253527
2024-01-01 18:00:00,load_634_abc,634,a,683.5023821453545,298.3930889239553,106.36003020341285,73.12252076484634
2024-01-01 18:00:00,load_634_abc,634,b,689.6588298695623,296.2507533395927,79.77002265255963,59.82751698941972
2024-01-01 18:00:00,load_634_abc,634,c,685.0731559570041,294.1624902774661,79.77002265255963,59.82751698941972
2024-01-01 18:00:00,load_645_b,645,b,5983.147116086693,38.521435960490706,113.00753209112615,83.09377359641628
2024-01-01 18:00:00,load_646_b,646,b,5981.902433636223,17.02376633966251,152.89254341740596,87.74702491781561
2024-01-01 18:00:00,load_652_a,652,a,5905.841798296145,17.354781062114625,85.08802416273029,57.168516234334405
2024-01-01 18:00:00,load_671_abc,671,a,5911.397796716971,122.0693294542874,255.92882267696214,146.24504152969268
2024-01-01 18:00:00,load_671_abc,671,b,5997.48701974899,50.53779065136863,255.92882267696214,146.24504152969268
2024-01-01 18:00:00,load_671_abc,671,c,5915.922351694967,112.37950815468032,255.92882267696214,146.24504152969268
2024-01-01 18:00:00,load_675_abc,675,a,5905.921707708457,55.15896126874455,322.4038415540952,126.30253586655277
2024-01-01 18:00:00,load_675_abc,675,b,6000.654354249767,24.308086031765146,45.20301283645046,39.885011326279816
2024-01-01 18:00:00,load_675_abc,675,c,5913.005250727761,33.06133009162216,192.77755474368578,140.92704001952202
2024-01-01 18:00:00,load_692_c,692,c,5915.895941050008,47.115468020511855,113.00753209112615,100.37727850447087
2024-01-01 18:00:00,load_611_c,611,c,5910.997173781314,19.554971072322832,113.00753209112615,53.180015101706424
2024-01-01 18:15:00,load_634_abc,634,a,682.9648426514117,298.60515798834416,108.74101463536421,74.75944756181288
2024-01-01 18:15:00,load_634_abc,634,b,689.2700088411539,296.41148291263676,81.55576097652315,61.16682073239236
2024-01-01 18:15:00,load_634_abc,634,c,684.5740065730138,294.2718625066335,81.55576097652315,61.16682073239236
2024-01-01 18:15:00,load_645_b,645,b,5979.637353005412,39.408154380140594,115.53732805007446,84.95391768387827
2024-01-01 18:15:00,load_646_b,646,b,5978.363933963146,17.415435385820686,156.31520853833604,89.71133707417546
2024-01-01 18:15:00,load_652_a,652,a,5900.239421718251,17.76019541832592,86.99281170829136,58.448295366508255
2024-01-01 18:15:00,load_671_abc,671,a,5905.930027199391,125.1568863924371,261.6580664663451,149.51889512362575
2024-01-01 18:15:00,load_671_abc,671,b,5994.077618825832,51.65846619975901,261.6580664663451,149.51889512362575
2024-01-01 18:15:00,load_671_abc,671,c,5910.579349974773,115.19136117666474,261.6580664663451,149.51889512362575
2024-01-01 18:15:00,load_675_abc,675,a,5900.296880263099,56.34990057363417,329.6212006134477,129.129954879495
2024-01-01 18:15:00,load_675_abc,675,b,5997.290197931597,24.2016996100785,46.21493122002979,40.77788048826157
2024-01-01 18:15:00,load_675_abc,675,c,5907.565561081761,33.72178700108858,197.0930890265976,144.08184439185757
2024-01-01 18:15:00,load_692_c,692,c,5910.552136513172,48.181638740558206,115.53732805007446,102.62433256212496
2024-01-01 18:15:00,load_611_c,611,c,5905.529616195833,20.03649019798843,115.53732805007446,54.370507317682105
2024-01-01 18:30:00,load_634_abc,634,a,682.5614541127129,298.76413639912755,110.52324492786666,75.98473088790833
2024-01-01 18:30:00,load_634_abc,634,b,688.9782889792982,296.5319225767927,82.8924336959,62.16932527192499
2024-01-01 18:30:00,load_634_abc,634,c,684.1994581527604,294.3537234337391,82.8924336959,62.16932527192499
2024-01-01 18:30:00,load_645_b,645,b,5977.00421274839,40.07264734332209,117.43094773585833,86.34628509989582
2024-01-01 18:30:00,load_646_b,646,b,5975.709256237284,17.7089410022575,158.8771645838083,91.18167706548999
2024-01-01 18:30:00,load_652_a,652,a,5896.035705749045,18.064194266156047,88.41859594229332,59.40624414872832
2024-01-01 18:30:00,load_671_abc,671,a,5901.827245718126,127.47500131582501,265.94655810767915,151.96946177581665
2024-01-01 18:30:00,load_671_abc,671,b,5991.519776350652,52.50677409812807,265.94655810767915,151.96946177581665
2024-01-01 18:30:00,load_671_abc,671,c,5906.570725882105,117.30306575821987,265.94655810767915,151.96946177581665
2024-01-01 18:30:00,load_675_abc,675,a,5896.076321368197,57.2484997281906,335.02358618759575,131.24635335184166
2024-01-01 18:30:00,load_675_abc,675,b,5994.766287184286,24.123252924552972,46.97237909434333,41.44621684795
2024-01-01 18:30:00,load_675_abc,675,c,5903.484447074603,34.22623850411305,200.3233814317583,146.4432995294233
2024-01-01 18:30:00,load_692_c,692,c,5906.542910508793,48.98765795889447,117.43094773585833,104.30631240067414
2024-01-01 18:30:00,load_611_c,611,c,5901.427599951358,20.397960240844096,117.43094773585833,55.26162246393333
2024-01-01 18:45:00,load_634_abc,634,a,682.3113050572987,298.86265063481056,111.62648660596186,76.74320954159879
2024-01-01 18:45:00,load_634_abc,634,b,688.7974159743513,296.6065330411057,83.71986495447139,62.78989871585355
2024-01-01 18:45:00,load_634_abc,634,c,683.9672067313152,294.4043941503816,83.71986495447139,62.78989871585355
2024-01-01 18:45:00,load_645_b,645,b,5975.371657688301,40.48431158207248,118.60314201883449,87.20819266090771
2024-01-01 18:45:00,load_646_b,646,b,5974.063357192696,17.890770353867467,160.4630744960702,92.09185144991855
2024-01-01 18:45:00,load_652_a,652,a,5893.42911654432,18.25260748936548,89.30118928476949,59.9992365507045
2024-01-01 18:45:00,load_671_abc,671,a,5899.283213856944,128.9129116780914,268.6012333955957,153.48641908319757
2024-01-01 18:45:00,load_671_abc,671,b,5989.9339074740265,53.0357994236359,268.6012333955957,153.48641908319757
2024-01-01 18:45:00,load_671_abc,671,c,5904.085310176222,118.61317836413737,268.6012333955957,153.48641908319757
2024-01-01 18:45:00,load_675_abc,675,a,5893.459289672916,57.8077252190556,338.3677875243219,132.5564528445797
2024-01-01 18:45:00,load_675_abc,675,b,5993.201450838538,24.075208262169987,47.4412568075338,41.859932477235695
2024-01-01 18:45:00,load_675_abc,675,c,5900.954108238736,34.54267938811918,202.3230069733059,147.9050947528995
2024-01-01 18:45:00,load_692_c,692,c,5904.057121782203,49.489897418700885,118.60314201883449,105.3474967343765
2024-01-01 18:45:00,load_611_c,611,c,5898.884303887577,20.622157554374674,118.60314201883449,55.81324330298093
2024-01-01 19:00:00,load_634_abc,634,a,682.2265348234754,298.89602263809434,112.00001295797682,77.00000890860906
2024-01-01 19:00:00,load_634_abc,634,b,688.7361268285416,296.63180365939525,84.0000097184826,63.00000728886196
2024-01-01 19:00:00,load_634_abc,634,c,683.8885039447305,294.42154928072586,84.0000097184826,63.00000728886196
2024-01-01 19:00:00,load_645_b,645,b,5974.818472514297,40.62374637027293,119.00001376785038,87.50001012341939
2024-01-01 19:00:00,load_646_b,646,b,5973.505652074355,17.952357395251187,161.0000186270917,92.40001069033087
2024-01-01 19:00:00,load_652_a,652,a,5892.54583603132,18.316439009651813,89.60001036638145,60.20000696491253
2024-01-01 19:00:00,load_671_abc,671,a,5898.421126797863,129.40025162399382,269.5000311801317,154.00001781721812
2024-01-01 19:00:00,load_671_abc,671,b,5989.396541982884,53.215573112684076,269.5000311801317,154.00001781721812
2024-01-01 19:00:00,load_671_abc,671,c,5903.243126400802,119.05724441514162,269.5000311801317,154.00001781721812
2024-01-01 19:00:00,load_675_abc,675,a,5892.572470789121,57.99756830085376,339.50003927886723,133.00001538759747
2024-01-01 19:00:00,load_675_abc,675,b,5992.671211235321,24.05903176753199,47.60000550714015,42.0000048592413
2024-01-01 19:00:00,load_675_abc,675,c,5900.096706039692,34.65052477204541,203.00002348633296,148.40001716931928
2024-01-01 19:00:00,load_692_c,692,c,5903.214811638941,49.66050001911842,119.00001376785038,105.70001222909062
2024-01-01 19:00:00,load_611_c,611,c,5898.022511564154,20.698139752707124,119.00001376785038,56.00000647898841
2024-01-01 19:15:00,load_634_abc,634,a,682.3113093925436,298.8626489258094,111.6264675014662,76.74319640725801
2024-01-01 19:15:00,load_634_abc,634,b,688.7974191089654,296.6065317463623,83.71985062609964,62.78988796957473
2024-01-01 19:15:00,load_634_abc,634,c,683.9672107563334,294.40439327058635,83.71985062609964,62.78988796957473
2024-01-01 19:15:00,load_645_b,645,b,5975.371685980496,40.484304451228866,118.60312172030784,87.20817773552047
2024-01-01 19:15:00,load_646_b,646,b,5974.063385716045,17.89076720422416,160.46304703335764,92.09183568870961
2024-01-01 19:15:00,load_652_a,652,a,5893.429161715643,18.252604225143433,89.30117400117297,59.99922628203807
2024-01-01 19:15:00,load_671_abc,671,a,5899.283257944472,128.91288675892832,268.601187425403,153.48639281451602
2024-01-01 19:15:00,load_671_abc,671,b,5989.933934957339,53.03579023743671,268.601187425403,153.48639281451602
2024-01-01 19:15:00,load_671_abc,671,c,5904.085353246521,118.61315565822107,268.601187425403,153.48639281451602
2024-01-01 19:15:00,load_675_abc,675,a,5893.459335025177,57.80771551576369,338.3677296138194,132.5564301579911
2024-01-01 19:15:00,load_675_abc,675,b,5993.2014779574565,24.07520909077202,47.44124868812313,41.85992531304982
2024-01-01 19:15:00,load_675_abc,675,c,5900.954152087293,34.542673881290035,202.32297234640745,147.9050694394427
2024-01-01 19:15:00,load_692_c,692,c,5904.057164858961,49.48988870307102,118.60312172030784,105.3474787045087
2024-01-01 19:15:00,load_611_c,611,c,5898.884347960632,20.622153669120053,118.60312172030784,55.8132337507331
2024-01-01 19:30:00,load_634_abc,634,a,682.5614646475058,298.76413224909686,110.52319843035332,75.9846989208679
2024-01-01 19:30:00,load_634_abc,634,b,688.9782965967938,296.53191943343853,82.89239882276497,62.169299117073734
2024-01-01 19:30:00,load_634_abc,634,c,684.1994679339606,294.35372129835616,82.89239882276497,62.169299117073734
2024-01-01 19:30:00,load_645_b,645,b,5977.004281505058,40.07262999854653,117.4308983322504,86.34624877371353
2024-01-01 19:30:00,load_646_b,646,b,5975.709325556158,17.708933341145524,158.8770977436329,91.1816387050415
2024-01-01 19:30:00,load_652_a,652,a,5896.03581552785,18.064186328971967,88.41855874428266,59.406219156314904
2024-01-01 19:30:00,load_671_abc,671,a,5901.82735286161,127.4749407610086,265.94644622303764,151.9693978417358
2024-01-01 19:30:00,load_671_abc,671,b,5991.51984314035,52.50675186373094,265.94644622303764,151.9693978417358
2024-01-01 19:30:00,load_671_abc,671,c,5906.570830560476,117.30301058904661,265.94644622303764,151.9693978417358
2024-01-01 19:30:00,load_675_abc,675,a,5896.076431586845,57.24847620633531,335.02344524200845,131.24629813604454
2024-01-01 19:30:00,load_675_abc,675,b,5994.766353087981,24.123254957732062,46.97235933290016,41.44619941138249
2024-01-01 19:30:00,load_675_abc,675,c,5903.484553645494,34.22622523379568,200.32329715501538,146.44323792021814
2024-01-01 19:30:00,load_692_c,692,c,5906.543015202875,48.987636844941605,117.4308983322504,104.30626851864594
2024-01-01 19:30:00,load_611_c,611,c,5901.427707068062,20.397950798813017,117.4308983322504,55.26159921517666
2024-01-01 19:45:00,load_634_abc,634,a,682.9648637831735,298.60514965256436,108.74092116882338,74.75938330356607
2024-01-01 19:45:00,load_634_abc,634,b,689.2700241244634,296.4114765954863,81.55569087661753,61.16676815746315
2024-01-01 19:45:00,load_634_abc,634,c,684.5740261946385,294.271858209678,81.55569087661753,61.16676815746315
2024-01-01 19:45:00,load_645_b,645,b,5979.6374909595515,39.408119548856625,115.53722874187484,84.95384466314326
2024-01-01 19:45:00,load_646_b,646,b,5978.364073046172,17.415420000786302,156.31507418018361,89.7112599642793
2024-01-01 19:45:00,load_652_a,652,a,5900.239641944662,17.760179487584473,86.9927369350587,58.44824512824256
2024-01-01 19:45:00,load_671_abc,671,a,5905.930242136433,125.15676497712136,261.6578415624812,149.51876660713214
2024-01-01 19:45:00,load_671_abc,671,b,5994.077752835158,51.65842191937618,261.6578415624812,149.51876660713214
2024-01-01 19:45:00,load_671_abc,671,c,5910.579559991099,115.19125058518813,261.6578415624812,149.51876660713214
2024-01-01 19:45:00,load_675_abc,675,a,5900.297101371962,56.34985360608526,329.62091729299584,129.12984388797776
2024-01-01 19:45:00,load_675_abc,675,b,5997.290330162881,24.201703750894712,46.21489149674994,40.777845438308766
2024-01-01 19:45:00,load_675_abc,675,c,5907.565774897099,33.72176076857822,197.09291961849235,144.08172054869098
2024-01-01 19:45:00,load_692_c,692,c,5910.552346561042,48.181596649525126,115.53722874187484,102.62424435307706
2024-01-01 19:45:00,load_611_c,611,c,5905.529831106401,20.03647126439638,115.53722874187484,54.37046058441169
2024-01-01 20:00:00,load_634_abc,634,a,683.5024223068366,298.39307307000774,106.35985205509961,73.12239828788098
2024-01-01 20:00:00,load_634_abc,634,b,689.6588589235929,296.25074132068863,79.7698890413247,59.82741678099353
2024-01-01 20:00:00,load_634_abc,634,c,685.0731932520092,294.1624820933785,79.7698890413247,59.82741678099353
2024-01-01 20:00:00,load_645_b,645,b,5983.1473783547135,38.52136965836221,113.00734280854334,83.09363441804656
2024-01-01 20:00:00,load_646_b,646,b,5981.902698052797,17.023737053318055,152.89228732920571,87.74687794545719
2024-01-01 20:00:00,load_652_a,652,a,5905.842216897492,17.35475075896919,85.08788164407969,57.16842047961603
2024-01-01 20:00:00,load_671_abc,671,a,5911.3982052569445,122.06909884378186,255.92839400758345,146.24479657576197
2024-01-01 20:00:00,load_671_abc,671,b,5997.48727451791,50.53770735605282,255.92839400758345,146.24479657576197
2024-01-01 20:00:00,load_671_abc,671,c,5915.922750943176,112.37929817138165,255.92839400758345,146.24479657576197
2024-01-01 20:00:00,load_675_abc,675,a,5905.922127987452,55.15887258030442,322.4033015420207,126.30232431543078
2024-01-01 20:00:00,load_675_abc,675,b,6000.6546056371235,24.30809405888574,45.202937123417335,39.88494452066235
2024-01-01 20:00:00,load_675_abc,675,c,5913.005657203663,33.06128126821957,192.77723184986803,140.92680397300697
2024-01-01 20:00:00,load_692_c,692,c,5915.89634035823,47.11538871893761,113.00734280854334,100.37711037700025
2024-01-01 20:00:00,load_611_c,611,c,5910.99758233992,19.554935104698398,113.00734280854334,53.179926027549804
2024-01-01 20:15:00,load_634_abc,634,a,684.1496697318277,298.13738751656615,103.483723337767,71.14505979471483
2024-01-01 20:15:00,load_634_abc,634,b,690.1271664814703,296.05684990391416,77.61279250332524,58.209594377493936
2024-01-01 20:15:00,load_634_abc,634,c,685.6742774750445,294.0303508391934,77.61279250332524,58.209594377493936
2024-01-01 20:15:00,load_645_b,645,b,5987.3748874416815,37.45179224267151,109.95145604637744,80.84665885763047
2024-01-01 20:15:00,load_646_b,646,b,5986.164864303566,16.551287734029362,148.75785229804006,85.37407175365779
2024-01-01 20:15:00,load_652_a,652,a,5912.589021540385,16.86611079859276,82.7869786702136,55.622501294049755
2024-01-01 20:15:00,load_671_abc,671,a,5917.98276947246,118.35412242349715,249.00770928150183,142.29011958942965
2024-01-01 20:15:00,load_671_abc,671,b,6001.593902172145,49.20427212998457,249.00770928150183,142.29011958942965
2024-01-01 20:15:00,load_671_abc,671,c,5922.358146968728,108.99733852861252,249.00770928150183,142.29011958942965
2024-01-01 20:15:00,load_675_abc,675,a,5912.695975756771,53.735485721244395,313.6850363676062,122.88692146359831
2024-01-01 20:15:00,load_675_abc,675,b,6004.706711117922,24.438980234854007,43.98058241855097,38.80639625166262
2024-01-01 20:15:00,load_675_abc,675,c,5919.557612462174,32.285031874917664,187.56424854970265,137.11593342254127
2024-01-01 20:15:00,load_692_c,692,c,5922.33270416436,45.84454718204798,109.95145604637744,97.66276390001761
2024-01-01 20:15:00,load_611_c,611,c,5917.583115196124,18.97545066148025,109.95145604637744,51.7418616688835
2024-01-01 20:30:00,load_634_abc,634,a,684.8786569512406,297.84897399010373,100.23230105357062,68.90970697432981
2024-01-01 20:30:00,load_634_abc,634,b,690.6547862128194,295.83800450862833,75.17422579017797,56.38066934263348
2024-01-01 20:30:00,load_634_abc,634,c,686.3513524198154,293.88095999160606,75.17422579017797,56.38066934263348
2024-01-01 20:30:00,load_645_b,645,b,5992.138143350936,36.24466646150261,106.4968198694188,78.30648519810205
2024-01-01 20:30:00,load_646_b,646,b,5990.967227147218,16.018067507764233,144.08393276450778,82.69164836919578
2024-01-01 20:30:00,load_652_a,652,a,5920.189214448171,16.315125865000656,80.18584084285652,53.87486181629421
2024-01-01 20:30:00,load_671_abc,671,a,5925.400021195545,114.17443805024755,241.18397441015435,137.81941394865962
2024-01-01 20:30:00,load_671_abc,671,b,6006.220962430732,47.72535771734975,241.18397441015435,137.81941394865962
2024-01-01 20:30:00,load_671_abc,671,c,5929.608781663206,105.19419360891212,241.18397441015435,137.81941394865962
2024-01-01 20:30:00,load_675_abc,675,a,5920.326640533444,52.147539026219874,303.829162568636,119.02585750111514
2024-01-01 20:30:00,load_675_abc,675,b,6009.27230649982,24.59000935326929,42.59872794776752,37.587112895088985
2024-01-01 20:30:00,load_675_abc,675,c,5926.939707612842,31.437589345499298,181.67104565959676,132.8077988959811
2024-01-01 20:30:00,load_692_c,692,c,5929.584430322536,44.43176393416238,106.4968198694188,94.59423411930729
2024-01-01 20:30:00,load_611_c,611,c,5925.0030573609365,18.32330219819688,106.4968198694188,50.11615052678531
2024-01-01 20:45:00,load_634_abc,634,a,685.6599913651229,297.5393350545457,96.73315612895608,66.50404483865731
2024-01-01 20:45:00,load_634_abc,634,b,691.2204925118083,295.60289503093554,72.54986709671705,54.41240032253779
2024-01-01 20:45:00,load_634_abc,634,c,687.077141381624,293.72016596793276,72.54986709671705,54.41240032253779
2024-01-01 20:45:00,load_645_b,645,b,5997.245619975699,34.94794245231834,102.77897838701584,75.57277822574694
2024-01-01 20:45:00,load_646_b,646,b,5996.116704987168,15.445253149895505,139.0539119353744,79.80485380638876
2024-01-01 20:45:00,load_652_a,652,a,5928.33675456737,15.723824312877166,77.38652490316487,51.99407141931389
2024-01-01 20:45:00,load_671_abc,671,a,5933.351233120346,109.70118963013981,232.76415693530058,133.00808967731462
2024-01-01 20:45:00,load_671_abc,671,b,6011.182405165814,46.1701876388294,232.76415693530058,133.00808967731462
2024-01-01 20:45:00,load_671_abc,671,c,5937.383043302229,101.1263978685906,232.76415693530058,133.00808967731462
2024-01-01 20:45:00,load_675_abc,675,a,5928.506856766516,50.46536873061676,293.2223795158981,114.87062290313536
2024-01-01 20:45:00,load_675_abc,675,b,6014.167802985358,24.756090260459782,41.11159135480634,36.274933548358526
2024-01-01 20:45:00,load_675_abc,675,c,5934.855083547087,30.5636793294679,175.3288454837329,128.1714318708668
2024-01-01 20:45:00,load_692_c,692,c,5937.359863529934,42.9417658848763,102.77897838701584,91.2919160967023
2024-01-01 20:45:00,load_611_c,611,c,5932.959032307593,17.62510536104044,102.77897838701584,48.36657806447804
2024-01-01 21:00:00,load_634_abc,634,a,686.4647891979305,297.21984064953534,93.11347169832602,64.01551179259916
2024-01-01 21:00:00,load_634_abc,634,b,691.8034009770829,295.3601322390379,69.83510377374452,52.376327830308384
2024-01-01 21:00:00,load_634_abc,634,c,687.8248274365808,293.5538102653227,69.83510377374452,52.376327830308384
2024-01-01 21:00:00,load_645_b,645,b,6002.508821227751,33.60911364800308,98.93306367947142,72.74489976431721
2024-01-01 21:00:00,load_646_b,646,b,6001.423262162559,14.85382177709743,133.85061556634366,76.81861415111898
2024-01-01 21:00:00,load_652_a,652,a,5936.730697075185,15.113948503548189,74.49077735866082,50.04849103785024
2024-01-01 21:00:00,load_671_abc,671,a,5941.542679315621,105.10252563969453,224.054291274097,128.0310235851983
2024-01-01 21:00:00,load_671_abc,671,b,6016.295122383606,44.60457182881702,224.054291274097,128.0310235851983
2024-01-01 21:00:00,load_671_abc,671,c,5945.393986484109,96.9475862070554,224.054291274097,128.0310235851983
2024-01-01 21:00:00,load_675_abc,675,a,5936.9344743470565,48.75661509674075,282.25021108555075,110.57224764176216
2024-01-01 21:00:00,load_675_abc,675,b,6019.2125198625035,24.93165758982005,39.57322547178856,34.91755188687226
2024-01-01 21:00:00,load_675_abc,675,c,5943.011611049479,29.704239624288338,168.7681674532159,123.37535000028198
2024-01-01 21:00:00,load_692_c,692,c,5945.372015340605,41.43638333019636,98.93306367947142,87.87583891529519
2024-01-01 21:00:00,load_611_c,611,c,5941.157415335521,16.907018153965357,98.93306367947142,46.55673584916301
2024-01-01 21:15:00,load_634_abc,634,a,687.26636976907,296.9010616506771,89.49260758383865,61.52616771388907
2024-01-01 21:15:00,load_634_abc,634,b,692.384193635445,295.11774294780247,67.11945568787898,50.33959176590923
2024-01-01 21:15:00,load_634_abc,634,c,688.5696265356632,293.38737796327194,67.11945568787898,50.33959176590923
2024-01-01 21:15:00,load_645_b,645,b,6007.753338754021,32.27243557032758,95.08589555782856,69.91609967487395
2024-01-01 21:15:00,load_646_b,646,b,6006.7110568293265,14.263322497883113,128.64562340176806,73.8314012566669
2024-01-01 21:15:00,load_652_a,652,a,5945.09284234745,14.505681212274972,71.59408606707092,48.102276576313265
2024-01-01 21:15:00,load_671_abc,671,a,5949.702861344636,100.53345806087194,215.34158699861175,123.05233542777815
2024-01-01 21:15:00,load_671_abc,671,b,6021.389690349201,43.08629438739002,215.34158699861175,123.05233542777815
2024-01-01 21:15:00,load_671_abc,671,c,5953.376159995859,92.79916790011686,215.34158699861175,123.05233542777815
2024-01-01 21:15:00,load_675_abc,675,a,5945.330178198237,47.081780547571505,271.2744667385109,106.2724715058084
2024-01-01 21:15:00,load_675_abc,675,b,6024.239284428777,25.111007067992542,38.03435822313143,33.55972784393949
2024-01-01 21:15:00,load_675_abc,675,c,5951.139022318123,28.893227366364147,162.20535124570753,118.57770504858621
2024-01-01 21:15:00,load_692_c,692,c,5953.355394552873,39.970326959891466,95.08589555782856,84.45864840724772
2024-01-01 21:15:00,load_611_c,611,c,5949.3265527230205,16.19317036171593,95.08589555782856,44.746303791919324
2024-01-01 21:30:00,load_634_abc,634,a,688.0415696232806,296.5922407148038,85.97600137116763,59.10850094267774
2024-01-01 21:30:00,load_634_abc,634,b,692.9460740522157,294.88276533806595,64.48200102837572,48.36150077128178
2024-01-01 21:30:00,load_634_abc,634,c,689.2900099109661,293.2257169836068,64.48200102837572,48.36150077128178
2024-01-01 21:30:00,load_645_b,645,b,6012.8274807447315,30.976700619323612,91.3495014568656,67.1687510712247
2024-01-01 21:30:00,load_646_b,646,b,6011.82714170839,13.690893254807243,123.59050197105347,70.9302011312133
2024-01-01 21:30:00,load_652_a,652,a,5953.18146180273,13.916640428387097,68.7808010969341,46.212100737002594
2024-01-01 21:30:00,load_671_abc,671,a,5957.595900353037,96.12790659904947,206.8797532993721,118.21700188535549
2024-01-01 21:30:00,load_671_abc,671,b,6026.318752365306,41.661761433937876,206.8797532993721,118.21700188535549
2024-01-01 21:30:00,load_671_abc,671,c,5961.098728623778,88.803022065746,206.8797532993721,118.21700188535549
2024-01-01 21:30:00,load_675_abc,675,a,5953.451269257176,45.49093797390574,260.6147541563518,102.09650162826156
2024-01-01 21:30:00,load_675_abc,675,b,6029.102702916536,25.288658615146776,36.539800582746246,32.24100051418786
2024-01-01 21:30:00,load_675_abc,675,c,5959.002273265139,28.15556624403697,155.83150248524132,113.9182018167971
2024-01-01 21:30:00,load_692_c,692,c,5961.079131015734,38.588087294662586,91.3495014568656,81.13985129403945
2024-01-01 21:30:00,load_611_c,611,c,5957.2301927874005,15.504432664753695,91.3495014568656,42.98800068558381
2024-01-01 21:45:00,load_634_abc,634,a,688.7716138896403,296.300929364417,82.6507901232095,56.82241820970653
2024-01-01 21:45:00,load_634_abc,634,b,693.4754053166581,294.66096776967765,61.98809259240712,46.49106944430534
2024-01-01 21:45:00,load_634_abc,634,c,689.9685168358467,293.072836136697,61.98809259240712,46.49106944430534
2024-01-01 21:45:00,load_645_b,645,b,6017.608044649119,29.75369416857123,87.8164645059101,64.57092978375742
2024-01-01 21:45:00,load_646_b,646,b,6016.647286522235,13.15057831437332,118.81051080211365,68.18690185164785
2024-01-01 21:45:00,load_652_a,652,a,5960.80043639684,13.361195216165541,66.1206320985676,44.4247996912251
2024-01-01 21:45:00,load_671_abc,671,a,5965.030448388947,91.99339503880405,198.87846373397286,113.64483641941305
2024-01-01 21:45:00,load_671_abc,671,b,6030.962626982048,40.36420476545214,198.87846373397286,113.64483641941305
2024-01-01 21:45:00,load_671_abc,671,c,5968.37424355324,85.05665397521327,198.87846373397286,113.64483641941305
2024-01-01 21:45:00,load_675_abc,675,a,5961.100839906941,44.02182406937672,250.5352075609788,98.14781327131128
2024-01-01 21:45:00,load_675_abc,675,b,6033.684692949367,25.45969638398228,35.12658580236404,30.99404629620356
2024-01-01 21:45:00,load_675_abc,675,c,5966.410478395043,27.506438751796498,149.8045570983172,109.51229691325258
2024-01-01 21:45:00,load_692_c,692,c,5968.355747392564,37.322209600407746,87.8164645059101,78.00168317877896
2024-01-01 21:45:00,load_611_c,611,c,5964.676467159387,14.857595991944224,87.8164645059101,41.32539506160475
2024-01-01 22:00:00,load_634_abc,634,a,689.4425382764788,296.0327988423722,79.58331843429987,54.71353142358116
2024-01-01 22:00:00,load_634_abc,634,b,693.9620241205143,294.456698374865,59.6874888257249,44.765616619293674
2024-01-01 22:00:00,load_634_abc,634,c,690.5921506673991,292.9317896818612,59.6874888257249,44.765616619293674
2024-01-01 22:00:00,load_645_b,645,b,6022.003168946558,28.62737085773738,84.55727583644361,62.17446752679677
2024-01-01 22:00:00,load_646_b,646,b,6021.078856089747,12.652963730040007,114.40102024930607,65.6562377082974
2024-01-01 22:00:00,load_652_a,652,a,5967.803724068582,12.850114712602103,63.66665474743989,42.77603365843617
2024-01-01 22:00:00,load_671_abc,671,a,5971.864039272264,88.20852992987963,191.49735998253405,109.42706284716232
2024-01-01 22:00:00,load_671_abc,671,b,6035.2320785255615,39.21349671349226,191.49735998253405,109.42706284716232
2024-01-01 22:00:00,load_671_abc,671,c,5975.062967130794,81.6309377734245,191.49735998253405,109.42706284716232
2024-01-01 22:00:00,load_675_abc,675,a,5968.1322597396775,42.69935262597385,241.23693400397144,94.5051906407311
2024-01-01 22:00:00,load_675_abc,675,b,6037.897215607937,25.620040590957064,33.82291033457744,29.84374441286245
2024-01-01 22:00:00,load_675_abc,675,c,5973.22132080932,26.95187598891227,144.24476466216848,105.44789692544731
2024-01-01 22:00:00,load_692_c,692,c,5975.0454846288785,36.192993609775314,84.55727583644361,75.1067567723705
2024-01-01 22:00:00,load_611_c,611,c,5971.522324156124,14.264979385014202,84.55727583644361,39.791659217149935
2024-01-01 22:15:00,load_634_abc,634,a,690.0452009859125,295.79161397624506,76.81848809131908,52.81271056278187
2024-01-01 22:15:00,load_634_abc,634,b,694.3992575570526,294.2728587220193,57.6138660684893,43.210399551366976
2024-01-01 22:15:00,load_634_abc,634,c,691.1523938008403,292.8046466140325,57.6138660684893,43.210399551366976
2024-01-01 22:15:00,load_645_b,645,b,6025.952500855893,27.61371271804658,81.61964359702652,60.01444382134303
2024-01-01 22:15:00,load_646_b,646,b,6025.060982281657,12.205113982546289,110.42657663127117,63.37525267533824
2024-01-01 22:15:00,load_652_a,652,a,5974.095551054503,12.390527466178849,61.45479047305526,41.289937349084006
2024-01-01 22:15:00,load_671_abc,671,a,5978.0032663702905,84.82308053214811,184.84448696973655,105.62542112556373
2024-01-01 22:15:00,load_671_abc,671,b,6039.06848000906,38.21737362339315,184.84448696973655,105.62542112556373
2024-01-01 22:15:00,load_671_abc,671,c,5981.073115526349,78.57027670236876,184.84448696973655,105.62542112556373
2024-01-01 22:15:00,load_675_abc,675,a,5974.449368061461,41.53638460247116,232.85604202681097,91.22195460844141
2024-01-01 22:15:00,load_675_abc,675,b,6041.682434478488,25.766621192280194,32.64785743881061,28.80693303424465
2024-01-01 22:15:00,load_675_abc,675,c,5979.3413059997465,26.49035042253612,139.2335096655158,101.78449672099778
2024-01-01 22:15:00,load_692_c,692,c,5981.056544705001,35.20945192843547,81.61964359702652,72.49744813618237
2024-01-01 22:15:00,load_611_c,611,c,5977.673784640106,13.734437053965042,81.61964359702652,38.40924404565954
2024-01-01 22:30:00,load_634_abc,634,a,690.5749561230565,295.5793450971454,74.3807280080197,51.13675050551355
2024-01-01 22:30:00,load_634_abc,634,b,694.7836931886524,294.11098359875194,55.785546006014776,41.83915950451108
2024-01-01 22:30:00,load_634_abc,634,c,691.6449074118707,292.69253454530957,55.785546006014776,41.83915950451108
2024-01-01 22:30:00,load_645_b,645,b,6029.425133672186,26.721170582721033,79.02952350852094,58.109943756265395
2024-01-01 22:30:00,load_646_b,646,b,6028.562486774739,11.810766384145161,106.92229651152833,61.36410060661626
2024-01-01 22:30:00,load_652_a,652,a,5979.627062131909,11.986142285550617,59.504582406415764,39.97964130431059
2024-01-01 22:30:00,load_671_abc,671,a,5983.4005061333355,81.86022570166523,178.97862676929742,102.2735010110271
2024-01-01 22:30:00,load_671_abc,671,b,6042.441809250652,37.37365337205292,178.97862676929742,102.2735010110271
2024-01-01 22:30:00,load_671_abc,671,c,5986.357711066421,75.8947693237012,178.97862676929742,102.2735010110271
2024-01-01 22:30:00,load_675_abc,675,a,5980.003111068593,40.53543422123427,225.46658177430973,88.32711450952341
2024-01-01 22:30:00,load_675_abc,675,b,6045.010736951949,25.89744264232607,31.611809403408373,27.892773003007388
2024-01-01 22:30:00,load_675_abc,675,c,5984.72256262789,26.11491672888552,134.8150695145357,98.55446461062611
2024-01-01 22:30:00,load_692_c,692,c,5986.3419425397215,34.3711825993389,79.02952350852094,70.1968120575686
2024-01-01 22:30:00,load_611_c,611,c,5983.082727034976,13.269697425927621,79.02952350852094,37.19036400400985
2024-01-01 22:45:00,load_634_abc,634,a,691.0310781465412,295.3963844377749,72.27623794697433,49.68991358854486
2024-01-01 22:45:00,load_634_abc,634,b,695.1147665843968,293.97140193857723,54.20717846023076,40.65538384517307
2024-01-01 22:45:00,load_634_abc,634,c,692.0689988617168,292.5957423835847,54.20717846023076,40.65538384517307
2024-01-01 22:45:00,load_645_b,645,b,6032.415891887356,25.951551226713526,76.79350281866024,56.465810896073705
2024-01-01 22:45:00,load_646_b,646,b,6031.578137247012,11.47072255497566,103.89709204877562,59.62789630625383
2024-01-01 22:45:00,load_652_a,652,a,5984.3903571620385,11.637665820423999,57.820990357579475,38.84847789649871
2024-01-01 22:45:00,load_671_abc,671,a,5988.048093259604,79.3203662811304,173.914697559907,99.37982717708972
2024-01-01 22:45:00,load_671_abc,671,b,6045.347039906389,36.67292806779883,173.914697559907,99.37982717708972
2024-01-01 22:45:00,load_671_abc,671,c,5990.908924159802,73.60380949492686,173.914697559907,99.37982717708972
2024-01-01 22:45:00,load_675_abc,675,a,5984.785554738074,39.69090823283035,219.087346276766,85.82803256203204
2024-01-01 22:45:00,load_675_abc,675,b,6047.87717219841,26.011546931646365,30.7174011274641,27.10358923011538
2024-01-01 22:45:00,load_675_abc,675,c,5989.357085554904,25.815423163577577,131.000681278891,95.766015279741
2024-01-01 22:45:00,load_692_c,692,c,5990.893847093847,33.670717445455175,76.79350281866024,68.21069956245704
2024-01-01 22:45:00,load_611_c,611,c,5987.741101276924,12.870942610145645,76.79350281866024,36.13811897348717
2024-01-01 23:00:00,load_634_abc,634,a,691.4160319675788,295.2418298111591,70.49609359538671,48.46606434682836
2024-01-01 23:00:00,load_634_abc,634,b,695.3942347819857,293.8534506814489,52.87207019654003,39.654052647405024
2024-01-01 23:00:00,load_634_abc,634,c,692.4269446195947,292.5138628443259,52.87207019654003,39.654052647405024
2024-01-01 23:00:00,load_645_b,645,b,6034.940581809708,25.301195451311948,74.90209944509837,55.07507312139586
2024-01-01 23:00:00,load_646_b,646,b,6034.123859747388,11.183368618211336,101.33813454336838,58.15927721619403
2024-01-01 23:00:00,load_652_a,652,a,5988.410898975751,11.343345975297032,56.39687487630936,37.89165030752035
2024-01-01 23:00:00,load_671_abc,671,a,5991.97090899361,77.18583702743204,169.63122521389926,96.93212869365672
2024-01-01 23:00:00,load_671_abc,671,b,6047.799527589046,36.10124127164046,169.63122521389926,96.93212869365672
2024-01-01 23:00:00,load_671_abc,671,c,5994.750844092997,71.68048763140634,169.63122521389926,96.93212869365672
2024-01-01 23:00:00,load_675_abc,675,a,5988.822262407735,38.991483335913074,213.69128371101593,83.71411114452171
2024-01-01 23:00:00,load_675_abc,675,b,6050.2968980696,26.108895326550602,29.96083977803935,26.436035098270015
2024-01-01 23:00:00,load_675_abc,675,c,5993.269377305588,25.580421051050116,127.77416964163841,93.40732401388738
2024-01-01 23:00:00,load_692_c,692,c,5994.736351091423,33.09592088733881,74.90209944509837,66.5306883306462
2024-01-01 23:00:00,load_611_c,611,c,5991.673532767504,12.53552777819919,74.90209944509837,35.248046797693355
2024-01-01 23:15:00,load_634_abc,634,a,691.7346778518098,295.1137993739175,69.01979206188345,47.451107042544876
2024-01-01 23:15:00,load_634_abc,634,b,695.6256005947995,293.75571378794365,51.764844046412584,38.82363303480944
2024-01-01 23:15:00,load_634_abc,634,c,692.7232516906284,292.4459553886244,51.764844046412584,38.82363303480944
2024-01-01 23:15:00,load_645_b,645,b,6037.030794381117,24.762294683236675,73.33352906575118,53.92171254834645
2024-01-01 23:15:00,load_646_b,646,b,6036.231498862213,10.945256759368156,99.21595108895747,56.941328451053856
2024-01-01 23:15:00,load_652_a,652,a,5991.739224539867,11.099572607146946,55.21583364950677,37.098138233262354
2024-01-01 23:15:00,load_671_abc,671,a,5995.218291735919,75.4258898160053,166.07887464890706,94.90221408508975
2024-01-01 23:15:00,load_671_abc,671,b,6049.829961068612,35.64239345209311,166.07887464890706,94.90221408508975
2024-01-01 23:15:00,load_671_abc,671,c,5997.931570444448,70.09620159277291,166.07887464890706,94.90221408508975
2024-01-01 23:15:00,load_675_abc,675,a,5992.163972730602,38.422309934144316,209.2162446875842,81.9610030734866
2024-01-01 23:15:00,load_675_abc,675,b,6052.300199306354,26.19019626884556,29.33341162630047,25.882422023206292
2024-01-01 23:15:00,load_675_abc,675,c,5996.508396134961,25.3985723283551,125.09837311216376,91.45122448199558
2024-01-01 23:15:00,load_692_c,692,c,5997.917561243801,32.63211693964288,73.33352906575118,65.1374287584025
2024-01-01 23:15:00,load_611_c,611,c,5994.9292291766615,12.258745843484583,73.33352906575118,34.509896030941725
2024-01-01 23:30:00,load_634_abc,634,a,691.9934872428109,295.00974583574543,67.81885641847929,46.62546378770451
2024-01-01 23:30:00,load_634_abc,634,b,695.8135434503098,293.67626192628984,50.86414231385946,38.14810673539459
2024-01-01 23:30:00,load_634_abc,634,c,692.9639285293069,292.39071200983676,50.86414231385946,38.14810673539459
2024-01-01 23:30:00,load_645_b,645,b,6038.728764043342,24.324211452322007,72.05753494463426,52.98348157693694
2024-01-01 23:30:00,load_646_b,646,b,6037.943633866999,10.751688630924212,97.48960610156398,55.95055654524541
2024-01-01 23:30:00,load_652_a,652,a,5994.442757658458,10.90147577166724,54.25508513478343,36.452635324932615
2024-01-01 23:30:00,load_671_abc,671,a,5997.856048382388,74.00143723774619,163.1891232569658,93.25092757540902
2024-01-01 23:30:00,load_671_abc,671,b,6051.479368013688,35.27969751854506,163.1891232569658,93.25092757540902
2024-01-01 23:30:00,load_671_abc,671,c,6000.515390975539,68.81500403316426,163.1891232569658,93.25092757540902
2024-01-01 23:30:00,load_675_abc,675,a,5994.878379486103,37.96685188884701,205.57590851851532,80.53489199694415
2024-01-01 23:30:00,load_675_abc,675,b,6053.927559893852,26.25670802873869,28.823013977853698,25.43207115692973
2024-01-01 23:30:00,load_675_abc,675,c,5999.139590910903,25.259522412400763,122.92167725849369,89.85998475448505
2024-01-01 23:30:00,load_692_c,692,c,6000.501774953723,32.26376774672869,72.05753494463426,64.00404574493983
2024-01-01 23:30:00,load_611_c,611,c,5997.573974361849,12.03456003686871,72.05753494463426,33.90942820923964
2024-01-01 23:45:00,load_634_abc,634,a,692.1998281182763,294.9267452944813,66.86019130057699,45.96638151914667
2024-01-01 23:45:00,load_634_abc,634,b,695.9633998129342,293.61287350512464,50.14514347543273,37.60885760657455
2024-01-01 23:45:00,load_634_abc,634,c,693.1558201761817,292.34661168252023,50.14514347543273,37.60885760657455
2024-01-01 23:45:00,load_645_b,645,b,6040.082673576228,23.974697183326903,71.03895325686305,52.234524453575766
2024-01-01 23:45:00,load_646_b,646,b,6039.308844211226,10.597253475991105,96.11152499457941,55.15965782297601
2024-01-01 23:45:00,load_652_a,652,a,5996.598339498329,10.743474747149365,53.48815304046158,35.93735282406013
2024-01-01 23:45:00,load_671_abc,671,a,5999.959167150052,72.86920501856181,160.88233531701334,91.93276303829334
2024-01-01 23:45:00,load_671_abc,671,b,6052.794554035502,34.9971650906518,160.88233531701334,91.93276303829334
2024-01-01 23:45:00,load_671_abc,671,c,6002.575638599847,67.79737014965629,160.88233531701334,91.93276303829334
2024-01-01 23:45:00,load_675_abc,675,a,5997.042632041907,37.60829045092505,202.66995487987396,79.39647716943517
2024-01-01 23:45:00,load_675_abc,675,b,6055.225163161477,26.310041320617856,28.415581302745217,25.072571737716366
2024-01-01 23:45:00,load_675_abc,675,c,6001.237626683807,25.154320150334403,121.18409673229577,88.5897534732645
2024-01-01 23:45:00,load_692_c,692,c,6002.562336194116,31.975663136503517,71.03895325686305,63.09930553991952
2024-01-01 23:45:00,load_611_c,611,c,5999.682816430092,11.856250114781632,71.03895325686305,33.43009565028849
