timestamp,load_id,bus,phase,voltage_v,current_a,active_power_kw,reactive_power_kvar
2024-01-01 00:00:00,load_634_abc,634,a,682.999519024016,284.34129628938064,31.354361227626956,21.556123343993534
2024-01-01 00:00:00,load_634_abc,634,b,689.6507970758634,286.49793952675986,23.515770920720218,17.636828190540164
2024-01-01 00:00:00,load_634_abc,634,c,684.1072098568417,285.1617495637039,23.515770920720218,17.636828190540164
2024-01-01 00:00:00,load_645_b,645,b,5980.406328445069,52.33576637001799,128.76496717715946,94.68012292438195
2024-01-01 00:00:00,load_646_b,646,b,5978.335637490469,28.329802576449595,253.97210181986856,145.75790191401154
2024-01-01 00:00:00,load_652_a,652,a,5887.855816257752,22.212413047940988,108.56915824084699,72.94490319306907
2024-01-01 00:00:00,load_671_abc,671,a,5895.54570735288,147.59709120589216,246.6181878090405,140.92467874802315
2024-01-01 00:00:00,load_671_abc,671,b,6001.181778443468,51.65474540870947,246.6181878090405,140.92467874802315
2024-01-01 00:00:00,load_671_abc,671,c,5903.934950122483,115.78345469140429,246.6181878090405,140.92467874802315
2024-01-01 00:00:00,load_675_abc,675,a,5887.6645686324755,74.32046907096117,437.5738024377197,171.42066487250872
2024-01-01 00:00:00,load_675_abc,675,b,6005.044591830252,23.14256064660972,61.35055374384524,54.13284153868696
2024-01-01 00:00:00,load_675_abc,675,c,5899.5610114667525,44.462148365651494,261.64206743698696,191.26937343669394
2024-01-01 00:00:00,load_692_c,692,c,5903.897899068292,61.365874436331275,130.20749261685486,115.65489050085341
2024-01-01 00:00:00,load_611_c,611,c,5902.1912186917825,9.302996445543116,54.82604907441653,25.80049368207837
2024-01-01 00:15:00,load_634_abc,634,a,682.995569057721,284.3404427002459,31.359376293796487,21.559571201985086
2024-01-01 00:15:00,load_634_abc,634,b,689.6480089656924,286.49744368165835,23.51953222034737,17.639649165260526
2024-01-01 00:15:00,load_634_abc,634,c,684.1034787792931,285.16103077691196,23.51953222034737,17.639649165260526
2024-01-01 00:15:00,load_645_b,645,b,5980.380726978591,52.34437959136623,128.78556287120097,94.69526681705952
2024-01-01 00:15:00,load_646_b,646,b,5978.309694132735,28.334465605474655,254.0127241398895,145.78121559332791
2024-01-01 00:15:00,load_652_a,652,a,5887.812539247822,22.216129610491762,108.58652365641373,72.95657058165297
2024-01-01 00:15:00,load_671_abc,671,a,5895.5037513189645,147.6236276018306,246.6576338855047,140.94721936314556
2024-01-01 00:15:00,load_671_abc,671,b,6001.157965816125,51.663067544569486,246.6576338855047,140.94721936314556
2024-01-01 00:15:00,load_671_abc,671,c,5903.894747444353,115.8042618367825,246.6576338855047,140.94721936314556
2024-01-01 00:15:00,load_675_abc,675,a,5887.621086039953,74.33289995734066,437.6437914755235,171.4480832584525
2024-01-01 00:15:00,load_675_abc,675,b,6005.021218686954,23.14187045368803,61.36036663986722,54.14149997635342
2024-01-01 00:15:00,load_675_abc,675,c,5899.519877351035,44.46993239716364,261.6839165523749,191.29996658311543
2024-01-01 00:15:00,load_692_c,692,c,5903.857688892563,61.37666325411977,130.22831903990019,115.67338926485249
2024-01-01 00:15:00,load_611_c,611,c,5902.150657243348,9.304502123113965,54.834818389215386,25.804620418454295
2024-01-01 00:30:00,load_634_abc,634,a,682.9893648816368,284.3391019605447,31.36725317870849,21.564986560362087
2024-01-01 00:30:00,load_634_abc,634,b,689.6436297232898,286.49666483981594,23.525439884031368,17.644079913023525
2024-01-01 00:30:00,load_634_abc,634,c,684.0976184302644,285.1599017665692,23.525439884031368,17.644079913023525
2024-01-01 00:30:00,load_645_b,645,b,5980.340515174052,52.357908068517744,128.81791137990726,94.71905248522592
2024-01-01 00:30:00,load_646_b,646,b,5978.268945331109,28.341789657985757,254.07652735381475,145.81783309001543
2024-01-01 00:30:00,load_652_a,652,a,5887.744564567252,22.221967125659912,108.61379854676305,72.97489589860642
2024-01-01 00:30:00,load_671_abc,671,a,5895.437851463398,147.6653080620024,246.71958963923467,140.98262265099123
2024-01-01 00:30:00,load_671_abc,671,b,6001.120563701024,51.676140208629086,246.71958963923467,140.98262265099123
2024-01-01 00:30:00,load_671_abc,671,c,5903.831601791323,115.83694361733258,246.71958963923467,140.98262265099123
2024-01-01 00:30:00,load_675_abc,675,a,5887.55278845481,74.35242555902593,437.7537193562826,171.4911477890592
2024-01-01 00:30:00,load_675_abc,675,b,6004.984506859,23.140786816339343,61.37577920871592,54.15509930180816
2024-01-01 00:30:00,load_675_abc,675,c,5899.455268716882,44.4821597418654,261.7496466254061,191.3480175330555
2024-01-01 00:30:00,load_692_c,692,c,5903.794531463275,61.393609806707374,130.2610299417928,115.70244424241595
2024-01-01 00:30:00,load_611_c,611,c,5902.086948080189,9.306867206450194,54.84859186320211,25.811102053271576
2024-01-01 00:45:00,load_634_abc,634,a,682.9797810756313,284.33703085766706,31.379420307600228,21.57335146147516
2024-01-01 00:45:00,load_634_abc,634,b,689.6368649945579,286.49546170178365,23.53456523070017,17.65092392302513
2024-01-01 00:45:00,load_634_abc,634,c,684.0885657947655,285.1581577208769,23.53456523070017,17.65092392302513
2024-01-01 00:45:00,load_645_b,645,b,5980.27839904019,52.378805409635206,128.86787890885833,94.75579331533702
2024-01-01 00:45:00,load_646_b,646,b,5978.20599969983,28.353103070348254,254.1750817869704,145.87439476469604
2024-01-01 00:45:00,load_652_a,652,a,5887.63956203054,22.230984398789897,108.6559290476013,73.00320232885713
2024-01-01 00:45:00,load_671_abc,671,a,5895.336053931035,147.72969324664237,246.81529036987095,141.03730878278338
2024-01-01 00:45:00,load_671_abc,671,b,6001.062787729508,51.696336783842646,246.81529036987095,141.03730878278338
2024-01-01 00:45:00,load_671_abc,671,c,5903.73405930348,115.88742872171908,246.81529036987095,141.03730878278338
2024-01-01 00:45:00,load_675_abc,675,a,5887.447287121535,74.38258866815818,437.92352083350795,171.55766795539486
2024-01-01 00:45:00,load_675_abc,675,b,6004.927797181882,23.13911394782896,61.399586426141326,54.176105670124684
2024-01-01 00:45:00,load_675_abc,675,c,5899.355466359227,44.501050223979874,261.85117740560264,191.4222400344406
2024-01-01 00:45:00,load_692_c,692,c,5903.6969707846065,61.41978930414802,130.31155724591605,115.74732437725486
2024-01-01 00:45:00,load_611_c,611,c,5901.988535136303,9.310520940871875,54.86986723222877,25.821113991637066
2024-01-01 01:00:00,load_634_abc,634,a,682.9652222538273,284.33388460067175,31.397902150578716,21.586057728522867
2024-01-01 01:00:00,load_634_abc,634,b,689.6265887414033,286.4936339333457,23.548426612934033,17.661319959700524
2024-01-01 01:00:00,load_634_abc,634,c,684.074813991136,285.15550827833914,23.548426612934033,17.661319959700524
2024-01-01 01:00:00,load_645_b,645,b,5980.184039028729,52.410549377697514,128.94377947934743,94.8116025583437
2024-01-01 01:00:00,load_646_b,646,b,5978.110379641437,28.37028863726519,254.32478576188717,145.96031182856132
2024-01-01 01:00:00,load_652_a,652,a,5887.480052721029,22.24468227322644,108.71992518901035,73.04619973636632
2024-01-01 01:00:00,load_671_abc,671,a,5895.181413248453,147.82750103112284,246.96065957671388,141.12037690097938
2024-01-01 01:00:00,load_671_abc,671,b,6000.975020742157,51.72702397394351,246.96065957671388,141.12037690097938
2024-01-01 01:00:00,load_671_abc,671,c,5903.585883722472,115.96412194807644,246.96065957671388,141.12037690097938
2024-01-01 01:00:00,load_675_abc,675,a,5887.287020099412,74.42841250388344,438.1814489172422,171.65871194696086
2024-01-01 01:00:00,load_675_abc,675,b,6004.841649971741,23.136575153224022,61.43574953891231,54.20801429904027
2024-01-01 01:00:00,load_675_abc,675,c,5899.2038579066575,44.529752625227495,262.0054024453613,191.53498385660893
2024-01-01 01:00:00,load_692_c,692,c,5903.548767570664,61.459562375295555,130.38830811370434,115.81549720687855
2024-01-01 01:00:00,load_611_c,611,c,5901.839037280798,9.316072067062443,54.90218447265244,25.836322104777622
2024-01-01 01:15:00,load_634_abc,634,a,682.9434743259725,284.3291846513609,31.42550731453428,21.60503627874232
2024-01-01 01:15:00,load_634_abc,634,b,689.6112383066876,286.4909034436371,23.569130485900708,17.67684786442553
2024-01-01 01:15:00,load_634_abc,634,c,684.0542718403149,285.1515504242151,23.569130485900708,17.67684786442553
2024-01-01 01:15:00,load_645_b,645,b,5980.04308658241,52.4579654786671,129.0571473775117,94.89496130699389
2024-01-01 01:15:00,load_646_b,646,b,5977.967545047817,28.395958798099375,254.548389153453,146.08864073154695
2024-01-01 01:15:00,load_652_a,652,a,5887.241779769318,22.26514339784721,108.815512191788,73.11042225385755
2024-01-01 01:15:00,load_671_abc,671,a,5894.950412779408,147.97360567009977,247.17778839842606,141.24445051338634
2024-01-01 01:15:00,load_671_abc,671,b,6000.843916615413,51.77287885458662,247.17778839842606,141.24445051338634
2024-01-01 01:15:00,load_671_abc,671,c,5903.364543583247,116.07868827671857,247.17778839842606,141.24445051338634
2024-01-01 01:15:00,load_675_abc,675,a,5887.047615306464,74.49687044782547,438.56669983883677,171.8096349884103
2024-01-01 01:15:00,load_675_abc,675,b,6004.712965380033,23.132788260026242,61.48976410111527,54.25567420686641
2024-01-01 01:15:00,load_675_abc,675,c,5898.977390002363,44.572641082151755,262.23575866652095,191.70338219759464
2024-01-01 01:15:00,load_692_c,692,c,5903.327386155348,61.51898344177043,130.50294604735052,115.9173226655878
2024-01-01 01:15:00,load_611_c,611,c,5901.615722023078,9.324365927043473,54.95045469773367,25.85903750481584
2024-01-01 01:30:00,load_634_abc,634,a,682.9115309963104,284.32228119988036,31.466047304361553,21.632907521748567
2024-01-01 01:30:00,load_634_abc,634,b,689.5886920481673,286.4868925251932,23.599535478271168,17.699651608703373
2024-01-01 01:30:00,load_634_abc,634,c,684.0241001091475,285.14573686349695,23.599535478271168,17.699651608703373
2024-01-01 01:30:00,load_645_b,645,b,5979.836060739771,52.52760376706996,129.2236355550757,95.01737908461448
2024-01-01 01:30:00,load_646_b,646,b,5977.7577549431735,28.433659634728656,254.87676536719377,146.2771001237808
2024-01-01 01:30:00,load_652_a,652,a,5886.891808269676,22.295195097874775,108.95588796084567,73.20473722369319
2024-01-01 01:30:00,load_671_abc,671,a,5894.611122529222,148.1882031377735,247.49665628262298,141.42666073292742
2024-01-01 01:30:00,load_671_abc,671,b,6000.651355266914,51.84026170140386,247.49665628262298,141.42666073292742
2024-01-01 01:30:00,load_671_abc,671,c,5903.039448446975,116.24696786546482,247.49665628262298,141.42666073292742
2024-01-01 01:30:00,load_675_abc,675,a,5886.695981420411,74.5974352708948,439.13246602908777,172.03127535160144
2024-01-01 01:30:00,load_675_abc,675,b,6004.523957659121,23.12723813703255,61.56908802057314,54.325665900505705
2024-01-01 01:30:00,load_675_abc,675,c,5898.644763753254,44.63566348014847,262.57405185244426,191.95068618178684
2024-01-01 01:30:00,load_692_c,692,c,5903.002230396996,61.6062786322142,130.67129935513444,116.06686001544293
2024-01-01 01:30:00,load_611_c,611,c,5901.287726034474,9.336551405779343,55.02134268220289,25.89239655633077
2024-01-01 01:45:00,load_634_abc,634,a,682.8654015964343,284.312311578032,31.524577634732793,21.673147123878795
2024-01-01 01:45:00,load_634_abc,634,b,689.5561338977649,286.48109958012554,23.643433226049595,17.732574919537193
2024-01-01 01:45:00,load_634_abc,634,c,683.9805302418428,285.1373409489546,23.643433226049595,17.732574919537193
2024-01-01 01:45:00,load_645_b,645,b,5979.537104856955,52.6281550280552,129.4640058185426,95.19412192539897
2024-01-01 01:45:00,load_646_b,646,b,5977.454807676422,28.488096190351616,255.3508643582935,146.54919171867277
2024-01-01 01:45:00,load_652_a,652,a,5886.386421395563,22.33858949238055,109.15855797073141,73.34090613658515
2024-01-01 01:45:00,load_671_abc,671,a,5894.121159277452,148.49810172729477,247.95702745405993,141.6897299737485
2024-01-01 01:45:00,load_671_abc,671,b,6000.373286104367,51.93763465174284,247.95702745405993,141.6897299737485
2024-01-01 01:45:00,load_671_abc,671,c,5902.569997048649,116.48999036473505,247.95702745405993,141.6897299737485
2024-01-01 01:45:00,load_675_abc,675,a,5886.188194019081,74.74269003744459,439.94930101521766,172.3512725626626
2024-01-01 01:45:00,load_675_abc,675,b,6004.251019911872,23.119248533293046,61.68361333821609,54.426717651367134
2024-01-01 01:45:00,load_675_abc,675,c,5898.1644378032415,44.72673245953008,263.0624686482745,192.3077357014972
2024-01-01 01:45:00,load_692_c,692,c,5902.532691463044,61.732378495280734,130.91436243348411,116.28275722033
2024-01-01 01:45:00,load_611_c,611,c,5900.814085929839,9.354155715387074,55.12368846886965,25.94055927946807
2024-01-01 02:00:00,load_634_abc,634,a,682.799911890071,284.29815703077634,31.6076454575241,21.730256252047816
2024-01-01 02:00:00,load_634_abc,634,b,689.5099131182524,286.4728737625447,23.70573409314307,17.779300569857305
2024-01-01 02:00:00,load_634_abc,634,c,683.9186766575725,285.125420171036,23.70573409314307,17.779300569857305
2024-01-01 02:00:00,load_645_b,645,b,5979.112699570819,52.77087986667667,129.80514577663482,95.44496012987854
2024-01-01 02:00:00,load_646_b,646,b,5977.024736834725,28.565364780283026,256.02371842777205,146.93535144550395
2024-01-01 02:00:00,load_652_a,652,a,5885.668940843211,22.40018962497956,109.44619271257412,73.53416072876074
2024-01-01 02:00:00,load_671_abc,671,a,5893.425573174125,148.93805928335726,248.6103986317825,142.06308493244714
2024-01-01 02:00:00,load_671_abc,671,b,5999.978530611564,52.07600618400129,248.6103986317825,142.06308493244714
2024-01-01 02:00:00,load_671_abc,671,c,5901.903557257468,116.83502768724685,248.6103986317825,142.06308493244714
2024-01-01 02:00:00,load_675_abc,675,a,5885.467305706339,74.94896592087468,441.1085752487169,172.80542123145608
2024-01-01 02:00:00,load_675_abc,675,b,6003.863548690569,23.10795717763442,61.84615075652113,54.570133020459814
2024-01-01 02:00:00,load_675_abc,675,c,5897.4825617668985,44.85614005481316,263.75564293222243,192.81447000562468
2024-01-01 02:00:00,load_692_c,692,c,5901.866127415742,61.911475923454766,131.25932410705403,116.58916435391268
2024-01-01 02:00:00,load_611_c,611,c,5900.141700299,9.379163073077923,55.26894036846339,26.008913114571005
2024-01-01 02:15:00,load_634_abc,634,a,682.7085163028077,284.2784019399201,31.723518783806075,21.809919163866677
2024-01-01 02:15:00,load_634_abc,634,b,689.4454123985897,286.4613909145323,23.792639087854557,17.84447931589092
2024-01-01 02:15:00,load_634_abc,634,c,683.8323601793638,285.10878165053515,23.792639087854557,17.84447931589092
2024-01-01 02:15:00,load_645_b,645,b,5978.52045286114,52.97000900675812,130.28101020095164,95.79486044187621
2024-01-01 02:15:00,load_646_b,646,b,5976.424585385865,28.673169724633585,256.9622989335922,147.47401504014854
2024-01-01 02:15:00,load_652_a,652,a,5884.667674568963,22.48614390197278,109.84742140945845,73.80373625947989
2024-01-01 02:15:00,load_671_abc,671,a,5892.454857471261,149.55204270919762,249.52180197805407,142.58388684460232
2024-01-01 02:15:00,load_671_abc,671,b,5999.427656455824,52.26936904887955,249.52180197805407,142.58388684460232
2024-01-01 02:15:00,load_671_abc,671,c,5900.973567792373,117.31658880713493,249.52180197805407,142.58388684460232
2024-01-01 02:15:00,load_675_abc,675,a,5884.461284162404,75.2369517688259,442.72567507142463,173.43892425478492
2024-01-01 02:15:00,load_675_abc,675,b,6003.322838736961,23.092300271994997,62.072878154344075,54.770186606774175
2024-01-01 02:15:00,load_675_abc,675,c,5896.531034439094,45.03696543750573,264.72256859940853,193.5213260106021
2024-01-01 02:15:00,load_692_c,692,c,5900.935964577255,62.16156267830118,131.7405195352376,117.01657911659339
2024-01-01 02:15:00,load_611_c,611,c,5899.203414651067,9.414090969369331,55.47155577583944,26.1042615415715
2024-01-01 02:30:00,load_634_abc,634,a,682.5831472996655,284.25130087767525,31.882362457791114,21.919124189731388
2024-01-01 02:30:00,load_634_abc,634,b,689.3569425875507,286.44563377229474,23.91177184334333,17.9338288825075
2024-01-01 02:30:00,load_634_abc,634,c,683.7139670779176,285.0859541016185,23.91177184334333,17.9338288825075
2024-01-01 02:30:00,load_645_b,645,b,5977.708135555905,53.243056506621734,130.93334370947042,96.27451743343413
2024-01-01 02:30:00,load_646_b,646,b,5975.6014287003045,28.820992947378723,258.24894168959975,148.21243610011808
2024-01-01 02:30:00,load_652_a,652,a,5883.2942748458145,22.604024088881275,110.3974413524973,74.17328090870912
2024-01-01 02:30:00,load_671_abc,671,a,5891.123355616923,150.3942358237444,250.77118922401732,143.29782241372416
2024-01-01 02:30:00,load_671_abc,671,b,5998.672079537403,52.535085712665364,250.77118922401732,143.29782241372416
2024-01-01 02:30:00,load_671_abc,671,c,5899.698026530621,117.97722160373404,250.77118922401732,143.29782241372416
2024-01-01 02:30:00,load_675_abc,675,a,5883.081362503827,75.63219789057551,444.94245856493,174.3073549017252
2024-01-01 02:30:00,load_675_abc,675,b,6002.5812013584155,23.07101500143728,62.38368491219638,55.04442786370269
2024-01-01 02:30:00,load_675_abc,675,c,5895.225957870967,45.285432341465054,266.04806800789635,194.49031178508284
2024-01-01 02:30:00,load_692_c,692,c,5899.66018556226,62.50487856320274,132.4001609917319,117.60249593971481
2024-01-01 02:30:00,load_611_c,611,c,5897.916496514674,9.46205512413465,55.74930887697393,26.234968883281848
2024-01-01 02:45:00,load_634_abc,634,a,682.4141346985814,284.21476051453914,32.09631654587441,22.066217625288658
2024-01-01 02:45:00,load_634_abc,634,b,689.2376874099226,286.4243804121236,24.07223740940581,18.054178057054354
2024-01-01 02:45:00,load_634_abc,634,c,683.5543749430323,285.0551721314838,24.07223740940581,18.054178057054354
2024-01-01 02:45:00,load_645_b,645,b,5976.61317699484,53.61097171062057,131.81200269185118,96.92059021459644
2024-01-01 02:45:00,load_646_b,646,b,5974.491864103391,29.02017628809131,259.9819819211956,149.20705049390355
2024-01-01 02:45:00,load_652_a,652,a,5881.442867321059,22.762895374177187,111.13828933459315,74.67103814667978
2024-01-01 02:45:00,load_671_abc,671,a,5889.328415199161,151.52957344443007,252.45404823984524,144.25945613705443
2024-01-01 02:45:00,load_671_abc,671,b,5997.653593589442,52.894160844511646,252.45404823984524,144.25945613705443
2024-01-01 02:45:00,load_671_abc,671,c,5897.9787029689605,118.8679489654412,252.45404823984524,144.25945613705443
2024-01-01 02:45:00,load_675_abc,675,a,5881.221164365384,76.16541442560006,447.92834952887074,175.47708538244422
2024-01-01 02:45:00,load_675_abc,675,b,6001.581502326327,23.04267111751018,62.80232529476951,55.413816436561326
2024-01-01 02:45:00,load_675_abc,675,c,5893.466832828818,45.6211591884524,267.8334461100464,195.7954847425167
2024-01-01 02:45:00,load_692_c,692,c,5897.940541601597,62.96818823537315,133.2886633963003,118.39169513436084
2024-01-01 02:45:00,load_611_c,611,c,5896.181841314414,9.526811587297223,56.123427719573456,26.411024809211035
2024-01-01 03:00:00,load_634_abc,634,a,682.190233165345,284.1663446673124,32.37942552829093,22.260855050700012
2024-01-01 03:00:00,load_634_abc,634,b,689.0797253711515,286.3962056607891,24.284569146218193,18.213426859663645
2024-01-01 03:00:00,load_634_abc,634,c,683.3429817761589,285.014379810802,24.284569146218193,18.213426859663645
2024-01-01 03:00:00,load_645_b,645,b,5975.162871099302,54.098043456798216,132.97466451627068,97.77548861490492
2024-01-01 03:00:00,load_646_b,646,b,5973.022220628473,29.283869712598303,262.2751807137468,150.52314719223727
2024-01-01 03:00:00,load_652_a,652,a,5878.990371774753,22.973281762469153,112.11859646597559,75.32968200057734
2024-01-01 03:00:00,load_671_abc,671,a,5886.95069637975,153.0335412121193,254.68084609068148,145.53191205181798
2024-01-01 03:00:00,load_671_abc,671,b,5996.304559901968,53.37132586774806,254.68084609068148,145.53191205181798
2024-01-01 03:00:00,load_671_abc,671,c,5895.701468415071,120.04813573289647,254.68084609068148,145.53191205181798
2024-01-01 03:00:00,load_675_abc,675,a,5878.757026422632,76.87244566922918,451.8793492970023,177.02489972459887
2024-01-01 03:00:00,load_675_abc,675,b,6000.2573475273875,23.005744328220217,63.356279901435386,55.90259991303122
2024-01-01 03:00:00,load_675_abc,675,c,5891.136898493371,46.06723132732917,270.19589957965087,197.5225196927103
2024-01-01 03:00:00,load_692_c,692,c,5895.662882809219,63.58278342424996,134.46435026391484,119.4359817050067
2024-01-01 03:00:00,load_611_c,611,c,5893.884306171126,9.61276200048819,56.618470398028634,26.64398606966053
2024-01-01 03:15:00,load_634_abc,634,a,681.8987987877208,284.10331114363265,32.74736382786963,22.51381263166037
2024-01-01 03:15:00,load_634_abc,634,b,688.8741579213249,286.3595003443549,24.56052287090222,18.420392153176667
2024-01-01 03:15:00,load_634_abc,634,c,683.0678771738048,284.96126074231177,24.56052287090222,18.420392153176667
2024-01-01 03:15:00,load_645_b,645,b,5973.275560116965,54.73146482092635,134.4857003407456,98.88654436819529
2024-01-01 03:15:00,load_646_b,646,b,5971.109759871279,29.626795773149002,265.25550177994967,152.23359232588416
2024-01-01 03:15:00,load_652_a,652,a,5875.798463962466,23.24698772934156,113.39263777652317,76.1856785061015
2024-01-01 03:15:00,load_671_abc,671,a,5883.8560703138755,154.99096097083353,257.5748701790334,147.18564010230475
2024-01-01 03:15:00,load_671_abc,671,b,5994.549005669229,53.994846151531746,257.5748701790334,147.18564010230475
2024-01-01 03:15:00,load_671_abc,671,c,5892.738163849049,121.58456598475483,257.5748701790334,147.18564010230475
2024-01-01 03:15:00,load_675_abc,675,a,5875.549969887492,77.79378915051083,457.0142062835724,179.03649318325515
2024-01-01 03:15:00,load_675_abc,675,b,5998.534160248111,22.95874414330372,64.07621861295448,56.53783995260689
2024-01-01 03:15:00,load_675_abc,675,c,5888.105046196024,46.65001170169891,273.2662264376,199.767034499211
2024-01-01 03:15:00,load_692_c,692,c,5892.699026411569,64.38409574134477,135.9923138884341,120.79317292443264
2024-01-01 03:15:00,load_611_c,611,c,5890.894595358482,9.724906049103794,57.26184511463057,26.94675064217909
2024-01-01 03:30:00,load_634_abc,634,a,681.526153876847,284.0226888648152,33.216907135993004,22.83662365599519
2024-01-01 03:30:00,load_634_abc,634,b,688.6113715958671,286.312513288983,24.91268035199475,18.684510263996064
2024-01-01 03:30:00,load_634_abc,634,c,682.716192676469,284.89330176411704,24.91268035199475,18.684510263996064
2024-01-01 03:30:00,load_645_b,645,b,5970.863050675336,55.54047213951445,136.4140039735266,100.3044146864166
2024-01-01 03:30:00,load_646_b,646,b,5968.665126000441,30.064783619479186,269.0588291701589,154.41637152374335
2024-01-01 03:30:00,load_652_a,652,a,5871.717607867819,23.596739121660843,115.0185016029455,77.278055764479
2024-01-01 03:30:00,load_671_abc,671,a,5879.899523724398,157.49349071924456,261.26806995135775,149.29603997220443
2024-01-01 03:30:00,load_671_abc,671,b,5992.304867794288,54.795948332694785,261.26806995135775,149.29603997220443
2024-01-01 03:30:00,load_671_abc,671,c,5888.950405302423,123.54951446521106,261.26806995135775,149.29603997220443
2024-01-01 03:30:00,load_675_abc,675,a,5871.449752344364,78.97352573140904,463.5670379376166,181.60358187246837
2024-01-01 03:30:00,load_675_abc,675,b,5996.331382548469,22.900405628035905,64.99496614383078,57.34849953867421
2024-01-01 03:30:00,load_675_abc,675,c,5884.229716346155,47.39859475584356,277.18441443692535,202.63136503664887
2024-01-01 03:30:00,load_692_c,692,c,5888.910562861647,65.41080003782298,137.94221988020087,122.52514824653134
2024-01-01 03:30:00,load_611_c,611,c,5887.073100846837,9.868723922375022,58.08288574329608,27.333122702727565
2024-01-01 03:45:00,load_634_abc,634,a,681.0581719567289,283.92140236632326,33.805111801331336,23.241014363415292
2024-01-01 03:45:00,load_634_abc,634,b,688.281456553962,286.2534203758784,25.3538338509985,19.015375388248874
2024-01-01 03:45:00,load_634_abc,634,c,682.2746612700699,284.8078963499806,25.3538338509985,19.015375388248874
2024-01-01 03:45:00,load_645_b,645,b,5967.834467606343,56.554991401916446,138.82962181615727,102.08060427658621
2024-01-01 03:45:00,load_646_b,646,b,5965.596253051076,30.61403633063959,273.82332027465634,157.1507751141506
2024-01-01 03:45:00,load_652_a,652,a,5866.593506813586,24.035613985060532,117.0552480997248,78.6464948170026
2024-01-01 03:45:00,load_671_abc,671,a,5874.931407661435,160.6356153226135,265.8946023681223,151.9397727817842
2024-01-01 03:45:00,load_671_abc,671,b,5989.487573487886,55.80775627010938,265.8946023681223,151.9397727817842
2024-01-01 03:45:00,load_671_abc,671,c,5884.195648409521,126.01762883327646,265.8946023681223,151.9397727817842
2024-01-01 03:45:00,load_675_abc,675,a,5866.30135000535,80.45753877730745,471.7758784926879,184.81941631672314
2024-01-01 03:45:00,load_675_abc,675,b,5993.565988591581,22.82994679045837,66.14589636598512,58.364026205280986
2024-01-01 03:45:00,load_675_abc,675,c,5879.365107504332,48.34380139684823,282.0927933255247,206.21955925865947
2024-01-01 03:45:00,load_692_c,692,c,5884.154921551452,66.70329420824763,140.38489935509818,124.69482236835191
2024-01-01 03:45:00,load_611_c,611,c,5882.276022404993,10.049971674287152,59.11141691360182,27.81713737110674
2024-01-01 04:00:00,load_634_abc,634,a,680.4811013860852,283.7964476317498,34.528187558323005,23.738128946347068
2024-01-01 04:00:00,load_634_abc,634,b,687.8747939917755,286.1804232223331,25.89614066874226,19.42210550155669
2024-01-01 04:00:00,load_634_abc,634,c,681.7304027597638,284.7024911733894,25.89614066874226,19.42210550155669
2024-01-01 04:00:00,load_645_b,645,b,5964.101658918448,57.80376035308413,141.79912342519003,104.26406134205148
2024-01-01 04:00:00,load_646_b,646,b,5961.813844162583,31.290114409061626,279.6802748604942,160.51215774602275
2024-01-01 04:00:00,load_652_a,652,a,5860.276170643776,24.576248135385754,119.55900589313116,80.32870708444749
2024-01-01 04:00:00,load_671_abc,671,a,5868.806222269801,164.50899692578895,271.58196533314464,155.18969447608265
2024-01-01 04:00:00,load_671_abc,671,b,5986.0150636677345,57.063626359136464,271.58196533314464,155.18969447608265
2024-01-01 04:00:00,load_671_abc,671,c,5878.335688152717,129.0615079183908,271.58196533314464,155.18969447608265
2024-01-01 04:00:00,load_675_abc,675,a,5859.9540684682515,82.29093180148625,481.8669470410273,188.7726184284437
2024-01-01 04:00:00,load_675_abc,675,b,5990.157414132338,22.747379880990074,67.56072659544301,59.61240581950853
2024-01-01 04:00:00,load_675_abc,675,c,5873.369877249289,49.51661679808425,288.1266281276246,210.63050056226348
2024-01-01 04:00:00,load_692_c,692,c,5878.2938721737855,68.30146430855834,143.38766763369293,127.36198713345665
2024-01-01 04:00:00,load_611_c,611,c,5876.363944690993,10.274374632689414,60.375782870527,28.412133115542115
2024-01-01 04:15:00,load_634_abc,634,a,679.7826262113923,283.6451197225012,35.400082083504614,24.33755643240942
2024-01-01 04:15:00,load_634_abc,634,b,687.382810362574,286.0918786222195,26.550061562628457,19.912546171971343
2024-01-01 04:15:00,load_634_abc,634,c,681.071932304652,284.5747766101883,26.550061562628457,19.912546171971343
2024-01-01 04:15:00,load_645_b,645,b,5959.586130606011,59.31194594811391,145.37978861884196,106.89690339620732
2024-01-01 04:15:00,load_646_b,646,b,5957.238400725398,32.10664603425791,286.7426698975998,164.56535837601376
2024-01-01 04:15:00,load_652_a,652,a,5852.631574315404,25.229820942721346,122.57807089613182,82.35714138333856
2024-01-01 04:15:00,load_671_abc,671,a,5861.393914858947,169.19519652454937,278.4398645006597,159.10849400037696
2024-01-01 04:15:00,load_671_abc,671,b,5981.814240358142,58.594798100255666,278.4398645006597,159.10849400037696
2024-01-01 04:15:00,load_671_abc,671,c,5871.247556641106,132.7459705845868,278.4398645006597,159.10849400037696
2024-01-01 04:15:00,load_675_abc,675,a,5852.273257078053,84.5146111101227,494.0348939476344,193.5394429897949
2024-01-01 04:15:00,load_675_abc,675,b,5986.033883999712,22.653845474105783,69.26674801740029,61.1177188388826
2024-01-01 04:15:00,load_675_abc,675,c,5866.118295946475,50.945998343165215,295.4023077212659,215.94927323071855
2024-01-01 04:15:00,load_692_c,692,c,5871.204424559336,70.2416915964853,147.0084462273333,130.57809047251368
2024-01-01 04:15:00,load_611_c,611,c,5869.212833529031,10.547209781390972,61.90037243809254,29.129587029690605
2024-01-01 04:30:00,load_634_abc,634,a,678.9531370811782,283.4652867429107,36.430837460667185,25.04620075420869
2024-01-01 04:30:00,load_634_abc,634,b,686.798877486277,285.98645656837516,27.323128095500387,20.492346071625292
2024-01-01 04:30:00,load_634_abc,634,c,680.2903642609538,284.42291703769126,27.323128095500387,20.492346071625292
2024-01-01 04:30:00,load_645_b,645,b,5954.227315712595,61.098341855240015,149.61285786699085,110.00945431396384
2024-01-01 04:30:00,load_646_b,646,b,5951.808602575847,33.073809877861876,295.0918468334529,169.35705992180775
2024-01-01 04:30:00,load_652_a,652,a,5843.555596228461,26.00485314964341,126.14721532354764,84.75516029550856
2024-01-01 04:30:00,load_671_abc,671,a,5852.593390932195,174.75696944734528,286.5472860279168,163.74130630166675
2024-01-01 04:30:00,load_671_abc,671,b,5976.828657607428,60.42733843972694,286.5472860279168,163.74130630166675
2024-01-01 04:30:00,load_671_abc,671,c,5862.836506851745,137.12116195530862,286.5472860279168,163.74130630166675
2024-01-01 04:30:00,load_675_abc,675,a,5843.154313563992,87.1610883221814,508.4198640796599,199.1747921136812
2024-01-01 04:30:00,load_675_abc,675,b,5981.139960836484,22.551914297294566,71.28360980910696,62.897302772741426
2024-01-01 04:30:00,load_675_abc,675,c,5857.513532793624,52.6560403049292,304.0036300682503,222.2371364636864
2024-01-01 04:30:00,load_692_c,692,c,5862.791814850148,72.55313728331305,151.28893761375716,134.38017399810195
2024-01-01 04:30:00,load_611_c,611,c,5860.7271360448585,10.872778838596343,63.70274514413382,29.977762420768855
2024-01-01 04:45:00,load_634_abc,634,a,677.9871547041822,283.2556986858912,37.624824717059816,25.86706699297862
2024-01-01 04:45:00,load_634_abc,634,b,686.1193155993913,285.86332166353617,28.218618537794857,21.163963903346147
2024-01-01 04:45:00,load_634_abc,634,c,679.3807540895453,284.24581192811144,28.218618537794857,21.163963903346147
2024-01-01 04:45:00,load_645_b,645,b,5947.99177873155,63.1723045469733,154.51628194771735,113.61491319685099
2024-01-01 04:45:00,load_646_b,646,b,5945.490634140089,34.19667624571371,304.76321123634125,174.90758210085676
2024-01-01 04:45:00,load_652_a,652,a,5832.9895882294395,26.90587885581521,130.28157451000195,87.53293287390755
2024-01-01 04:45:00,load_671_abc,671,a,5842.347612216289,181.2285683008529,295.93861029381145,169.10777731074938
2024-01-01 04:45:00,load_671_abc,671,b,5971.02708660828,62.578467795391504,295.93861029381145,169.10777731074938
2024-01-01 04:45:00,load_671_abc,671,c,5853.05045018764,142.2148330598138,295.93861029381145,169.10777731074938
2024-01-01 04:45:00,load_675_abc,675,a,5832.538327592601,90.24967814794172,525.0828584251342,205.70256309438244
2024-01-01 04:45:00,load_675_abc,675,b,5975.444953111527,22.445777575981708,73.61986468641058,64.95870413506815
2024-01-01 04:45:00,load_675_abc,675,c,5847.502425642958,54.66258202682232,313.9670699861627,229.5207546105741
2024-01-01 04:45:00,load_692_c,692,c,5853.003945732894,75.25345469359843,156.24729366964064,138.78436084773963
2024-01-01 04:45:00,load_611_c,611,c,5850.854346263663,11.253790412858157,65.79054414083386,30.96025606627476
2024-01-01 05:00:00,load_634_abc,634,a,676.8848152392789,283.01631247953134,38.979007279249764,26.798067504484212
2024-01-01 05:00:00,load_634_abc,634,b,685.3444326773805,285.7223285624368,29.23425545943732,21.92569159457799
2024-01-01 05:00:00,load_634_abc,634,c,678.3434894545818,284.0433726502189,29.23425545943732,21.92569159457799
2024-01-01 05:00:00,load_645_b,645,b,5940.882738308241,65.53066157278525,160.07759037005664,117.70411056621812
2024-01-01 05:00:00,load_646_b,646,b,5938.287830340722,35.473532945105795,315.73216668947157,181.2028087087402
2024-01-01 05:00:00,load_652_a,652,a,5820.9365656542195,27.932085417895298,134.9706338664991,90.68339462905408
2024-01-01 05:00:00,load_671_abc,671,a,5830.659303400149,188.60573721437981,306.5899530855002,175.1942589060001
2024-01-01 05:00:00,load_671_abc,671,b,5964.412382750186,65.05250599467068,306.5899530855002,175.1942589060001
2024-01-01 05:00:00,load_671_abc,671,c,5841.894873996503,148.02433999731426,306.5899530855002,175.1942589060001
2024-01-01 05:00:00,load_675_abc,675,a,5820.428346581834,93.78141112467563,543.9814993073537,213.10615436782928
2024-01-01 05:00:00,load_675_abc,675,b,5968.951621206501,22.341229839690822,76.26957103690734,67.29668032668293
2024-01-01 05:00:00,load_675_abc,675,c,5836.090736345802,56.9694807249727,325.2672882456342,237.78160382094634
2024-01-01 05:00:00,load_692_c,692,c,5841.846306680619,78.34421818499983,161.87090419986754,143.7794502010588
2024-01-01 05:00:00,load_611_c,611,c,5839.600052970603,11.69069119655504,68.15845969399548,32.07456926776257
2024-01-01 05:15:00,load_634_abc,634,a,675.6532937443792,282.74860709886957,40.481420142186735,27.830976347753374
2024-01-01 05:15:00,load_634_abc,634,b,684.4795100804874,285.56421741260067,30.361065106640044,22.770798829980034
2024-01-01 05:15:00,load_634_abc,634,c,677.1856105754936,283.816793438689,30.361065106640044,22.770798829980034
2024-01-01 05:15:00,load_645_b,645,b,5932.949078342555,68.15489219198011,166.247645680007,122.24091594118161
2024-01-01 05:15:00,load_646_b,646,b,5930.249800552836,36.89435834270078,327.90179597425185,188.1871176895706
2024-01-01 05:15:00,load_652_a,652,a,5807.476645385379,29.076044547818466,140.17296277618723,94.17870936525078
2024-01-01 05:15:00,load_671_abc,671,a,5817.60593939139,196.83632018678884,318.4072034803841,181.94697341736233
2024-01-01 05:15:00,load_671_abc,671,b,5957.029883670877,67.8368403380833,318.4072034803841,181.94697341736233
2024-01-01 05:15:00,load_671_abc,671,c,5829.446933817395,154.50911143647897,318.4072034803841,181.94697341736233
2024-01-01 05:15:00,load_675_abc,675,a,5806.904885087655,97.73412894982351,564.9488060400262,221.32015081980407
2024-01-01 05:15:00,load_675_abc,675,b,5961.704425222346,22.24534972900221,79.20931713550884,69.89057394309603
2024-01-01 05:15:00,load_675_abc,675,c,5823.357554651255,59.5649135592332,337.80444072496414,246.94669459893927
2024-01-01 05:15:00,load_692_c,692,c,5829.39606871568,81.80650111459374,168.11008127441002,149.32130748491713
2024-01-01 05:15:00,load_611_c,611,c,5827.042152422385,12.181009256553772,70.78556986713586,33.31085640806393
2024-01-01 05:30:00,load_634_abc,634,a,674.3080118235598,282.4558557261989,42.11007091962579,28.950673757242733
2024-01-01 05:30:00,load_634_abc,634,b,683.5356244759669,285.390790471372,31.582553189719345,23.686914892289504
2024-01-01 05:30:00,load_634_abc,634,c,675.9219130004664,283.5687888133623,31.582553189719345,23.686914892289504
2024-01-01 05:30:00,load_645_b,645,b,5924.292835638161,71.00892766130904,172.93613033378503,127.15891936307722
2024-01-01 05:30:00,load_646_b,646,b,5921.480005014257,38.43962963054717,341.09395951647394,195.75827241815026
2024-01-01 05:30:00,load_652_a,652,a,5792.780042069317,30.32268135133698,145.8124093173293,97.96771251008062
2024-01-01 05:30:00,load_671_abc,671,a,5803.352375391953,205.81259485322096,331.2173800421027,189.26707430977297
2024-01-01 05:30:00,load_671_abc,671,b,5948.974396830827,70.8984513936527,331.2173800421027,189.26707430977297
2024-01-01 05:30:00,load_671_abc,671,c,5815.867134411353,161.58449195071964,331.2173800421027,189.26707430977297
2024-01-01 05:30:00,load_675_abc,675,a,5792.138979885812,102.05835231784924,587.677858255551,230.2243156052674
2024-01-01 05:30:00,load_675_abc,675,b,5953.796390403043,22.16581668407156,82.39607084820096,72.70241545429496
2024-01-01 05:30:00,load_675_abc,675,c,5809.46722745032,62.41818869035424,351.3950080290923,256.8818679385089
2024-01-01 05:30:00,load_692_c,692,c,5815.813767450511,85.59715070437514,174.87349554202325,155.32881074615005
2024-01-01 05:30:00,load_611_c,611,c,5813.3426256303055,12.718791743745246,73.63341890480922,34.65102066108669
2024-01-01 05:45:00,load_634_abc,634,a,672.8734533095139,282.1433162848438,43.83246478128815,30.134819537135606
2024-01-01 05:45:00,load_634_abc,634,b,682.530182378279,285.20504638947943,32.87434858596611,24.65576143947459
2024-01-01 05:45:00,load_634_abc,634,c,674.5756676204758,283.30376432531887,32.87434858596611,24.65576143947459
2024-01-01 05:45:00,load_645_b,645,b,5915.0740317597765,74.03793486702031,180.00959572678042,132.35999685792677
2024-01-01 05:45:00,load_646_b,646,b,5912.140636852156,40.07966326107649,355.04544735040855,203.7652132619736
2024-01-01 05:45:00,load_652_a,652,a,5777.1157062486855,31.648641015759793,151.7764552872761,101.97480589613862
2024-01-01 05:45:00,load_671_abc,671,a,5788.15926028995,215.36654036740907,344.7648942068088,197.0085109753193
2024-01-01 05:45:00,load_671_abc,671,b,5940.394721131968,74.18159116942724,344.7648942068088,197.0085109753193
2024-01-01 05:45:00,load_671_abc,671,c,5801.406831242179,169.11794617265227,344.7648942068088,197.0085109753193
2024-01-01 05:45:00,load_675_abc,675,a,5776.4008656366295,106.6745772230812,611.7151660441373,239.6409928832703
2024-01-01 05:45:00,load_675_abc,675,b,5945.3735536296,22.10987275524511,85.76625008453884,75.67610301576956
2024-01-01 05:45:00,load_675_abc,675,c,5794.677005224577,65.47759623860708,365.7678312428862,267.3888973223858
2024-01-01 05:45:00,load_692_c,692,c,5801.350805751681,89.64636392056981,182.02620340290326,161.68209831669643
2024-01-01 05:45:00,load_611_c,611,c,5798.755096518815,13.294229214399877,76.64518654055901,36.068323077910115
2024-01-01 06:00:00,load_634_abc,634,a,671.3834032766056,281.81829852234995,45.60592298147987,31.35407204976741
2024-01-01 06:00:00,load_634_abc,634,b,681.4870408371341,285.0112449259368,34.204442236109905,25.653331677082427
2024-01-01 06:00:00,load_634_abc,634,c,673.1787885773949,283.0278840370441,34.204442236109905,25.653331677082427
2024-01-01 06:00:00,load_645_b,645,b,5905.511696778193,77.16842242045574,187.2927703154733,137.71527229078916
2024-01-01 06:00:00,load_646_b,646,b,5902.453643735877,41.77467128990628,369.41055921865825,212.00953833418646
2024-01-01 06:00:00,load_652_a,652,a,5760.853617387238,33.02221064443412,157.91731915537773,106.10069880751941
2024-01-01 06:00:00,load_671_abc,671,a,5772.385302272871,225.26921739868783,358.7140556746875,204.97946038553567
2024-01-01 06:00:00,load_671_abc,671,b,5931.494626516128,77.60716821342821,358.7140556746875,204.97946038553567
2024-01-01 06:00:00,load_671_abc,671,c,5786.4097587817605,176.9285742207259,358.7140556746875,204.97946038553567
2024-01-01 06:00:00,load_675_abc,675,a,5760.062275170436,111.4726422591482,636.4651152613606,249.3368492776464
2024-01-01 06:00:00,load_675_abc,675,b,5936.635933611322,22.083045017989807,89.23634605726292,78.73795240346729
2024-01-01 06:00:00,load_675_abc,675,c,5779.338573882595,68.66979880413868,380.56676995009184,278.20743182558437
2024-01-01 06:00:00,load_692_c,692,c,5786.350982092708,93.85714444433003,189.3909697852047,168.22374375038768
2024-01-01 06:00:00,load_611_c,611,c,5783.626362529237,13.893555507377407,79.74624497416104,37.527644693722834
2024-01-01 06:15:00,load_634_abc,634,a,669.8804379202901,281.4900677146698,47.3788033858902,32.57292732779951
2024-01-01 06:15:00,load_634_abc,634,b,680.4361002403689,284.8148742664417,35.534102539417646,26.650576904563234
2024-01-01 06:15:00,load_634_abc,634,c,671.7712957539575,282.7489990385838,35.534102539417646,26.650576904563234
2024-01-01 06:15:00,load_645_b,645,b,5895.880052976102,80.30993507158738,194.5735720331552,143.06880296555528
2024-01-01 06:15:00,load_646_b,646,b,5892.69684630804,43.475677774168766,383.7709909083529,220.25117739088083
2024-01-01 06:15:00,load_652_a,652,a,5744.458902138751,34.4039316735495,164.0561823192978,110.22524749577818
2024-01-01 06:15:00,load_671_abc,671,a,5756.481605076656,235.2352505526879,372.65867248137863,212.94781284650207
2024-01-01 06:15:00,load_671_abc,671,b,5922.52932575932,81.07425738053381,372.65867248137863,212.94781284650207
2024-01-01 06:15:00,load_671_abc,671,c,5771.305984971145,184.7907222526901,372.65867248137863,212.94781284650207
2024-01-01 06:15:00,load_675_abc,675,a,5743.590526789919,116.31370449289142,661.2070009018695,259.0295467450623
2024-01-01 06:15:00,load_675_abc,675,b,5927.834075076032,22.087860697496577,92.70531146665387,81.79880423528283
2024-01-01 06:15:00,load_675_abc,675,c,5763.89183992551,71.90114975920069,395.3608871372002,289.02244163133264
2024-01-01 06:15:00,load_692_c,692,c,5771.244443671024,98.10711143361124,196.75333671374617,174.76325790456275
2024-01-01 06:15:00,load_611_c,611,c,5768.390284745739,14.499294783969416,82.84629307750517,38.986490860002434
2024-01-01 06:30:00,load_634_abc,634,a,668.414533919175,281.1695528371724,49.09264490658902,33.75119337327995
2024-01-01 06:30:00,load_634_abc,634,b,679.4122876903139,284.6224962059201,36.81948367994176,27.614612759956323
2024-01-01 06:30:00,load_634_abc,634,c,670.3999612070811,282.476407337056,36.81948367994176,27.614612759956323
2024-01-01 06:30:00,load_645_b,645,b,5886.499129409684,83.35847693952476,201.61191497873526,148.24405513142298
2024-01-01 06:30:00,load_646_b,646,b,5883.1944182176885,45.12637154379118,397.65320429608784,228.21836072645044
2024-01-01 06:30:00,load_652_a,652,a,5728.476414124364,35.747992362690866,169.99061453144355,114.21244413831363
2024-01-01 06:30:00,load_671_abc,671,a,5740.976742856357,244.93303917864117,386.138918082881,220.65081033307484
2024-01-01 06:30:00,load_671_abc,671,b,5913.796753968238,84.46394010737805,386.138918082881,220.65081033307484
2024-01-01 06:30:00,load_671_abc,671,c,5756.597164995647,192.4421636822914,386.138918082881,220.65081033307484
2024-01-01 06:30:00,load_675_abc,675,a,5727.533029219385,121.03516256564481,685.1249543101195,268.39946663695406
2024-01-01 06:30:00,load_675_abc,675,b,5919.260493093183,22.122869679062454,96.0587564805941,84.75772630640654
2024-01-01 06:30:00,load_675_abc,675,c,5748.849823398599,75.06115084831765,409.66234381429825,299.4772996159698
2024-01-01 06:30:00,load_692_c,692,c,5756.532937292452,102.25293773581176,203.87052865820286,181.084998984639
2024-01-01 06:30:00,load_611_c,611,c,5753.552903280272,15.090897172221979,85.8431061408443,40.39675583098555
2024-01-01 06:45:00,load_634_abc,634,a,667.0407418352596,280.86884364220776,50.68515468598749,34.846043846616396
2024-01-01 06:45:00,load_634_abc,634,b,678.4539047096505,284.4414541039172,38.01386601449062,28.510399510867963
2024-01-01 06:45:00,load_634_abc,634,c,669.1161022374754,282.2204295645277,38.01386601449062,28.510399510867963
2024-01-01 06:45:00,load_645_b,645,b,5877.71958670968,86.2016298679677,208.1519770767909,153.05292432116977
2024-01-01 06:45:00,load_646_b,646,b,5874.301507946724,46.665877339826025,410.55262370719527,235.62150577978164
2024-01-01 06:45:00,load_652_a,652,a,5713.50524411538,37.004417895087705,175.50491746953898,117.91736642484649
2024-01-01 06:45:00,load_671_abc,671,a,5726.452048731112,254.00077700185923,398.66482709477856,227.80847262558777
2024-01-01 06:45:00,load_671_abc,671,b,5905.623445480269,87.64542132352477,398.66482709477856,227.80847262558777
2024-01-01 06:45:00,load_671_abc,671,c,5742.832758799768,199.59687979452224,398.66482709477856,227.80847262558777
2024-01-01 06:45:00,load_675_abc,675,a,5712.4916713280845,125.45857725652316,707.3496315896759,277.10604124131635
2024-01-01 06:45:00,load_675_abc,675,b,5911.235809295176,22.182288798984793,99.1747937074185,87.50717091831042
2024-01-01 06:45:00,load_675_abc,675,c,5734.7743229870985,78.0280355547333,422.9513261051671,309.1920039113635
2024-01-01 06:45:00,load_692_c,692,c,5742.766022443383,106.137429982746,210.48385762503858,186.95919118459307
2024-01-01 06:45:00,load_611_c,611,c,5739.668442083841,15.645763797677958,88.62775924485516,41.7071808211083
2024-01-01 07:00:00,load_634_abc,634,a,665.8159802712153,280.60048638241847,52.09384993034978,35.81452182711548
2024-01-01 07:00:00,load_634_abc,634,b,677.6003905813492,284.2794448833344,39.07038744776233,29.302790585821747
2024-01-01 07:00:00,load_634_abc,634,c,667.9725873771575,281.9918070873998,39.07038744776233,29.302790585821747
2024-01-01 07:00:00,load_645_b,645,b,5869.902238592601,88.72512255407443,213.9371562289372,157.30673252127733
2024-01-01 07:00:00,load_646_b,646,b,5866.383498180051,48.03231316718395,421.9631349734591,242.1701470282461
2024-01-01 07:00:00,load_652_a,652,a,5700.163837144998,38.12197943638615,180.3827351290338,121.19465016481956
2024-01-01 07:00:00,load_671_abc,671,a,5713.507765528768,262.0676554208058,409.7449401871075,234.13996582120427
2024-01-01 07:00:00,load_671_abc,671,b,5898.345458498023,90.4840863567793,409.7449401871075,234.13996582120427
2024-01-01 07:00:00,load_671_abc,671,c,5730.577975161041,205.96190553709195,409.7449401871075,234.13996582120427
2024-01-01 07:00:00,load_675_abc,675,a,5699.087776790296,129.40027505805926,727.0090381416554,284.80766442662787
2024-01-01 07:00:00,load_675_abc,675,b,5904.090020948622,22.25647396693954,101.93116411058261,89.93926245051406
2024-01-01 07:00:00,load_675_abc,675,c,5722.243139614255,80.67620621188875,434.70643517748465,317.78539399181636
2024-01-01 07:00:00,load_692_c,692,c,5730.509009554735,109.59893959256154,216.33384685932992,192.15535809269892
2024-01-01 07:00:00,load_611_c,611,c,5727.306974886638,16.140613764681326,91.09099534900044,42.866350752470794
2024-01-01 07:15:00,load_634_abc,634,a,664.7951478267437,280.37662012293123,53.26007059244564,36.61629853230638
2024-01-01 07:15:00,load_634_abc,634,b,676.889645727784,284.14397843063455,39.94505294433422,29.95878970825067
2024-01-01 07:15:00,load_634_abc,634,c,667.0202468185767,281.8009577220182,39.94505294433422,29.95878970825067
2024-01-01 07:15:00,load_645_b,645,b,5863.3936001733255,90.82038253310459,218.72654945515868,160.82834518761666
2024-01-01 07:15:00,load_646_b,646,b,5859.791251241622,49.166880521296555,431.40958838987467,247.59158985853674
2024-01-01 07:15:00,load_652_a,652,a,5689.047886410199,39.05163126451224,184.42094833604585,123.90782466328079
2024-01-01 07:15:00,load_671_abc,671,a,5702.722160754701,268.7788216562858,418.917865898575,239.3816376563286
2024-01-01 07:15:00,load_671_abc,671,b,5892.285586648276,92.85087947208123,418.917865898575,239.3816376563286
2024-01-01 07:15:00,load_671_abc,671,c,5720.375516856087,211.2570789575525,418.917865898575,239.3816376563286
2024-01-01 07:15:00,load_675_abc,675,a,5687.919803750799,132.68390933865385,743.2845286831457,291.18362979339736
2024-01-01 07:15:00,load_675_abc,675,b,5898.140119363503,22.333230468716064,104.21308855763695,91.95272519791494
2024-01-01 07:15:00,load_675_abc,675,c,5711.810982781713,82.88498016902442,444.4381717899222,324.8996290326328
2024-01-01 07:15:00,load_692_c,692,c,5720.304698388993,112.48244023646403,221.1768945982732,196.45712402552502
2024-01-01 07:15:00,load_611_c,611,c,5717.015845884797,16.553094136627156,93.13024184448726,43.82599616211165
2024-01-01 07:30:00,load_634_abc,634,a,664.0268975059245,280.20803057575637,54.13300979274009,37.21644423250881
2024-01-01 07:30:00,load_634_abc,634,b,676.3551537696372,284.0417729397299,40.599757344555066,30.449818008416297
2024-01-01 07:30:00,load_634_abc,634,c,666.3040065849683,281.65715569407683,40.599757344555066,30.449818008416297
2024-01-01 07:30:00,load_645_b,645,b,5858.499642629356,92.39240146492682,222.3115048831305,163.46434182583124
2024-01-01 07:30:00,load_646_b,646,b,5854.834546993297,50.01812480043137,438.4804453545636,251.64964689914083
2024-01-01 07:30:00,load_652_a,652,a,5680.684731391529,39.75017325169357,187.44363068263758,125.9386893648971
2024-01-01 07:30:00,load_671_abc,671,a,5694.60722568931,273.8218787209225,425.78398197350253,243.30513255628716
2024-01-01 07:30:00,load_671_abc,671,b,5887.728890825884,94.63213852025841,425.78398197350253,243.30513255628716
2024-01-01 07:30:00,load_671_abc,671,c,5712.704526399353,215.2359331062795,425.78398197350253,243.30513255628716
2024-01-01 07:30:00,load_675_abc,675,a,5679.517533932928,135.15385228285038,755.4670548203144,295.9561658058963
2024-01-01 07:30:00,load_675_abc,675,b,5893.666055075761,22.399751818836688,105.92115407789976,93.45984183344096
2024-01-01 07:30:00,load_675_abc,675,c,5703.967533534295,84.54784614935981,451.72256886163126,330.224774478158
2024-01-01 07:30:00,load_692_c,692,c,5712.632316631502,114.65127148701902,224.80201148877947,199.6770807929747
2024-01-01 07:30:00,load_611_c,611,c,5709.278273431712,16.863485884263465,94.65665812472567,44.54430970575325
2024-01-01 07:45:00,load_634_abc,634,a,663.5495404293147,280.103227453817,54.67337847803666,37.5879477036502
2024-01-01 07:45:00,load_634_abc,634,b,676.023215563049,283.9781563806259,41.0050338585275,30.753775393895623
2024-01-01 07:45:00,load_634_abc,634,c,665.8591679166324,281.56772877529465,41.0050338585275,30.753775393895623
2024-01-01 07:45:00,load_645_b,645,b,5855.460602651805,93.36710674699482,224.53067163701957,165.0960820860438
2024-01-01 07:45:00,load_646_b,646,b,5851.756594378221,50.5459286556401,442.8574623113461,254.16167402216388
2024-01-01 07:45:00,load_652_a,652,a,5675.489265885942,40.18374868287151,189.3147379546514,127.1958395632814
2024-01-01 07:45:00,load_671_abc,671,a,5689.565825809983,276.95211557095035,430.0342597880979,245.73386273605595
2024-01-01 07:45:00,load_671_abc,671,b,5884.8992098073295,95.7388516423068,430.0342597880979,245.73386273605595
2024-01-01 07:45:00,load_671_abc,671,c,5707.941179508987,217.7055228604914,430.0342597880979,245.73386273605595
2024-01-01 07:45:00,load_675_abc,675,a,5674.29777945159,136.68798182379751,763.0083081288061,298.9104712257179
2024-01-01 07:45:00,load_675_abc,675,b,5890.887662108424,22.444807840558227,106.97848443867798,94.3927803870688
2024-01-01 07:45:00,load_675_abc,675,c,5699.097203536523,85.58124547449212,456.2317718708325,333.52115736764307
2024-01-01 07:45:00,load_692_c,692,c,5707.868106590148,115.99829833050487,227.04603907685026,201.67030529767285
2024-01-01 07:45:00,load_611_c,611,c,5704.473619768288,17.05632360651516,95.60154358557962,44.98896168733158
2024-01-01 08:00:00,load_634_abc,634,a,663.3876039064373,280.06766601427813,54.85633680843699,37.71373155580043
2024-01-01 08:00:00,load_634_abc,634,b,675.9106402752279,283.9565562082749,41.142252606327745,30.856689454745805
2024-01-01 08:00:00,load_634_abc,634,c,665.7082979508115,281.5373790553231,41.142252606327745,30.856689454745805
2024-01-01 08:00:00,load_645_b,645,b,5854.429974936794,93.6974001658829,225.2820383524106,165.6485576120666
2024-01-01 08:00:00,load_646_b,646,b,5850.712779220849,50.72478345113082,444.3394351501448,255.01219756443095
2024-01-01 08:00:00,load_652_a,652,a,5673.726957947384,40.33075174801363,189.94825849683397,127.6214861775603
2024-01-01 08:00:00,load_671_abc,671,a,5687.855753390026,278.01342750845413,431.47332121755363,246.55618355288777
2024-01-01 08:00:00,load_671_abc,671,b,5883.939569337635,96.1142619196465,431.47332121755363,246.55618355288777
2024-01-01 08:00:00,load_671_abc,671,c,5706.3258171377,218.5428226563812,431.47332121755363,246.55618355288777
2024-01-01 08:00:00,load_675_abc,675,a,5672.527234458068,137.20830607900513,765.5616298737374,299.91074160002086
2024-01-01 08:00:00,load_675_abc,675,b,5889.945410726944,22.46073326549019,107.3364759410601,94.70865524211185
2024-01-01 08:00:00,load_675_abc,675,c,5697.445579150232,85.93183096803901,457.7585003368739,334.6372485221285
2024-01-01 08:00:00,load_692_c,692,c,5706.252451640629,116.45514848821404,227.80582318732363,202.34517236050507
2024-01-01 08:00:00,load_611_c,611,c,5702.844255858214,17.121735135760172,95.92146343112454,45.13951220288214
2024-01-01 08:15:00,load_634_abc,634,a,663.5495321517656,280.10322563730057,54.67338783520209,37.58795413670144
2024-01-01 08:15:00,load_634_abc,634,b,676.0232098083665,283.9781552780382,41.005040876401566,30.753780657301178
2024-01-01 08:15:00,load_634_abc,634,c,665.8591602043306,281.5677272251024,41.005040876401566,30.753780657301178
2024-01-01 08:15:00,load_645_b,645,b,5855.460549966834,93.36712363573344,224.53071006469128,165.09611034168475
2024-01-01 08:15:00,load_646_b,646,b,5851.756541018962,50.545937800935214,442.8575381049161,254.1617175210823
2024-01-01 08:15:00,load_652_a,652,a,5675.489175801188,40.18375619847551,189.31477035523412,127.19586133242292
2024-01-01 08:15:00,load_671_abc,671,a,5689.565738395793,276.95216983031554,430.0343333870198,245.73390479258276
2024-01-01 08:15:00,load_671_abc,671,b,5884.899160752022,95.73887083273625,430.0343333870198,245.73390479258276
2024-01-01 08:15:00,load_671_abc,671,c,5707.941096931167,217.70556566747712,430.0343333870198,245.73390479258276
2024-01-01 08:15:00,load_675_abc,675,a,5674.2976889457395,136.6880084233354,763.0084387151202,298.91052238324295
2024-01-01 08:15:00,load_675_abc,675,b,5890.887613942141,22.44480864637345,106.97850274768696,94.39279654207672
2024-01-01 08:15:00,load_675_abc,675,c,5699.097119104645,85.5812633956627,456.2318499533708,333.52121444867106
2024-01-01 08:15:00,load_692_c,692,c,5707.868023997367,115.99832168287588,227.04607793501867,201.67033981286949
2024-01-01 08:15:00,load_611_c,611,c,5704.47353647459,17.056326950322692,95.60155994746329,44.98896938704155
2024-01-01 08:30:00,load_634_abc,634,a,664.0268774168321,280.2080261626632,54.13303256669508,37.216459889602866
2024-01-01 08:30:00,load_634_abc,634,b,676.3551397976288,284.0417702608937,40.59977442502131,30.449830818765978
2024-01-01 08:30:00,load_634_abc,634,c,666.3039878611362,281.65715192860654,40.59977442502131,30.449830818765978
2024-01-01 08:30:00,load_645_b,645,b,5858.499514704909,92.39244251831018,222.3115984103928,163.46441059587704
2024-01-01 08:30:00,load_646_b,646,b,5854.834417430022,50.01814703079541,438.48062982488875,251.6497527690666
2024-01-01 08:30:00,load_652_a,652,a,5680.684512728948,39.75019150595377,187.44370954085778,125.9387423477638
2024-01-01 08:30:00,load_671_abc,671,a,5694.607013513171,273.82201050638145,425.7841611023792,243.30523491564526
2024-01-01 08:30:00,load_671_abc,671,b,5887.728771715752,94.6321850957034,425.7841611023792,243.30523491564526
2024-01-01 08:30:00,load_671_abc,671,c,5712.704325889295,215.2360370792203,425.7841611023792,243.30523491564526
2024-01-01 08:30:00,load_675_abc,675,a,5679.517314247907,135.15391685548136,755.4673726480642,295.9562903157365
2024-01-01 08:30:00,load_675_abc,675,b,5893.66593812494,22.399753655363593,105.92119863931623,93.45988115233783
2024-01-01 08:30:00,load_675_abc,675,c,5703.967328519096,84.54788963717928,451.7227589029662,330.22491340492707
2024-01-01 08:30:00,load_692_c,692,c,5712.6321160851,114.65132818558877,224.80210606380697,199.67716479785204
2024-01-01 08:30:00,load_611_c,611,c,5709.278071182251,16.863494000220744,94.65669794712755,44.54432844570708
2024-01-01 08:45:00,load_634_abc,634,a,664.7951076320988,280.3766113068409,53.26011637129786,36.61633000526728
2024-01-01 08:45:00,load_634_abc,634,b,676.8896177546698,284.14397309105124,39.945087278473395,29.958815458855046
2024-01-01 08:45:00,load_634_abc,634,c,667.0202093346813,281.80095020409425,39.945087278473395,29.958815458855046
2024-01-01 08:45:00,load_645_b,645,b,5863.393344028737,90.82046489036273,218.7267374581086,160.82848342507987
2024-01-01 08:45:00,load_646_b,646,b,5859.790991810157,49.166925117383016,431.4099592011705,247.59180267197615
2024-01-01 08:45:00,load_652_a,652,a,5689.047448797618,39.05166783711911,184.42110685215835,123.90793116629388
2024-01-01 08:45:00,load_671_abc,671,a,5702.721736137891,268.77908568131573,418.9182259728082,239.38184341303327
2024-01-01 08:45:00,load_671_abc,671,b,5892.285348160995,92.85097266825305,418.9182259728082,239.38184341303327
2024-01-01 08:45:00,load_671_abc,671,c,5720.375115352499,211.25728727103575,418.9182259728082,239.38184341303327
2024-01-01 08:45:00,load_675_abc,675,a,5687.9193640909025,132.68403859673708,743.2851675616195,291.183880075686
2024-01-01 08:45:00,load_675_abc,675,b,5898.139885202468,22.3332337539769,104.21317813235078,91.95280423442715
2024-01-01 08:45:00,load_675_abc,675,c,5711.810572245862,82.88506716001669,444.4385537997312,324.8999082949759
2024-01-01 08:45:00,load_692_c,692,c,5720.304296812545,112.48255373741634,221.17708470737864,196.4572928871422
2024-01-01 08:45:00,load_611_c,611,c,5717.015440894249,16.553110377538864,93.13032189311528,43.82603383205424
2024-01-01 09:00:00,load_634_abc,634,a,665.8159041286887,280.6004696905904,52.09393718537426,35.814581814944795
2024-01-01 09:00:00,load_634_abc,634,b,677.6003375456391,284.27943479324955,39.07045288903069,29.302839666773014
2024-01-01 09:00:00,load_634_abc,634,c,667.9725163171131,281.9917928617557,39.07045288903069,29.302839666773014
2024-01-01 09:00:00,load_645_b,645,b,5869.9017528818995,88.72527910990281,213.9375145647451,157.30699600348905
2024-01-01 09:00:00,load_646_b,646,b,5866.383006223189,48.03239794048343,421.9638417440994,242.1705526531353
2024-01-01 09:00:00,load_652_a,652,a,5700.163007884485,38.122048839881906,180.38303726258678,121.19485316080049
2024-01-01 09:00:00,load_671_abc,671,a,5713.506960930492,262.0681564247433,409.7456264927815,234.14035799587515
2024-01-01 09:00:00,load_671_abc,671,b,5898.345006287228,90.4842628755373,409.7456264927815,234.14035799587515
2024-01-01 09:00:00,load_671_abc,671,c,5730.57721377203,205.96230084074395,409.7456264927815,234.14035799587515
2024-01-01 09:00:00,load_675_abc,675,a,5699.086943647458,129.40052004415483,727.0102558514523,284.8081414675793
2024-01-01 09:00:00,load_675_abc,675,b,5904.089576947713,22.256479190404367,101.93133484102837,89.93941309502503
2024-01-01 09:00:00,load_675_abc,675,c,5722.242361069305,80.676370917266,434.7071632926209,317.7859262690884
2024-01-01 09:00:00,load_692_c,692,c,5730.508248027347,109.59915473123165,216.33420920949467,192.15567994490408
2024-01-01 09:00:00,load_611_c,611,c,5727.30620687534,16.140644531304947,91.09114792261593,42.866422551819255
2024-01-01 09:15:00,load_634_abc,634,a,667.0406012960497,280.86881286203425,50.68531692716203,34.8461553874239
2024-01-01 09:15:00,load_634_abc,634,b,678.4538067212864,284.4414355451482,38.01398769537152,28.510490771528637
2024-01-01 09:15:00,load_634_abc,634,c,669.1159709632168,282.22040335148847,38.01398769537152,28.510490771528637
2024-01-01 09:15:00,load_645_b,645,b,5877.7186891515275,86.2019200393889,208.15264336303295,153.0534142375242
2024-01-01 09:15:00,load_646_b,646,b,5874.300598815866,46.666034462560035,410.5539378698981,235.62225999489806
2024-01-01 09:15:00,load_652_a,652,a,5713.503712907938,37.00454627093184,175.50547925383506,117.91774387367042
2024-01-01 09:15:00,load_671_abc,671,a,5726.450563142163,254.0017035938021,398.6661032051149,227.80920183149425
2024-01-01 09:15:00,load_671_abc,671,b,5905.622609871464,87.64574695745736,398.6661032051149,227.80920183149425
2024-01-01 09:15:00,load_671_abc,671,c,5742.831351696257,199.59761090969448,398.6661032051149,227.80920183149425
2024-01-01 09:15:00,load_675_abc,675,a,5712.490132945717,125.45902967035587,707.3518957878567,277.1069282467892
2024-01-01 09:15:00,load_675_abc,675,b,5911.234988872189,22.182296174183527,99.17511116200879,87.50745102530186
2024-01-01 09:15:00,load_675_abc,675,c,5734.772884116232,78.02833927854637,422.9526799556257,309.1929936227333
2024-01-01 09:15:00,load_692_c,692,c,5742.764615083678,106.13782728640477,210.48453137553793,186.95978963356603
2024-01-01 09:15:00,load_611_c,611,c,5739.6670227198565,15.64582057414321,88.62804293880548,41.70731432414376
2024-01-01 09:30:00,load_634_abc,634,a,668.4142793541455,281.16949714408145,49.09294122038046,33.75139708901156
2024-01-01 09:30:00,load_634_abc,634,b,679.4121100025069,284.62246272458106,36.81970591528534,27.614779436464005
2024-01-01 09:30:00,load_634_abc,634,c,670.39972318955,282.4763599488221,36.81970591528534,27.614779436464005
2024-01-01 09:30:00,load_645_b,645,b,5886.497501482126,83.35900501682782,201.61313186959617,148.24494990411483
2024-01-01 09:30:00,load_646_b,646,b,5883.192769238055,45.12665748411358,397.65560445458135,228.21973820871628
2024-01-01 09:30:00,load_652_a,652,a,5728.473639322909,35.748225463761095,169.9916405621982,114.2131335027269
2024-01-01 09:30:00,load_671_abc,671,a,5740.974050889008,244.93472130854622,386.14124874335073,220.65214213905753
2024-01-01 09:30:00,load_671_abc,671,b,5913.795238499717,84.46452927792129,386.14124874335073,220.65214213905753
2024-01-01 09:30:00,load_671_abc,671,c,5756.594612630061,192.44349091138122,386.14124874335073,220.65214213905753
2024-01-01 09:30:00,load_675_abc,675,a,5727.5302414024,121.03598238414847,685.1290895929752,268.4010866446707
2024-01-01 09:30:00,load_675_abc,675,b,5919.259005198499,22.122878323020885,96.05933627282951,84.75823788779074
2024-01-01 09:30:00,load_675_abc,675,c,5748.847213282579,75.0617001833425,409.66481645765526,299.47910720352735
2024-01-01 09:30:00,load_692_c,692,c,5756.530384461207,102.25365765239154,203.8717591816229,181.0860919789709
2024-01-01 09:30:00,load_611_c,611,c,5753.55032863003,15.090999958156717,85.84362427337308,40.396999658057915
2024-01-01 09:45:00,load_634_abc,634,a,669.8799844657935,281.48996862620777,47.379335869295325,32.573293410140536
2024-01-01 09:45:00,load_634_abc,634,b,680.4357833539914,284.814814886808,35.534501901971495,26.65087642647862
2024-01-01 09:45:00,load_634_abc,634,c,671.7708713311313,282.748914805565,35.534501901971495,26.65087642647862
2024-01-01 09:45:00,load_645_b,645,b,5895.877149110653,80.31088045267565,194.575758816923,143.07041089479634
2024-01-01 09:45:00,load_646_b,646,b,5892.6939047713095,43.47618966539073,383.77530405409374,220.25365276147988
2024-01-01 09:45:00,load_652_a,652,a,5744.453956997529,34.404347982997784,164.0580261226096,110.22648630112832
2024-01-01 09:45:00,load_671_abc,671,a,5756.476807876647,235.23825387974935,372.66286073740645,212.95020613566084
2024-01-01 09:45:00,load_671_abc,671,b,5922.526622687371,81.07530484930354,372.66286073740645,212.95020613566084
2024-01-01 09:45:00,load_671_abc,671,c,5771.301431591071,184.79309173169366,372.66286073740645,212.95020613566084
2024-01-01 09:45:00,load_675_abc,675,a,5743.585558426928,116.31516511004791,661.2144321101349,259.03245794005284
2024-01-01 09:45:00,load_675_abc,675,b,5927.831421249268,22.087866928824393,92.70635336801892,81.79972356001669
2024-01-01 09:45:00,load_675_abc,675,c,5763.887183277222,71.90212611277526,395.36533054008066,289.02568991205897
2024-01-01 09:45:00,load_692_c,692,c,5771.239889458426,98.10839386902515,196.75554799556875,174.7652220431228
2024-01-01 09:45:00,load_611_c,611,c,5768.385691524053,14.499477682367681,82.84722417481214,38.986929023441
2024-01-01 10:00:00,load_634_abc,634,a,671.3826083472576,281.8181250196413,45.60686489511683,31.354719615392824
2024-01-01 10:00:00,load_634_abc,634,b,681.4864846562227,285.0111412955394,34.205148671337625,25.65386150350322
2024-01-01 10:00:00,load_634_abc,634,c,673.1780437470841,283.02773669099787,34.205148671337625,25.65386150350322
2024-01-01 10:00:00,load_645_b,645,b,5905.506598921191,77.17008825888561,187.29663853264623,137.7181165681222
2024-01-01 10:00:00,load_646_b,646,b,5902.44847952917,41.775573268733915,369.4181887724666,212.01391703463298
2024-01-01 10:00:00,load_652_a,652,a,5760.844943901121,33.02294243963252,157.920580672012,106.10289013900805
2024-01-01 10:00:00,load_671_abc,671,a,5772.376888845146,225.27449455255697,358.72146431020496,204.9836938915457
2024-01-01 10:00:00,load_671_abc,671,b,5931.489881525735,77.60899918130542,358.72146431020496,204.9836938915457
2024-01-01 10:00:00,load_671_abc,671,c,5786.401764105175,176.9327369851043,358.72146431020496,204.9836938915457
2024-01-01 10:00:00,load_675_abc,675,a,5760.053560906287,111.47520251934525,636.4782603778789,249.34199891092163
2024-01-01 10:00:00,load_675_abc,675,b,5936.631275183326,22.08303914612516,89.2381890839088,78.73957860344893
2024-01-01 10:00:00,load_675_abc,675,c,5779.330397452072,68.67150512150937,380.57462991666983,278.21317773218624
2024-01-01 10:00:00,load_692_c,692,c,5786.342985951135,93.85939176750963,189.39488133715884,168.22721812888813
2024-01-01 10:00:00,load_611_c,611,c,5783.618297743919,13.893875601892702,79.74789199872993,37.5284197641082
2024-01-01 10:15:00,load_634_abc,634,a,672.8720812804191,282.1430171895241,43.834105047068455,30.135947219859563
2024-01-01 10:15:00,load_634_abc,634,b,682.5292212988926,285.204868343143,32.87557878530134,24.656684088976004
2024-01-01 10:15:00,load_634_abc,634,c,674.5743807060694,283.30351057570664,32.87557878530134,24.656684088976004
2024-01-01 10:15:00,load_645_b,645,b,5915.06522067996,74.0408247402843,180.01633191151177,132.3649499349351
2024-01-01 10:15:00,load_646_b,646,b,5912.131710721322,40.08122797469301,355.0587335961319,203.77283841169307
2024-01-01 10:15:00,load_652_a,652,a,5777.100728400218,31.649907508421574,151.78213495249923,101.97862192121042
2024-01-01 10:15:00,load_671_abc,671,a,5788.14473252441,215.37566861695618,344.77779574134576,197.01588328076903
2024-01-01 10:15:00,load_671_abc,671,b,5940.386520589092,74.18473884819159,344.77779574134576,197.01588328076903
2024-01-01 10:15:00,load_671_abc,671,c,5801.393011446594,169.12514506548985,344.77779574134576,197.01588328076903
2024-01-01 10:15:00,load_675_abc,675,a,5776.385817285191,106.67899403486534,611.7380571924942,239.64996054963692
2024-01-01 10:15:00,load_675_abc,675,b,5945.365502893714,22.109833442504016,85.7694595651332,75.67893491041166
2024-01-01 10:15:00,load_675_abc,675,c,5794.662870489308,65.48052938195721,365.7815187336563,267.3989033501212
2024-01-01 10:15:00,load_692_c,692,c,5801.336983418052,89.65023925644445,182.03301505162185,161.68814866349936
2024-01-01 10:15:00,load_611_c,611,c,5798.741155262849,13.29478038110805,76.64805469952142,36.069672799774786
2024-01-01 10:30:00,load_634_abc,634,a,674.305679661399,282.4553479343954,42.112882998281556,28.95260706131857
2024-01-01 10:30:00,load_634_abc,634,b,683.5339890191565,285.3904891844487,31.58466224871117,23.688496686533377
2024-01-01 10:30:00,load_634_abc,634,c,675.9197233065939,283.5683584341117,31.58466224871117,23.688496686533377
2024-01-01 10:30:00,load_645_b,645,b,5924.277838646263,71.01386398358403,172.94767887764402,127.16741093944414
2024-01-01 10:30:00,load_646_b,646,b,5921.4648115827085,38.44230234355598,341.1167375128586,195.7713450073797
2024-01-01 10:30:00,load_652_a,652,a,5792.754570236737,30.3248398069895,145.82214655963338,97.97425471975367
2024-01-01 10:30:00,load_671_abc,671,a,5803.327670640719,205.82814210338336,331.23949848798736,189.27971342170704
2024-01-01 10:30:00,load_671_abc,671,b,5948.960440115293,70.90377464688854,331.23949848798736,189.27971342170704
2024-01-01 10:30:00,load_671_abc,671,c,5815.843608970848,161.59674914826283,331.23949848798736,189.27971342170704
2024-01-01 10:30:00,load_675_abc,675,a,5792.113388009818,102.06585328811062,587.7171029380123,230.2396898107677
2024-01-01 10:30:00,load_675_abc,675,b,5953.782688993155,22.165701606205126,82.40157319543266,72.70727046655821
2024-01-01 10:30:00,load_675_abc,675,c,5809.44316464355,62.42314934705822,351.4184739216981,256.8990223151724
2024-01-01 10:30:00,load_692_c,692,c,5815.790237680209,85.60372836936175,174.88517346166415,155.33918348653697
2024-01-01 10:30:00,load_611_c,611,c,5813.318892984964,12.719725722673541,73.63833608877806,34.65333463001321
2024-01-01 10:45:00,load_634_abc,634,a,675.6493888923202,282.7477578273612,40.48616642735755,27.83423941880832
2024-01-01 10:45:00,load_634_abc,634,b,684.4767689188452,285.56371508804045,30.364624820518163,22.773468615388623
2024-01-01 10:45:00,load_634_abc,634,c,677.1819408096015,283.81607431824636,30.364624820518163,22.773468615388623
2024-01-01 10:45:00,load_645_b,645,b,5932.923936937678,68.16319541195301,166.26713755387416,122.25524820137804
2024-01-01 10:45:00,load_646_b,646,b,5930.224328855375,36.89885395102618,327.9402411529598,188.20918187908995
2024-01-01 10:45:00,load_652_a,652,a,5807.433976591784,29.079667579525243,140.18939749740593,94.1897514435696
2024-01-01 10:45:00,load_671_abc,671,a,5817.5645581904755,196.86239758180002,318.4445354559633,181.96830597483614
2024-01-01 10:45:00,load_671_abc,671,b,5957.006488019547,67.84569881817903,318.4445354559633,181.96830597483614
2024-01-01 10:45:00,load_671_abc,671,c,5829.407489524113,154.52966214542803,318.4445354559633,181.96830597483614
2024-01-01 10:45:00,load_675_abc,675,a,5806.862014973066,97.74667194573608,565.0150440359008,221.34609972540446
2024-01-01 10:45:00,load_675_abc,675,b,5961.68145809599,22.2450808222288,79.21860411225002,69.89876833433826
2024-01-01 10:45:00,load_675_abc,675,c,5823.317207408378,59.573170009620824,337.8440469493015,246.9756481146618
2024-01-01 10:45:00,load_692_c,692,c,5829.356617148094,81.81749230095987,168.12979151142775,149.3388148130917
2024-01-01 10:45:00,load_611_c,611,c,5827.002360016051,12.18256719252172,70.79386919308311,33.31476197321558
2024-01-01 11:00:00,load_634_abc,634,a,676.8783740702844,283.01491304212215,38.986893956757356,26.803489595270683
2024-01-01 11:00:00,load_634_abc,634,b,685.3399067998707,285.7215032323539,29.240170467568017,21.930127850676012
2024-01-01 11:00:00,load_634_abc,634,c,678.3374308674058,284.0421887242242,29.240170467568017,21.930127850676012
2024-01-01 11:00:00,load_645_b,645,b,5940.841219938093,65.54441574840843,160.10997909464365,117.72792580488502
2024-01-01 11:00:00,load_646_b,646,b,5938.245765043925,35.48097975193698,315.79604922397573,181.2394717285426
2024-01-01 11:00:00,load_652_a,652,a,5820.866151585776,27.938075476756502,134.9979426651731,90.70174272816317
2024-01-01 11:00:00,load_671_abc,671,a,5830.591018181402,188.64881665869763,306.65198586303427,175.22970620744815
2024-01-01 11:00:00,load_671_abc,671,b,5964.373750115868,65.06701620808559,306.65198586303427,175.22970620744815
2024-01-01 11:00:00,load_671_abc,671,c,5841.829727099887,148.0582735226657,306.65198586303427,175.22970620744815
2024-01-01 11:00:00,load_675_abc,675,a,5820.3575999253535,93.80206697461871,544.0915638511837,213.14927243654617
2024-01-01 11:00:00,load_675_abc,675,b,5968.913697041999,22.340670922080687,76.2850027667639,67.31029655890931
2024-01-01 11:00:00,load_675_abc,675,c,5836.024095137164,56.98300844037271,325.3331000347283,237.82971450814625
2024-01-01 11:00:00,load_692_c,692,c,5841.781147747307,78.3623032518528,161.9036557681705,143.8085412999632
2024-01-01 11:00:00,load_611_c,611,c,5839.534330061716,11.693249971492866,68.17225029125646,32.08105896059128
2024-01-01 11:15:00,load_634_abc,634,a,677.9766863594814,283.2534264248986,37.6377264610526,25.87593694197366
2024-01-01 11:15:00,load_634_abc,634,b,686.1119538991098,285.8619851090536,28.228294845789446,21.171221134342087
2024-01-01 11:15:00,load_634_abc,634,c,679.3708999882082,284.2438911381951,28.228294845789446,21.171221134342087
2024-01-01 11:15:00,load_645_b,645,b,5947.924234246113,63.194742516091004,154.56926636764217,113.65387232914865
2024-01-01 11:15:00,load_646_b,646,b,5945.422197710486,34.208824483282655,304.8677160934232,174.96755880144292
2024-01-01 11:15:00,load_652_a,652,a,5832.875104583766,26.915634240846764,130.32624872533572,87.56294836233492
2024-01-01 11:15:00,load_671_abc,671,a,5842.236595661211,181.29866671570144,296.0400891502926,169.16576522873862
2024-01-01 11:15:00,load_671_abc,671,b,5970.964241014509,62.60187088900078,296.0400891502926,169.16576522873862
2024-01-01 11:15:00,load_671_abc,671,c,5852.944451993428,142.270020853291,296.0400891502926,169.16576522873862
2024-01-01 11:15:00,load_675_abc,675,a,5832.423302671359,90.28318373719341,525.2629120111733,205.77309955076893
2024-01-01 11:15:00,load_675_abc,675,b,5975.383261292894,22.444701602470925,73.64510931290678,64.98097880550597
2024-01-01 11:15:00,load_675_abc,675,c,5847.393991744656,54.684407971668506,314.07473089327885,229.5994584461211
2024-01-01 11:15:00,load_692_c,692,c,5852.89792792155,75.28276261943022,156.30087166229976,138.8319507118074
2024-01-01 11:15:00,load_611_c,611,c,5850.747409306874,11.257929431664916,65.81310405344566,30.970872495739133
2024-01-01 11:30:00,load_634_abc,634,a,678.9363736457263,283.46165108945485,36.45161608970397,25.060486061671472
2024-01-01 11:30:00,load_634_abc,634,b,686.7870803193318,285.9843230534115,27.338712067277967,20.50403405045848
2024-01-01 11:30:00,load_634_abc,634,c,680.2745739029385,284.4198459403944,27.338712067277967,20.50403405045848
2024-01-01 11:30:00,load_645_b,645,b,5954.119059017262,61.13439145202237,149.69819079616403,110.07219911482647
2024-01-01 11:30:00,load_646_b,646,b,5951.698913256533,33.09332741514573,295.2601549055292,169.45365411969505
2024-01-01 11:30:00,load_652_a,652,a,5843.372204761445,26.020503426744135,126.21916442968775,84.80350110119646
2024-01-01 11:30:00,load_671_abc,671,a,5852.4155616947,174.86932732865563,286.7107206391661,163.8346975080949
2024-01-01 11:30:00,load_671_abc,671,b,5976.727938094534,60.464519170777194,286.7107206391661,163.8346975080949
2024-01-01 11:30:00,load_671_abc,671,c,5862.66659897455,137.2095725472915,286.7107206391661,163.8346975080949
2024-01-01 11:30:00,load_675_abc,675,a,5842.970054266016,87.2146295705453,508.7098455483002,199.288393101396
2024-01-01 11:30:00,load_675_abc,675,b,5981.0410922368255,22.549956994034616,71.32426700471015,62.933176768861884
2024-01-01 11:30:00,load_675_abc,675,c,5857.339714506601,52.690728776749275,304.17702104949905,222.36389124997865
2024-01-01 11:30:00,load_692_c,692,c,5862.621875482007,72.59992403539754,151.37522650885708,134.45681884022008
2024-01-01 11:30:00,load_611_c,611,c,5860.5557212074,10.879374441382518,63.73907853096314,29.994860485159123
2024-01-01 11:45:00,load_634_abc,634,a,679.7561765330543,283.6393874572008,35.433027841487444,24.360206641022614
2024-01-01 11:45:00,load_634_abc,634,b,687.3641850795519,286.0885215640925,26.57477088111558,19.931078160836687
2024-01-01 11:45:00,load_634_abc,634,c,681.047003753542,284.56993747939066,26.57477088111558,19.931078160836687
2024-01-01 11:45:00,load_645_b,645,b,5959.415193615783,59.36898662488075,145.5150890771893,106.99638902734507
2024-01-01 11:45:00,load_646_b,646,b,5957.065197462766,32.13752799379308,287.00953240327175,164.71851424883425
2024-01-01 11:45:00,load_652_a,652,a,5852.342129007552,25.25455310466067,122.69215050329827,82.43378861940351
2024-01-01 11:45:00,load_671_abc,671,a,5861.1132596598545,169.3726031590469,278.6989998429725,159.25657133884144
2024-01-01 11:45:00,load_671_abc,671,b,5981.6552129130105,58.653003274191,278.6989998429725,159.25657133884144
2024-01-01 11:45:00,load_671_abc,671,c,5870.97924516594,132.88549090782374,278.6989998429725,159.25657133884144
2024-01-01 11:45:00,load_675_abc,675,a,5851.9824410338915,84.59890748548435,494.4946768942581,193.71956414414234
2024-01-01 11:45:00,load_675_abc,675,b,5985.877781478345,22.650441720724313,69.33121243053515,61.174599203413365
2024-01-01 11:45:00,load_675_abc,675,c,5865.843800977878,51.00032349461389,295.6772294831646,216.15025051872723
2024-01-01 11:45:00,load_692_c,692,c,5870.936063292464,70.31527940174102,147.145262426782,130.6996154496711
2024-01-01 11:45:00,load_611_c,611,c,5868.942139354762,10.557565993377535,61.9579811940435,29.156697032491053
2024-01-01 12:00:00,load_634_abc,634,a,680.4399828893293,283.78754169419756,34.579615159306336,23.7734854220231
2024-01-01 12:00:00,load_634_abc,634,b,687.8458243583993,286.17521645679074,25.934711369479743,19.45103352710981
2024-01-01 12:00:00,load_634_abc,634,c,681.6916305080595,284.6949768129184,25.934711369479743,19.45103352710981
2024-01-01 12:00:00,load_645_b,645,b,5963.835755833848,57.89264569700673,142.0103244541168,104.41935621626236
2024-01-01 12:00:00,load_646_b,646,b,5961.544410299984,31.338236733896025,280.0968413412611,160.75123068281076
2024-01-01 12:00:00,load_652_a,652,a,5859.826087220194,24.614747520073724,119.73708164178286,80.44835172807285
2024-01-01 12:00:00,load_671_abc,671,a,5868.3698221333225,164.78493450225955,271.98646988247344,155.42083993284194
2024-01-01 12:00:00,load_671_abc,671,b,5985.767697705405,57.153439010022524,271.98646988247344,155.42083993284194
2024-01-01 12:00:00,load_671_abc,671,c,5877.918276222754,129.27840645214798,271.98646988247344,155.42083993284194
2024-01-01 12:00:00,load_675_abc,675,a,5859.501852187764,82.42170401447255,482.58465807169233,189.05378357447742
2024-01-01 12:00:00,load_675_abc,675,b,5989.914601153912,22.741679085113127,67.66135412139192,59.70119481299286
2024-01-01 12:00:00,load_675_abc,675,c,5872.942834762735,49.600474308567875,288.5557749294655,210.9442216725748
2024-01-01 12:00:00,load_692_c,692,c,5877.876382701124,68.41551319537497,143.6012347010213,127.5516849403189
2024-01-01 12:00:00,load_611_c,611,c,5875.942822113808,10.290400268290234,60.46570886694011,28.454451231501228
2024-01-01 12:15:00,load_634_abc,634,a,680.9951936520483,283.9077685985483,33.88414456627899,23.295349389316808
2024-01-01 12:15:00,load_634_abc,634,b,688.2370671961412,286.24546080626925,25.413108424709247,19.059831318531934
2024-01-01 12:15:00,load_634_abc,634,c,682.2152533765808,284.79639790622,25.413108424709247,19.059831318531934
2024-01-01 12:15:00,load_645_b,645,b,5967.426995378388,56.69139530032655,139.15419074328432,102.31925789947375
2024-01-01 12:15:00,load_646_b,646,b,5965.183363361933,30.687884569986522,274.4634901470601,157.51817695396494
2024-01-01 12:15:00,load_652_a,652,a,5865.904002375841,24.094645002897277,117.3289108511845,78.83036197813958
2024-01-01 12:15:00,load_671_abc,671,a,5874.262883955307,161.0584022233529,266.51623573923234,152.29499185098987
2024-01-01 12:15:00,load_671_abc,671,b,5989.108521826051,55.94438643459005,266.51623573923234,152.29499185098987
2024-01-01 12:15:00,load_671_abc,671,c,5883.555955461525,126.34980268179177,266.51623573923234,152.29499185098987
2024-01-01 12:15:00,load_675_abc,675,a,5865.608576389314,80.65744602864284,472.8788404450699,185.2515045042542
2024-01-01 12:15:00,load_675_abc,675,b,5993.193917871035,22.82070385785721,66.30053845415414,58.50047510660659
2024-01-01 12:15:00,load_675_abc,675,c,5878.710641798429,48.47141604107914,282.7522963485985,206.70167871000993
2024-01-01 12:15:00,load_692_c,692,c,5883.51510966459,66.8774815994398,140.7131043561091,124.98634563395575
2024-01-01 12:15:00,load_611_c,611,c,5881.630637919955,10.074414500663353,59.249613135111474,27.882170887111283
2024-01-01 12:30:00,load_634_abc,634,a,681.4311255112651,284.0021250501859,33.33647989077138,22.918829924905324
2024-01-01 12:30:00,load_634_abc,634,b,688.5443698612864,286.3005215136214,25.002359918078536,18.7517699385589
2024-01-01 12:30:00,load_634_abc,634,c,682.6265238494784,284.8759647370104,25.002359918078536,18.7517699385589
2024-01-01 12:30:00,load_645_b,645,b,5970.247964132546,55.74661209020816,136.90506107823182,100.66548608693516
2024-01-01 12:30:00,load_646_b,646,b,5968.041853406516,30.17638589758968,270.0273752563313,154.97223275580754
2024-01-01 12:30:00,load_652_a,652,a,5870.677036749702,23.6858890864061,115.43254012347478,77.5562378954596
2024-01-01 12:30:00,load_671_abc,671,a,5878.890638394267,158.13159260689335,262.2085712066917,149.8334692609667
2024-01-01 12:30:00,load_671_abc,671,b,5991.732699809541,55.0009000113611,262.2085712066917,149.8334692609667
2024-01-01 12:30:00,load_671_abc,671,c,5887.984719522357,124.05065377576454,262.2085712066917,149.8334692609667
2024-01-01 12:30:00,load_675_abc,675,a,5870.404245389791,79.27465447700251,465.2357660802976,182.25731042320936
2024-01-01 12:30:00,load_675_abc,675,b,5995.769757165981,22.885845236483114,65.22893215146442,57.55494013364506
2024-01-01 12:30:00,load_675_abc,675,c,5883.241712921795,47.5900793499452,278.1822106459511,203.36078847221256
2024-01-01 12:30:00,load_692_c,692,c,5887.944697406076,65.67298068175994,138.43877818901,122.966208862003
2024-01-01 12:30:00,load_611_c,611,c,5886.098817171065,9.905472189852347,58.29196994928098,27.431515270249875
2024-01-01 12:45:00,load_634_abc,634,a,681.7575471393366,284.07275429285545,32.92546691302057,22.636258502701644
2024-01-01 12:45:00,load_634_abc,634,b,688.7745398651971,286.34169687705105,24.69410018476543,18.52057513857407
2024-01-01 12:45:00,load_634_abc,634,c,682.9345600059921,284.93550576777545,24.69410018476543,18.52057513857407
2024-01-01 12:45:00,load_645_b,645,b,5972.360999950649,55.03824204085394,135.21712770892316,99.42435860950232
2024-01-01 12:45:00,load_646_b,646,b,5970.183018462577,29.792881411996778,266.6981468572326,153.06154515284652
2024-01-01 12:45:00,load_652_a,652,a,5874.251542660809,23.379591227597064,114.00934630694279,76.60002954997718
2024-01-01 12:45:00,load_671_abc,671,a,5882.356279358938,155.9395973988547,258.97574260581473,147.98613863189414
2024-01-01 12:45:00,load_671_abc,671,b,5993.698280236834,54.29801005970562,258.97574260581473,147.98613863189414
2024-01-01 12:45:00,load_671_abc,671,c,5891.302236962831,122.32933753924628,258.97574260581473,147.98613863189414
2024-01-01 12:45:00,load_675_abc,675,a,5873.995708466156,78.24075750583734,459.49976941240175,180.01021894506462
2024-01-01 12:45:00,load_675_abc,675,b,5997.699115898437,22.936398256992653,64.42470993823365,56.84533229844145
2024-01-01 12:45:00,load_675_abc,675,c,5886.635914997651,46.93332346879422,274.752439442467,200.85350745449313
2024-01-01 12:45:00,load_692_c,692,c,5891.262832213442,64.77299946837992,136.73193527559852,121.45013074479631
2024-01-01 12:45:00,load_611_c,611,c,5889.445877026528,9.779365694122683,57.573275107284566,27.093305932839794
2024-01-01 13:00:00,load_634_abc,634,a,681.9834182626331,284.1216149443326,32.64059643623367,22.440410049910653
2024-01-01 13:00:00,load_634_abc,634,b,688.9338409584365,286.37016170662235,24.480447327175256,18.36033549538144
2024-01-01 13:00:00,load_634_abc,634,c,683.1477495431753,284.97668681464285,24.480447327175256,18.36033549538144
2024-01-01 13:00:00,load_645_b,645,b,5973.823499996109,54.54761290327065,134.0472318425425,98.56414106069302
2024-01-01 13:00:00,load_646_b,646,b,5971.664999744386,29.527260613628957,264.3906798605123,151.73725974603317
2024-01-01 13:00:00,load_652_a,652,a,5876.725215277994,23.167531717365936,113.02293973823966,75.93728763662978
2024-01-01 13:00:00,load_671_abc,671,a,5884.754581078304,154.42263612637032,256.73508969518934,146.7057655401082
2024-01-01 13:00:00,load_671_abc,671,b,5995.05869639781,53.813526424214345,256.73508969518934,146.7057655401082
2024-01-01 13:00:00,load_671_abc,671,c,5893.598483039383,121.13842592718375,256.73508969518934,146.7057655401082
2024-01-01 13:00:00,load_675_abc,675,a,5876.481119104104,77.52615214575836,455.52418665933794,178.45277415520457
2024-01-01 13:00:00,load_675_abc,675,b,5999.034454911876,22.972266691156538,63.86730864502058,56.353507627959324
2024-01-01 13:00:00,load_675_abc,675,c,5888.985263067944,46.48055178536153,272.3752868684701,199.11572695212297
2024-01-01 13:00:00,load_692_c,692,c,5893.559505786558,64.15127798178045,135.5489333246512,120.39934665895487
2024-01-01 13:00:00,load_611_c,611,c,5891.762579715251,9.692313749072822,57.075152290277245,26.858895195424584
2024-01-01 13:15:00,load_634_abc,634,a,682.1158772723636,284.1502640006374,32.47336078009932,22.32543553631828
2024-01-01 13:15:00,load_634_abc,634,b,689.0272731883022,286.3868442424987,24.35502058507449,18.266265438805867
2024-01-01 13:15:00,load_634_abc,634,c,683.2727869942041,285.0008296041755,24.35502058507449,18.266265438805867
2024-01-01 13:15:00,load_645_b,645,b,5974.681300278971,54.259713303575396,133.36043444244058,98.05914297238277
2024-01-01 13:15:00,load_646_b,646,b,5972.534230963801,29.371395537402883,263.0360615737828,150.9598266423449
2024-01-01 13:15:00,load_652_a,652,a,5878.175962966867,23.0431291650639,112.4438613037422,75.54821931345178
2024-01-01 13:15:00,load_671_abc,671,a,5886.161113076053,153.5329725722161,255.41969519062613,145.95411153750064
2024-01-01 13:15:00,load_671_abc,671,b,5995.856611746112,53.530151813980424,255.41969519062613,145.95411153750064
2024-01-01 13:15:00,load_671_abc,671,c,5894.945333274463,120.44010892719419,255.41969519062613,145.95411153750064
2024-01-01 13:15:00,load_675_abc,675,a,5877.938752042808,77.10740338729407,453.1902867139166,177.53846283637972
2024-01-01 13:15:00,load_675_abc,675,b,5999.817659105297,22.99363830665996,63.540081436178006,56.06477773780412
2024-01-01 13:15:00,load_675_abc,675,c,5890.363269164117,46.21569152347941,270.9797590660532,198.09554800690788
2024-01-01 13:15:00,load_692_c,692,c,5894.90660683635,63.78708653739909,134.854441885221,119.7824748509904
2024-01-01 13:15:00,load_611_c,611,c,5893.12143193519,9.641345666359635,56.78272501919842,26.721282361975728
2024-01-01 13:30:00,load_634_abc,634,a,682.1595047360834,284.15969927636576,32.418250366001104,22.287547126625757
2024-01-01 13:30:00,load_634_abc,634,b,689.0580485555687,286.3923372371066,24.313687774500824,18.23526583087562
2024-01-01 13:30:00,load_634_abc,634,c,683.313972539663,285.0087802371869,24.313687774500824,18.23526583087562
2024-01-01 13:30:00,load_645_b,645,b,5974.963852537098,54.16486038427373,133.1341089685788,97.89272718277851
2024-01-01 13:30:00,load_646_b,646,b,5972.820549223013,29.32004346538911,262.5896640981947,150.70363330852916
2024-01-01 13:30:00,load_652_a,652,a,5878.653805224742,23.002148227792322,112.25303326468533,75.42000672471045
2024-01-01 13:30:00,load_671_abc,671,a,5886.624389692954,153.23993852866303,254.98622342076166,145.70641338329239
2024-01-01 13:30:00,load_671_abc,671,b,5996.119436838456,53.43694084089361,254.98622342076166,145.70641338329239
2024-01-01 13:30:00,load_671_abc,671,c,5895.388979842128,120.21012071423485,254.98622342076166,145.70641338329239
2024-01-01 13:30:00,load_675_abc,675,a,5878.418862333752,76.96953522753026,452.4211792434819,177.23716300260116
2024-01-01 13:30:00,load_675_abc,675,b,6000.075638035658,23.00073187302185,63.43224781145727,55.96963042187406
2024-01-01 13:30:00,load_675_abc,675,c,5890.817179823405,46.12856493227296,270.51988037239124,197.75936082395498
2024-01-01 13:30:00,load_692_c,692,c,5895.350336032464,63.66720207569847,134.6255809371471,119.57919247946595
2024-01-01 13:30:00,load_611_c,611,c,5893.569032434294,9.624572129987474,56.68635927773347,26.675933777756928
2024-01-01 13:45:00,load_634_abc,634,a,682.1158772723636,284.1502640006374,32.47336078009932,22.32543553631828
2024-01-01 13:45:00,load_634_abc,634,b,689.0272731883022,286.3868442424987,24.35502058507449,18.266265438805867
2024-01-01 13:45:00,load_634_abc,634,c,683.2727869942041,285.0008296041755,24.35502058507449,18.266265438805867
2024-01-01 13:45:00,load_645_b,645,b,5974.681300278971,54.259713303575396,133.36043444244058,98.05914297238277
2024-01-01 13:45:00,load_646_b,646,b,5972.534230963801,29.371395537402883,263.0360615737828,150.9598266423449
2024-01-01 13:45:00,load_652_a,652,a,5878.175962966867,23.0431291650639,112.4438613037422,75.54821931345178
2024-01-01 13:45:00,load_671_abc,671,a,5886.161113076053,153.5329725722161,255.41969519062613,145.95411153750064
2024-01-01 13:45:00,load_671_abc,671,b,5995.856611746112,53.530151813980424,255.41969519062613,145.95411153750064
2024-01-01 13:45:00,load_671_abc,671,c,5894.945333274463,120.44010892719419,255.41969519062613,145.95411153750064
2024-01-01 13:45:00,load_675_abc,675,a,5877.938752042808,77.10740338729407,453.1902867139166,177.53846283637972
2024-01-01 13:45:00,load_675_abc,675,b,5999.817659105297,22.99363830665996,63.540081436178006,56.06477773780412
2024-01-01 13:45:00,load_675_abc,675,c,5890.363269164117,46.21569152347941,270.9797590660532,198.09554800690788
2024-01-01 13:45:00,load_692_c,692,c,5894.90660683635,63.78708653739909,134.854441885221,119.7824748509904
2024-01-01 13:45:00,load_611_c,611,c,5893.12143193519,9.641345666359635,56.78272501919842,26.721282361975728
2024-01-01 14:00:00,load_634_abc,634,a,681.9834182626331,284.1216149443326,32.64059643623367,22.440410049910653
2024-01-01 14:00:00,load_634_abc,634,b,688.9338409584365,286.37016170662235,24.480447327175256,18.36033549538144
2024-01-01 14:00:00,load_634_abc,634,c,683.1477495431753,284.97668681464285,24.480447327175256,18.36033549538144
2024-01-01 14:00:00,load_645_b,645,b,5973.823499996109,54.54761290327065,134.0472318425425,98.56414106069302
2024-01-01 14:00:00,load_646_b,646,b,5971.664999744386,29.527260613628957,264.3906798605123,151.73725974603317
2024-01-01 14:00:00,load_652_a,652,a,5876.725215277994,23.167531717365936,113.02293973823966,75.93728763662978
2024-01-01 14:00:00,load_671_abc,671,a,5884.754581078304,154.42263612637032,256.73508969518934,146.7057655401082
2024-01-01 14:00:00,load_671_abc,671,b,5995.05869639781,53.813526424214345,256.73508969518934,146.7057655401082
2024-01-01 14:00:00,load_671_abc,671,c,5893.598483039383,121.13842592718375,256.73508969518934,146.7057655401082
2024-01-01 14:00:00,load_675_abc,675,a,5876.481119104104,77.52615214575836,455.52418665933794,178.45277415520457
2024-01-01 14:00:00,load_675_abc,675,b,5999.034454911876,22.972266691156538,63.86730864502058,56.353507627959324
2024-01-01 14:00:00,load_675_abc,675,c,5888.985263067944,46.48055178536153,272.3752868684701,199.11572695212297
2024-01-01 14:00:00,load_692_c,692,c,5893.559505786558,64.15127798178045,135.5489333246512,120.39934665895487
2024-01-01 14:00:00,load_611_c,611,c,5891.762579715251,9.692313749072822,57.075152290277245,26.858895195424584
2024-01-01 14:15:00,load_634_abc,634,a,681.7575471393366,284.07275429285545,32.92546691302057,22.636258502701644
2024-01-01 14:15:00,load_634_abc,634,b,688.7745398651971,286.34169687705105,24.69410018476543,18.52057513857407
2024-01-01 14:15:00,load_634_abc,634,c,682.9345600059921,284.93550576777545,24.69410018476543,18.52057513857407
2024-01-01 14:15:00,load_645_b,645,b,5972.360999950649,55.03824204085394,135.21712770892316,99.42435860950232
2024-01-01 14:15:00,load_646_b,646,b,5970.183018462577,29.792881411996778,266.6981468572326,153.06154515284652
2024-01-01 14:15:00,load_652_a,652,a,5874.251542660809,23.379591227597064,114.00934630694279,76.60002954997718
2024-01-01 14:15:00,load_671_abc,671,a,5882.356279358938,155.9395973988547,258.97574260581473,147.98613863189414
2024-01-01 14:15:00,load_671_abc,671,b,5993.698280236834,54.29801005970562,258.97574260581473,147.98613863189414
2024-01-01 14:15:00,load_671_abc,671,c,5891.302236962831,122.32933753924628,258.97574260581473,147.98613863189414
2024-01-01 14:15:00,load_675_abc,675,a,5873.995708466156,78.24075750583734,459.49976941240175,180.01021894506462
2024-01-01 14:15:00,load_675_abc,675,b,5997.699115898437,22.936398256992653,64.42470993823365,56.84533229844145
2024-01-01 14:15:00,load_675_abc,675,c,5886.635914997651,46.93332346879422,274.752439442467,200.85350745449313
2024-01-01 14:15:00,load_692_c,692,c,5891.262832213442,64.77299946837992,136.73193527559852,121.45013074479631
2024-01-01 14:15:00,load_611_c,611,c,5889.445877026528,9.779365694122683,57.573275107284566,27.093305932839794
2024-01-01 14:30:00,load_634_abc,634,a,681.4311255112651,284.0021250501859,33.33647989077138,22.918829924905324
2024-01-01 14:30:00,load_634_abc,634,b,688.5443698612864,286.3005215136214,25.002359918078536,18.7517699385589
2024-01-01 14:30:00,load_634_abc,634,c,682.6265238494784,284.8759647370104,25.002359918078536,18.7517699385589
2024-01-01 14:30:00,load_645_b,645,b,5970.247964132546,55.74661209020816,136.90506107823182,100.66548608693516
2024-01-01 14:30:00,load_646_b,646,b,5968.041853406516,30.17638589758968,270.0273752563313,154.97223275580754
2024-01-01 14:30:00,load_652_a,652,a,5870.677036749702,23.6858890864061,115.43254012347478,77.5562378954596
2024-01-01 14:30:00,load_671_abc,671,a,5878.890638394267,158.13159260689335,262.2085712066917,149.8334692609667
2024-01-01 14:30:00,load_671_abc,671,b,5991.732699809541,55.0009000113611,262.2085712066917,149.8334692609667
2024-01-01 14:30:00,load_671_abc,671,c,5887.984719522357,124.05065377576454,262.2085712066917,149.8334692609667
2024-01-01 14:30:00,load_675_abc,675,a,5870.404245389791,79.27465447700251,465.2357660802976,182.25731042320936
2024-01-01 14:30:00,load_675_abc,675,b,5995.769757165981,22.885845236483114,65.22893215146442,57.55494013364506
2024-01-01 14:30:00,load_675_abc,675,c,5883.241712921795,47.5900793499452,278.1822106459511,203.36078847221256
2024-01-01 14:30:00,load_692_c,692,c,5887.944697406076,65.67298068175994,138.43877818901,122.966208862003
2024-01-01 14:30:00,load_611_c,611,c,5886.098817171065,9.905472189852347,58.29196994928098,27.431515270249875
2024-01-01 14:45:00,load_634_abc,634,a,680.9951936520483,283.9077685985483,33.88414456627899,23.295349389316808
2024-01-01 14:45:00,load_634_abc,634,b,688.2370671961412,286.24546080626925,25.413108424709247,19.059831318531934
2024-01-01 14:45:00,load_634_abc,634,c,682.2152533765808,284.79639790622,25.413108424709247,19.059831318531934
2024-01-01 14:45:00,load_645_b,645,b,5967.426995378388,56.69139530032655,139.15419074328432,102.31925789947375
2024-01-01 14:45:00,load_646_b,646,b,5965.183363361933,30.687884569986522,274.4634901470601,157.51817695396494
2024-01-01 14:45:00,load_652_a,652,a,5865.904002375841,24.094645002897277,117.3289108511845,78.83036197813958
2024-01-01 14:45:00,load_671_abc,671,a,5874.262883955307,161.0584022233529,266.51623573923234,152.29499185098987
2024-01-01 14:45:00,load_671_abc,671,b,5989.108521826051,55.94438643459005,266.51623573923234,152.29499185098987
2024-01-01 14:45:00,load_671_abc,671,c,5883.555955461525,126.34980268179177,266.51623573923234,152.29499185098987
2024-01-01 14:45:00,load_675_abc,675,a,5865.608576389314,80.65744602864284,472.8788404450699,185.2515045042542
2024-01-01 14:45:00,load_675_abc,675,b,5993.193917871035,22.82070385785721,66.30053845415414,58.50047510660659
2024-01-01 14:45:00,load_675_abc,675,c,5878.710641798429,48.47141604107914,282.7522963485985,206.70167871000993
2024-01-01 14:45:00,load_692_c,692,c,5883.51510966459,66.8774815994398,140.7131043561091,124.98634563395575
2024-01-01 14:45:00,load_611_c,611,c,5881.630637919955,10.074414500663353,59.249613135111474,27.882170887111283
2024-01-01 15:00:00,load_634_abc,634,a,680.4399828893293,283.78754169419756,34.579615159306336,23.7734854220231
2024-01-01 15:00:00,load_634_abc,634,b,687.8458243583993,286.17521645679074,25.934711369479743,19.45103352710981
2024-01-01 15:00:00,load_634_abc,634,c,681.6916305080595,284.6949768129184,25.934711369479743,19.45103352710981
2024-01-01 15:00:00,load_645_b,645,b,5963.835755833848,57.89264569700673,142.0103244541168,104.41935621626236
2024-01-01 15:00:00,load_646_b,646,b,5961.544410299984,31.338236733896025,280.0968413412611,160.75123068281076
2024-01-01 15:00:00,load_652_a,652,a,5859.826087220194,24.614747520073724,119.73708164178286,80.44835172807285
2024-01-01 15:00:00,load_671_abc,671,a,5868.3698221333225,164.78493450225955,271.98646988247344,155.42083993284194
2024-01-01 15:00:00,load_671_abc,671,b,5985.767697705405,57.153439010022524,271.98646988247344,155.42083993284194
2024-01-01 15:00:00,load_671_abc,671,c,5877.918276222754,129.27840645214798,271.98646988247344,155.42083993284194
2024-01-01 15:00:00,load_675_abc,675,a,5859.501852187764,82.42170401447255,482.58465807169233,189.05378357447742
2024-01-01 15:00:00,load_675_abc,675,b,5989.914601153912,22.741679085113127,67.66135412139192,59.70119481299286
2024-01-01 15:00:00,load_675_abc,675,c,5872.942834762735,49.600474308567875,288.5557749294655,210.9442216725748
2024-01-01 15:00:00,load_692_c,692,c,5877.876382701124,68.41551319537497,143.6012347010213,127.5516849403189
2024-01-01 15:00:00,load_611_c,611,c,5875.942822113808,10.290400268290234,60.46570886694011,28.454451231501228
2024-01-01 15:15:00,load_634_abc,634,a,679.7561765330543,283.6393874572008,35.433027841487444,24.360206641022614
2024-01-01 15:15:00,load_634_abc,634,b,687.3641850795519,286.0885215640925,26.57477088111558,19.931078160836687
2024-01-01 15:15:00,load_634_abc,634,c,681.047003753542,284.56993747939066,26.57477088111558,19.931078160836687
2024-01-01 15:15:00,load_645_b,645,b,5959.415193615783,59.36898662488075,145.5150890771893,106.99638902734507
2024-01-01 15:15:00,load_646_b,646,b,5957.065197462766,32.13752799379308,287.00953240327175,164.71851424883425
2024-01-01 15:15:00,load_652_a,652,a,5852.342129007552,25.25455310466067,122.69215050329827,82.43378861940351
2024-01-01 15:15:00,load_671_abc,671,a,5861.1132596598545,169.3726031590469,278.6989998429725,159.25657133884144
2024-01-01 15:15:00,load_671_abc,671,b,5981.6552129130105,58.653003274191,278.6989998429725,159.25657133884144
2024-01-01 15:15:00,load_671_abc,671,c,5870.97924516594,132.88549090782374,278.6989998429725,159.25657133884144
2024-01-01 15:15:00,load_675_abc,675,a,5851.9824410338915,84.59890748548435,494.4946768942581,193.71956414414234
2024-01-01 15:15:00,load_675_abc,675,b,5985.877781478345,22.650441720724313,69.33121243053515,61.174599203413365
2024-01-01 15:15:00,load_675_abc,675,c,5865.843800977878,51.00032349461389,295.6772294831646,216.15025051872723
2024-01-01 15:15:00,load_692_c,692,c,5870.936063292464,70.31527940174102,147.145262426782,130.6996154496711
2024-01-01 15:15:00,load_611_c,611,c,5868.942139354762,10.557565993377535,61.9579811940435,29.156697032491053
2024-01-01 15:30:00,load_634_abc,634,a,678.9363736457263,283.46165108945485,36.45161608970397,25.060486061671472
2024-01-01 15:30:00,load_634_abc,634,b,686.7870803193318,285.9843230534115,27.338712067277967,20.50403405045848
2024-01-01 15:30:00,load_634_abc,634,c,680.2745739029385,284.4198459403944,27.338712067277967,20.50403405045848
2024-01-01 15:30:00,load_645_b,645,b,5954.119059017262,61.13439145202237,149.69819079616403,110.07219911482647
2024-01-01 15:30:00,load_646_b,646,b,5951.698913256533,33.09332741514573,295.2601549055292,169.45365411969505
2024-01-01 15:30:00,load_652_a,652,a,5843.372204761445,26.020503426744135,126.21916442968775,84.80350110119646
2024-01-01 15:30:00,load_671_abc,671,a,5852.4155616947,174.86932732865563,286.7107206391661,163.8346975080949
2024-01-01 15:30:00,load_671_abc,671,b,5976.727938094534,60.464519170777194,286.7107206391661,163.8346975080949
2024-01-01 15:30:00,load_671_abc,671,c,5862.66659897455,137.2095725472915,286.7107206391661,163.8346975080949
2024-01-01 15:30:00,load_675_abc,675,a,5842.970054266016,87.2146295705453,508.7098455483002,199.288393101396
2024-01-01 15:30:00,load_675_abc,675,b,5981.0410922368255,22.549956994034616,71.32426700471015,62.933176768861884
2024-01-01 15:30:00,load_675_abc,675,c,5857.339714506601,52.690728776749275,304.17702104949905,222.36389124997865
2024-01-01 15:30:00,load_692_c,692,c,5862.621875482007,72.59992403539754,151.37522650885708,134.45681884022008
2024-01-01 15:30:00,load_611_c,611,c,5860.5557212074,10.879374441382518,63.73907853096314,29.994860485159123
2024-01-01 15:45:00,load_634_abc,634,a,677.9766863594814,283.2534264248986,37.6377264610526,25.87593694197366
2024-01-01 15:45:00,load_634_abc,634,b,686.1119538991098,285.8619851090536,28.228294845789446,21.171221134342087
2024-01-01 15:45:00,load_634_abc,634,c,679.3708999882082,284.2438911381951,28.228294845789446,21.171221134342087
2024-01-01 15:45:00,load_645_b,645,b,5947.924234246113,63.194742516091004,154.56926636764217,113.65387232914865
2024-01-01 15:45:00,load_646_b,646,b,5945.422197710486,34.208824483282655,304.8677160934232,174.96755880144292
2024-01-01 15:45:00,load_652_a,652,a,5832.875104583766,26.915634240846764,130.32624872533572,87.56294836233492
2024-01-01 15:45:00,load_671_abc,671,a,5842.236595661211,181.29866671570144,296.0400891502926,169.16576522873862
2024-01-01 15:45:00,load_671_abc,671,b,5970.964241014509,62.60187088900078,296.0400891502926,169.16576522873862
2024-01-01 15:45:00,load_671_abc,671,c,5852.944451993428,142.270020853291,296.0400891502926,169.16576522873862
2024-01-01 15:45:00,load_675_abc,675,a,5832.423302671359,90.28318373719341,525.2629120111733,205.77309955076893
2024-01-01 15:45:00,load_675_abc,675,b,5975.383261292894,22.444701602470925,73.64510931290678,64.98097880550597
2024-01-01 15:45:00,load_675_abc,675,c,5847.393991744656,54.684407971668506,314.07473089327885,229.5994584461211
2024-01-01 15:45:00,load_692_c,692,c,5852.89792792155,75.28276261943022,156.30087166229976,138.8319507118074
2024-01-01 15:45:00,load_611_c,611,c,5850.747409306874,11.257929431664916,65.81310405344566,30.970872495739133
2024-01-01 16:00:00,load_634_abc,634,a,676.8783740702844,283.01491304212215,38.986893956757356,26.803489595270683
2024-01-01 16:00:00,load_634_abc,634,b,685.3399067998707,285.7215032323539,29.240170467568017,21.930127850676012
2024-01-01 16:00:00,load_634_abc,634,c,678.3374308674058,284.0421887242242,29.240170467568017,21.930127850676012
2024-01-01 16:00:00,load_645_b,645,b,5940.841219938093,65.54441574840843,160.10997909464365,117.72792580488502
2024-01-01 16:00:00,load_646_b,646,b,5938.245765043925,35.48097975193698,315.79604922397573,181.2394717285426
2024-01-01 16:00:00,load_652_a,652,a,5820.866151585776,27.938075476756502,134.9979426651731,90.70174272816317
2024-01-01 16:00:00,load_671_abc,671,a,5830.591018181402,188.64881665869763,306.65198586303427,175.22970620744815
2024-01-01 16:00:00,load_671_abc,671,b,5964.373750115868,65.06701620808559,306.65198586303427,175.22970620744815
2024-01-01 16:00:00,load_671_abc,671,c,5841.829727099887,148.0582735226657,306.65198586303427,175.22970620744815
2024-01-01 16:00:00,load_675_abc,675,a,5820.3575999253535,93.80206697461871,544.0915638511837,213.14927243654617
2024-01-01 16:00:00,load_675_abc,675,b,5968.913697041999,22.340670922080687,76.2850027667639,67.31029655890931
2024-01-01 16:00:00,load_675_abc,675,c,5836.024095137164,56.98300844037271,325.3331000347283,237.82971450814625
2024-01-01 16:00:00,load_692_c,692,c,5841.781147747307,78.3623032518528,161.9036557681705,143.8085412999632
2024-01-01 16:00:00,load_611_c,611,c,5839.534330061716,11.693249971492866,68.17225029125646,32.08105896059128
2024-01-01 16:15:00,load_634_abc,634,a,675.6493888923202,282.7477578273612,40.48616642735755,27.83423941880832
2024-01-01 16:15:00,load_634_abc,634,b,684.4767689188452,285.56371508804045,30.364624820518163,22.773468615388623
2024-01-01 16:15:00,load_634_abc,634,c,677.1819408096015,283.81607431824636,30.364624820518163,22.773468615388623
2024-01-01 16:15:00,load_645_b,645,b,5932.923936937678,68.16319541195301,166.26713755387416,122.25524820137804
2024-01-01 16:15:00,load_646_b,646,b,5930.224328855375,36.89885395102618,327.9402411529598,188.20918187908995
2024-01-01 16:15:00,load_652_a,652,a,5807.433976591784,29.079667579525243,140.18939749740593,94.1897514435696
2024-01-01 16:15:00,load_671_abc,671,a,5817.5645581904755,196.86239758180002,318.4445354559633,181.96830597483614
2024-01-01 16:15:00,load_671_abc,671,b,5957.006488019547,67.84569881817903,318.4445354559633,181.96830597483614
2024-01-01 16:15:00,load_671_abc,671,c,5829.407489524113,154.52966214542803,318.4445354559633,181.96830597483614
2024-01-01 16:15:00,load_675_abc,675,a,5806.862014973066,97.74667194573608,565.0150440359008,221.34609972540446
2024-01-01 16:15:00,load_675_abc,675,b,5961.68145809599,22.2450808222288,79.21860411225002,69.89876833433826
2024-01-01 16:15:00,load_675_abc,675,c,5823.317207408378,59.573170009620824,337.8440469493015,246.9756481146618
2024-01-01 16:15:00,load_692_c,692,c,5829.356617148094,81.81749230095987,168.12979151142775,149.3388148130917
2024-01-01 16:15:00,load_611_c,611,c,5827.002360016051,12.18256719252172,70.79386919308311,33.31476197321558
2024-01-01 16:30:00,load_634_abc,634,a,674.305679661399,282.4553479343954,42.112882998281556,28.95260706131857
2024-01-01 16:30:00,load_634_abc,634,b,683.5339890191565,285.3904891844487,31.58466224871117,23.688496686533377
2024-01-01 16:30:00,load_634_abc,634,c,675.9197233065939,283.5683584341117,31.58466224871117,23.688496686533377
2024-01-01 16:30:00,load_645_b,645,b,5924.277838646263,71.01386398358403,172.94767887764402,127.16741093944414
2024-01-01 16:30:00,load_646_b,646,b,5921.4648115827085,38.44230234355598,341.1167375128586,195.7713450073797
2024-01-01 16:30:00,load_652_a,652,a,5792.754570236737,30.3248398069895,145.82214655963338,97.97425471975367
2024-01-01 16:30:00,load_671_abc,671,a,5803.327670640719,205.82814210338336,331.23949848798736,189.27971342170704
2024-01-01 16:30:00,load_671_abc,671,b,5948.960440115293,70.90377464688854,331.23949848798736,189.27971342170704
2024-01-01 16:30:00,load_671_abc,671,c,5815.843608970848,161.59674914826283,331.23949848798736,189.27971342170704
2024-01-01 16:30:00,load_675_abc,675,a,5792.113388009818,102.06585328811062,587.7171029380123,230.2396898107677
2024-01-01 16:30:00,load_675_abc,675,b,5953.782688993155,22.165701606205126,82.40157319543266,72.70727046655821
2024-01-01 16:30:00,load_675_abc,675,c,5809.44316464355,62.42314934705822,351.4184739216981,256.8990223151724
2024-01-01 16:30:00,load_692_c,692,c,5815.790237680209,85.60372836936175,174.88517346166415,155.33918348653697
2024-01-01 16:30:00,load_611_c,611,c,5813.318892984964,12.719725722673541,73.63833608877806,34.65333463001321
2024-01-01 16:45:00,load_634_abc,634,a,672.8720812804191,282.1430171895241,43.834105047068455,30.135947219859563
2024-01-01 16:45:00,load_634_abc,634,b,682.5292212988926,285.204868343143,32.87557878530134,24.656684088976004
2024-01-01 16:45:00,load_634_abc,634,c,674.5743807060694,283.30351057570664,32.87557878530134,24.656684088976004
2024-01-01 16:45:00,load_645_b,645,b,5915.06522067996,74.0408247402843,180.01633191151177,132.3649499349351
2024-01-01 16:45:00,load_646_b,646,b,5912.131710721322,40.08122797469301,355.0587335961319,203.77283841169307
2024-01-01 16:45:00,load_652_a,652,a,5777.100728400218,31.649907508421574,151.78213495249923,101.97862192121042
2024-01-01 16:45:00,load_671_abc,671,a,5788.14473252441,215.37566861695618,344.77779574134576,197.01588328076903
2024-01-01 16:45:00,load_671_abc,671,b,5940.386520589092,74.18473884819159,344.77779574134576,197.01588328076903
2024-01-01 16:45:00,load_671_abc,671,c,5801.393011446594,169.12514506548985,344.77779574134576,197.01588328076903
2024-01-01 16:45:00,load_675_abc,675,a,5776.385817285191,106.67899403486534,611.7380571924942,239.64996054963692
2024-01-01 16:45:00,load_675_abc,675,b,5945.365502893714,22.109833442504016,85.7694595651332,75.67893491041166
2024-01-01 16:45:00,load_675_abc,675,c,5794.662870489308,65.48052938195721,365.7815187336563,267.3989033501212
2024-01-01 16:45:00,load_692_c,692,c,5801.336983418052,89.65023925644445,182.03301505162185,161.68814866349936
2024-01-01 16:45:00,load_611_c,611,c,5798.741155262849,13.29478038110805,76.64805469952142,36.069672799774786
2024-01-01 17:00:00,load_634_abc,634,a,671.3826083472576,281.8181250196413,45.60686489511683,31.354719615392824
2024-01-01 17:00:00,load_634_abc,634,b,681.4864846562227,285.0111412955394,34.205148671337625,25.65386150350322
2024-01-01 17:00:00,load_634_abc,634,c,673.1780437470841,283.02773669099787,34.205148671337625,25.65386150350322
2024-01-01 17:00:00,load_645_b,645,b,5905.506598921191,77.17008825888561,187.29663853264623,137.7181165681222
2024-01-01 17:00:00,load_646_b,646,b,5902.44847952917,41.775573268733915,369.4181887724666,212.01391703463298
2024-01-01 17:00:00,load_652_a,652,a,5760.844943901121,33.02294243963252,157.920580672012,106.10289013900805
2024-01-01 17:00:00,load_671_abc,671,a,5772.376888845146,225.27449455255697,358.72146431020496,204.9836938915457
2024-01-01 17:00:00,load_671_abc,671,b,5931.489881525735,77.60899918130542,358.72146431020496,204.9836938915457
2024-01-01 17:00:00,load_671_abc,671,c,5786.401764105175,176.9327369851043,358.72146431020496,204.9836938915457
2024-01-01 17:00:00,load_675_abc,675,a,5760.053560906287,111.47520251934525,636.4782603778789,249.34199891092163
2024-01-01 17:00:00,load_675_abc,675,b,5936.631275183326,22.08303914612516,89.2381890839088,78.73957860344893
2024-01-01 17:00:00,load_675_abc,675,c,5779.330397452072,68.67150512150937,380.57462991666983,278.21317773218624
2024-01-01 17:00:00,load_692_c,692,c,5786.342985951135,93.85939176750963,189.39488133715884,168.22721812888813
2024-01-01 17:00:00,load_611_c,611,c,5783.618297743919,13.893875601892702,79.74789199872993,37.5284197641082
2024-01-01 17:15:00,load_634_abc,634,a,669.8799844660762,281.48996862612137,47.37933586929532,32.57329341014053
2024-01-01 17:15:00,load_634_abc,634,b,680.4357833542931,284.8148148867424,35.53450190197149,26.650876426478614
2024-01-01 17:15:00,load_634_abc,634,c,671.770871331416,282.7489148054063,35.53450190197149,26.650876426478614
2024-01-01 17:15:00,load_645_b,645,b,5895.877149113259,80.310880452688,194.57575881692298,143.0704108947963
2024-01-01 17:15:00,load_646_b,646,b,5892.693904773912,43.47618966542237,383.7753040540937,220.25365276147986
2024-01-01 17:15:00,load_652_a,652,a,5744.453957000266,34.40434798301325,164.05802612260956,110.22648630112829
2024-01-01 17:15:00,load_671_abc,671,a,5756.4768078793895,235.238253879463,372.6628607374064,212.95020613566078
2024-01-01 17:15:00,load_671_abc,671,b,5922.526622690414,81.07530484921871,372.6628607374064,212.95020613566078
2024-01-01 17:15:00,load_671_abc,671,c,5771.301431593895,184.7930917314396,372.6628607374064,212.95020613566078
2024-01-01 17:15:00,load_675_abc,675,a,5743.585558429659,116.31516511006338,661.2144321101348,259.0324579400528
2024-01-01 17:15:00,load_675_abc,675,b,5927.831421252322,22.08786692885521,92.70635336801891,81.79972356001667
2024-01-01 17:15:00,load_675_abc,675,c,5763.887183280053,71.90212611274485,395.3653305400806,289.0256899120589
2024-01-01 17:15:00,load_692_c,692,c,5771.239889461247,98.10839386950379,196.75554799556872,174.76522204312278
2024-01-01 17:15:00,load_611_c,611,c,5768.385691526876,14.499477682380679,82.84722417481214,38.986929023441
2024-01-01 17:30:00,load_634_abc,634,a,668.4142793541455,281.16949714408145,49.09294122038046,33.75139708901156
2024-01-01 17:30:00,load_634_abc,634,b,679.4121100025069,284.62246272458106,36.81970591528534,27.614779436464005
2024-01-01 17:30:00,load_634_abc,634,c,670.39972318955,282.4763599488221,36.81970591528534,27.614779436464005
2024-01-01 17:30:00,load_645_b,645,b,5886.497501482126,83.35900501682782,201.61313186959617,148.24494990411483
2024-01-01 17:30:00,load_646_b,646,b,5883.192769238055,45.12665748411358,397.65560445458135,228.21973820871628
2024-01-01 17:30:00,load_652_a,652,a,5728.473639322909,35.748225463761095,169.9916405621982,114.2131335027269
2024-01-01 17:30:00,load_671_abc,671,a,5740.974050889008,244.93472130854622,386.14124874335073,220.65214213905753
2024-01-01 17:30:00,load_671_abc,671,b,5913.795238499717,84.46452927792129,386.14124874335073,220.65214213905753
2024-01-01 17:30:00,load_671_abc,671,c,5756.594612630061,192.44349091138122,386.14124874335073,220.65214213905753
2024-01-01 17:30:00,load_675_abc,675,a,5727.5302414024,121.03598238414847,685.1290895929752,268.4010866446707
2024-01-01 17:30:00,load_675_abc,675,b,5919.259005198499,22.122878323020885,96.05933627282951,84.75823788779074
2024-01-01 17:30:00,load_675_abc,675,c,5748.847213282579,75.0617001833425,409.66481645765526,299.47910720352735
2024-01-01 17:30:00,load_692_c,692,c,5756.530384461207,102.25365765239154,203.8717591816229,181.0860919789709
2024-01-01 17:30:00,load_611_c,611,c,5753.55032863003,15.090999958156717,85.84362427337308,40.396999658057915
2024-01-01 17:45:00,load_634_abc,634,a,667.0406012960497,280.86881286203425,50.68531692716203,34.8461553874239
2024-01-01 17:45:00,load_634_abc,634,b,678.4538067212864,284.4414355451482,38.01398769537152,28.510490771528637
2024-01-01 17:45:00,load_634_abc,634,c,669.1159709632168,282.22040335148847,38.01398769537152,28.510490771528637
2024-01-01 17:45:00,load_645_b,645,b,5877.7186891515275,86.2019200393889,208.15264336303295,153.0534142375242
2024-01-01 17:45:00,load_646_b,646,b,5874.300598815866,46.666034462560035,410.5539378698981,235.62225999489806
2024-01-01 17:45:00,load_652_a,652,a,5713.503712907938,37.00454627093184,175.50547925383506,117.91774387367042
2024-01-01 17:45:00,load_671_abc,671,a,5726.450563142163,254.0017035938021,398.6661032051149,227.80920183149425
2024-01-01 17:45:00,load_671_abc,671,b,5905.622609871464,87.64574695745736,398.6661032051149,227.80920183149425
2024-01-01 17:45:00,load_671_abc,671,c,5742.831351696257,199.59761090969448,398.6661032051149,227.80920183149425
2024-01-01 17:45:00,load_675_abc,675,a,5712.490132945717,125.45902967035587,707.3518957878567,277.1069282467892
2024-01-01 17:45:00,load_675_abc,675,b,5911.234988872189,22.182296174183527,99.17511116200879,87.50745102530186
2024-01-01 17:45:00,load_675_abc,675,c,5734.772884116232,78.02833927854637,422.9526799556257,309.1929936227333
2024-01-01 17:45:00,load_692_c,692,c,5742.764615083678,106.13782728640477,210.48453137553793,186.95978963356603
2024-01-01 17:45:00,load_611_c,611,c,5739.6670227198565,15.64582057414321,88.62804293880548,41.70731432414376
2024-01-01 18:00:00,load_634_abc,634,a,665.8159041286887,280.6004696905904,52.09393718537426,35.814581814944795
2024-01-01 18:00:00,load_634_abc,634,b,677.6003375456391,284.27943479324955,39.07045288903069,29.302839666773014
2024-01-01 18:00:00,load_634_abc,634,c,667.9725163171131,281.9917928617557,39.07045288903069,29.302839666773014
2024-01-01 18:00:00,load_645_b,645,b,5869.9017528818995,88.72527910990281,213.9375145647451,157.30699600348905
2024-01-01 18:00:00,load_646_b,646,b,5866.383006223189,48.03239794048343,421.9638417440994,242.1705526531353
2024-01-01 18:00:00,load_652_a,652,a,5700.163007884485,38.122048839881906,180.38303726258678,121.19485316080049
2024-01-01 18:00:00,load_671_abc,671,a,5713.506960930492,262.0681564247433,409.7456264927815,234.14035799587515
2024-01-01 18:00:00,load_671_abc,671,b,5898.345006287228,90.4842628755373,409.7456264927815,234.14035799587515
2024-01-01 18:00:00,load_671_abc,671,c,5730.57721377203,205.96230084074395,409.7456264927815,234.14035799587515
2024-01-01 18:00:00,load_675_abc,675,a,5699.086943647458,129.40052004415483,727.0102558514523,284.8081414675793
2024-01-01 18:00:00,load_675_abc,675,b,5904.089576947713,22.256479190404367,101.93133484102837,89.93941309502503
2024-01-01 18:00:00,load_675_abc,675,c,5722.242361069305,80.676370917266,434.7071632926209,317.7859262690884
2024-01-01 18:00:00,load_692_c,692,c,5730.508248027347,109.59915473123165,216.33420920949467,192.15567994490408
2024-01-01 18:00:00,load_611_c,611,c,5727.30620687534,16.140644531304947,91.09114792261593,42.866422551819255
2024-01-01 18:15:00,load_634_abc,634,a,664.7951076318375,280.3766113046239,53.260116371297876,36.61633000526729
2024-01-01 18:15:00,load_634_abc,634,b,676.8896177543958,284.1439730887669,39.9450872784734,29.958815458855053
2024-01-01 18:15:00,load_634_abc,634,c,667.0202093344185,281.80095020204175,39.9450872784734,29.958815458855053
2024-01-01 18:15:00,load_645_b,645,b,5863.393344026348,90.82046489036348,218.72673745810866,160.8284834250799
2024-01-01 18:15:00,load_646_b,646,b,5859.790991807769,49.166925117364684,431.4099592011706,247.59180267197618
2024-01-01 18:15:00,load_652_a,652,a,5689.047448794829,39.05166783709235,184.42110685215837,123.90793116629389
2024-01-01 18:15:00,load_671_abc,671,a,5702.721736135097,268.77908568303457,418.91822597280833,239.38184341303332
2024-01-01 18:15:00,load_671_abc,671,b,5892.285348157997,92.85097266986836,418.91822597280833,239.38184341303332
2024-01-01 18:15:00,load_671_abc,671,c,5720.375115349644,211.2572872727406,418.91822597280833,239.38184341303332
2024-01-01 18:15:00,load_675_abc,675,a,5687.919364088113,132.68403859670735,743.2851675616196,291.18388007568603
2024-01-01 18:15:00,load_675_abc,675,b,5898.139885199458,22.333233753963437,104.21317813235079,91.95280423442716
2024-01-01 18:15:00,load_675_abc,675,c,5711.810572242996,82.88506716003167,444.43855379973127,324.89990829497594
2024-01-01 18:15:00,load_692_c,692,c,5720.304296809685,112.48255374298427,221.17708470737867,196.45729288714222
2024-01-01 18:15:00,load_611_c,611,c,5717.015440891391,16.553110377549956,93.1303218931153,43.82603383205425
2024-01-01 18:30:00,load_634_abc,634,a,664.0268774170031,280.20802616549673,54.13303256669507,37.216459889602866
2024-01-01 18:30:00,load_634_abc,634,b,676.3551397978198,284.0417702637873,40.5997744250213,30.449830818765975
2024-01-01 18:30:00,load_634_abc,634,c,666.3039878613117,281.6571519313912,40.5997744250213,30.449830818765975
2024-01-01 18:30:00,load_645_b,645,b,5858.4995147065465,92.39244251834435,222.31159841039278,163.464410595877
2024-01-01 18:30:00,load_646_b,646,b,5854.834417431655,50.01814703085196,438.48062982488875,251.6497527690666
2024-01-01 18:30:00,load_652_a,652,a,5680.684512730568,39.75019150600262,187.44370954085775,125.93874234776378
2024-01-01 18:30:00,load_671_abc,671,a,5694.607013514808,273.82201050691543,425.78416110237913,243.30523491564523
2024-01-01 18:30:00,load_671_abc,671,b,5887.728771717687,94.63218509624727,425.78416110237913,243.30523491564523
2024-01-01 18:30:00,load_671_abc,671,c,5712.704325890976,215.23603707973845,425.78416110237913,243.30523491564523
2024-01-01 18:30:00,load_675_abc,675,a,5679.517314249534,135.15391685553843,755.467372648064,295.95629031573645
2024-01-01 18:30:00,load_675_abc,675,b,5893.665938126894,22.399753655324186,105.9211986393162,93.45988115233781
2024-01-01 18:30:00,load_675_abc,675,c,5703.967328520772,84.54788963717145,451.7227589029661,330.224913404927
2024-01-01 18:30:00,load_692_c,692,c,5712.63211608678,114.65132818475404,224.80210606380692,199.677164797852
2024-01-01 18:30:00,load_611_c,611,c,5709.278071183929,16.863494000237313,94.65669794712754,44.54432844570707
2024-01-01 18:45:00,load_634_abc,634,a,663.5495321516464,280.10322563735394,54.673387835202085,37.587954136701434
2024-01-01 18:45:00,load_634_abc,634,b,676.02320980824,283.9781552780172,41.00504087640156,30.753780657301174
2024-01-01 18:45:00,load_634_abc,634,c,665.8591602042118,281.56772722525517,41.00504087640156,30.753780657301174
2024-01-01 18:45:00,load_645_b,645,b,5855.460549965734,93.36712363573773,224.53071006469125,165.09611034168472
2024-01-01 18:45:00,load_646_b,646,b,5851.756541017865,50.545937800905705,442.857538104916,254.16171752108224
2024-01-01 18:45:00,load_652_a,652,a,5675.4891757999185,40.183756198461666,189.3147703552341,127.1958613324229
2024-01-01 18:45:00,load_671_abc,671,a,5689.565738394527,276.9521698315863,430.03433338701973,245.7339047925827
2024-01-01 18:45:00,load_671_abc,671,b,5884.899160750622,95.73887083403211,430.03433338701973,245.7339047925827
2024-01-01 18:45:00,load_671_abc,671,c,5707.941096929858,217.70556566875968,430.03433338701973,245.7339047925827
2024-01-01 18:45:00,load_675_abc,675,a,5674.29768894447,136.68800842340488,763.0084387151201,298.9105223832429
2024-01-01 18:45:00,load_675_abc,675,b,5890.88761394074,22.444808646345695,106.97850274768695,94.39279654207671
2024-01-01 18:45:00,load_675_abc,675,c,5699.097119103326,85.58126339571781,456.2318499533707,333.521214448671
2024-01-01 18:45:00,load_692_c,692,c,5707.868023996059,115.99832168357369,227.04607793501862,201.67033981286943
2024-01-01 18:45:00,load_611_c,611,c,5704.473536473281,17.05632695031279,95.60155994746327,44.98896938704154
2024-01-01 19:00:00,load_634_abc,634,a,663.3876039064373,280.06766601427813,54.85633680843699,37.71373155580043
2024-01-01 19:00:00,load_634_abc,634,b,675.9106402752279,283.9565562082749,41.142252606327745,30.856689454745805
2024-01-01 19:00:00,load_634_abc,634,c,665.7082979508115,281.5373790553231,41.142252606327745,30.856689454745805
2024-01-01 19:00:00,load_645_b,645,b,5854.429974936794,93.6974001658829,225.2820383524106,165.6485576120666
2024-01-01 19:00:00,load_646_b,646,b,5850.712779220849,50.72478345113082,444.3394351501448,255.01219756443095
2024-01-01 19:00:00,load_652_a,652,a,5673.726957947384,40.33075174801363,189.94825849683397,127.6214861775603
2024-01-01 19:00:00,load_671_abc,671,a,5687.855753390026,278.01342750845413,431.47332121755363,246.55618355288777
2024-01-01 19:00:00,load_671_abc,671,b,5883.939569337635,96.1142619196465,431.47332121755363,246.55618355288777
2024-01-01 19:00:00,load_671_abc,671,c,5706.3258171377,218.5428226563812,431.47332121755363,246.55618355288777
2024-01-01 19:00:00,load_675_abc,675,a,5672.527234458068,137.20830607900513,765.5616298737374,299.91074160002086
2024-01-01 19:00:00,load_675_abc,675,b,5889.945410726944,22.46073326549019,107.3364759410601,94.70865524211185
2024-01-01 19:00:00,load_675_abc,675,c,5697.445579150232,85.93183096803901,457.7585003368739,334.6372485221285
2024-01-01 19:00:00,load_692_c,692,c,5706.252451640629,116.45514848821404,227.80582318732363,202.34517236050507
2024-01-01 19:00:00,load_611_c,611,c,5702.844255858214,17.121735135760172,95.92146343112454,45.13951220288214
2024-01-01 19:15:00,load_634_abc,634,a,663.5495404291971,280.1032274571875,54.67337847803665,37.587947703650194
2024-01-01 19:15:00,load_634_abc,634,b,676.0232155629152,283.9781563840932,41.00503385852749,30.753775393895616
2024-01-01 19:15:00,load_634_abc,634,c,665.8591679165128,281.5677287785273,41.00503385852749,30.753775393895616
2024-01-01 19:15:00,load_645_b,645,b,5855.460602650646,93.3671067469644,224.53067163701954,165.09608208604377
2024-01-01 19:15:00,load_646_b,646,b,5851.756594377062,50.545928655634484,442.857462311346,254.16167402216382
2024-01-01 19:15:00,load_652_a,652,a,5675.489265884611,40.183748682864824,189.31473795465138,127.19583956328137
2024-01-01 19:15:00,load_671_abc,671,a,5689.565825808644,276.95211557268385,430.03425978809787,245.73386273605593
2024-01-01 19:15:00,load_671_abc,671,b,5884.8992098057115,95.73885164411324,430.03425978809787,245.73386273605593
2024-01-01 19:15:00,load_671_abc,671,c,5707.9411795075575,217.70552286225757,430.03425978809787,245.73386273605593
2024-01-01 19:15:00,load_675_abc,675,a,5674.297779450261,136.6879818237827,763.008308128806,298.91047122571786
2024-01-01 19:15:00,load_675_abc,675,b,5890.887662106795,22.444807840546176,106.97848443867797,94.39278038706878
2024-01-01 19:15:00,load_675_abc,675,c,5699.097203535085,85.58124547452309,456.23177187083246,333.521157367643
2024-01-01 19:15:00,load_692_c,692,c,5707.868106588719,115.99829833032935,227.04603907685024,201.67030529767283
2024-01-01 19:15:00,load_611_c,611,c,5704.473619766864,17.056323606513573,95.60154358557959,44.988961687331575
2024-01-01 19:30:00,load_634_abc,634,a,664.0268975059245,280.20803057575637,54.13300979274009,37.21644423250881
2024-01-01 19:30:00,load_634_abc,634,b,676.3551537696372,284.0417729397299,40.599757344555066,30.449818008416297
2024-01-01 19:30:00,load_634_abc,634,c,666.3040065849683,281.65715569407683,40.599757344555066,30.449818008416297
2024-01-01 19:30:00,load_645_b,645,b,5858.499642629356,92.39240146492682,222.3115048831305,163.46434182583124
2024-01-01 19:30:00,load_646_b,646,b,5854.834546993297,50.01812480043137,438.4804453545636,251.64964689914083
2024-01-01 19:30:00,load_652_a,652,a,5680.684731391529,39.75017325169357,187.44363068263758,125.9386893648971
2024-01-01 19:30:00,load_671_abc,671,a,5694.60722568931,273.8218787209225,425.78398197350253,243.30513255628716
2024-01-01 19:30:00,load_671_abc,671,b,5887.728890825884,94.63213852025841,425.78398197350253,243.30513255628716
2024-01-01 19:30:00,load_671_abc,671,c,5712.704526399353,215.2359331062795,425.78398197350253,243.30513255628716
2024-01-01 19:30:00,load_675_abc,675,a,5679.517533932928,135.15385228285038,755.4670548203144,295.9561658058963
2024-01-01 19:30:00,load_675_abc,675,b,5893.666055075761,22.399751818836688,105.92115407789976,93.45984183344096
2024-01-01 19:30:00,load_675_abc,675,c,5703.967533534295,84.54784614935981,451.72256886163126,330.224774478158
2024-01-01 19:30:00,load_692_c,692,c,5712.632316631502,114.65127148701902,224.80201148877947,199.6770807929747
2024-01-01 19:30:00,load_611_c,611,c,5709.278273431712,16.863485884263465,94.65665812472567,44.54430970575325
2024-01-01 19:45:00,load_634_abc,634,a,664.7951478267437,280.37662012293123,53.26007059244564,36.61629853230638
2024-01-01 19:45:00,load_634_abc,634,b,676.889645727784,284.14397843063455,39.94505294433422,29.95878970825067
2024-01-01 19:45:00,load_634_abc,634,c,667.0202468185767,281.8009577220182,39.94505294433422,29.95878970825067
2024-01-01 19:45:00,load_645_b,645,b,5863.3936001733255,90.82038253310459,218.72654945515868,160.82834518761666
2024-01-01 19:45:00,load_646_b,646,b,5859.791251241622,49.166880521296555,431.40958838987467,247.59158985853674
2024-01-01 19:45:00,load_652_a,652,a,5689.047886410199,39.05163126451224,184.42094833604585,123.90782466328079
2024-01-01 19:45:00,load_671_abc,671,a,5702.722160754701,268.7788216562858,418.917865898575,239.3816376563286
2024-01-01 19:45:00,load_671_abc,671,b,5892.285586648276,92.85087947208123,418.917865898575,239.3816376563286
2024-01-01 19:45:00,load_671_abc,671,c,5720.375516856087,211.2570789575525,418.917865898575,239.3816376563286
2024-01-01 19:45:00,load_675_abc,675,a,5687.919803750799,132.68390933865385,743.2845286831457,291.18362979339736
2024-01-01 19:45:00,load_675_abc,675,b,5898.140119363503,22.333230468716064,104.21308855763695,91.95272519791494
2024-01-01 19:45:00,load_675_abc,675,c,5711.810982781713,82.88498016902442,444.4381717899222,324.8996290326328
2024-01-01 19:45:00,load_692_c,692,c,5720.304698388993,112.48244023646403,221.1768945982732,196.45712402552502
2024-01-01 19:45:00,load_611_c,611,c,5717.015845884797,16.553094136627156,93.13024184448726,43.82599616211165
2024-01-01 20:00:00,load_634_abc,634,a,665.8159802724624,280.6004863789958,52.09384993034977,35.81452182711547
2024-01-01 20:00:00,load_634_abc,634,b,677.6003905825993,284.2794448798967,39.07038744776233,29.302790585821743
2024-01-01 20:00:00,load_634_abc,634,c,667.972587378401,281.9918070840173,39.07038744776233,29.302790585821743
2024-01-01 20:00:00,load_645_b,645,b,5869.902238603239,88.72512255401688,213.93715622893714,157.3067325212773
2024-01-01 20:00:00,load_646_b,646,b,5866.383498190695,48.032313167114935,421.963134973459,242.17014702824605
2024-01-01 20:00:00,load_652_a,652,a,5700.16383715673,38.12197943637741,180.38273512903376,121.19465016481955
2024-01-01 20:00:00,load_671_abc,671,a,5713.507765540489,262.0676554176823,409.7449401871075,234.13996582120427
2024-01-01 20:00:00,load_671_abc,671,b,5898.3454585098225,90.48408635417866,409.7449401871075,234.13996582120427
2024-01-01 20:00:00,load_671_abc,671,c,5730.577975172797,205.9619055340912,409.7449401871075,234.13996582120427
2024-01-01 20:00:00,load_675_abc,675,a,5699.087776802032,129.40027505787987,727.0090381416552,284.8076644266278
2024-01-01 20:00:00,load_675_abc,675,b,5904.090020960437,22.25647396699535,101.93116411058259,89.93926245051404
2024-01-01 20:00:00,load_675_abc,675,c,5722.2431396260345,80.67620621169695,434.70643517748454,317.78539399181625
2024-01-01 20:00:00,load_692_c,692,c,5730.5090095664955,109.59893958608176,216.3338468593299,192.1553580926989
2024-01-01 20:00:00,load_611_c,611,c,5727.306974898403,16.14061376467043,91.09099534900042,42.86635075247079
2024-01-01 20:15:00,load_634_abc,634,a,667.0407418352596,280.86884364220776,50.68515468598749,34.846043846616396
2024-01-01 20:15:00,load_634_abc,634,b,678.4539047096505,284.4414541039172,38.01386601449062,28.510399510867963
2024-01-01 20:15:00,load_634_abc,634,c,669.1161022374754,282.2204295645277,38.01386601449062,28.510399510867963
2024-01-01 20:15:00,load_645_b,645,b,5877.71958670968,86.2016298679677,208.1519770767909,153.05292432116977
2024-01-01 20:15:00,load_646_b,646,b,5874.301507946724,46.665877339826025,410.55262370719527,235.62150577978164
2024-01-01 20:15:00,load_652_a,652,a,5713.50524411538,37.004417895087705,175.50491746953898,117.91736642484649
2024-01-01 20:15:00,load_671_abc,671,a,5726.452048731112,254.00077700185923,398.66482709477856,227.80847262558777
2024-01-01 20:15:00,load_671_abc,671,b,5905.623445480269,87.64542132352477,398.66482709477856,227.80847262558777
2024-01-01 20:15:00,load_671_abc,671,c,5742.832758799768,199.59687979452224,398.66482709477856,227.80847262558777
2024-01-01 20:15:00,load_675_abc,675,a,5712.4916713280845,125.45857725652316,707.3496315896759,277.10604124131635
2024-01-01 20:15:00,load_675_abc,675,b,5911.235809295176,22.182288798984793,99.1747937074185,87.50717091831042
2024-01-01 20:15:00,load_675_abc,675,c,5734.7743229870985,78.0280355547333,422.9513261051671,309.1920039113635
2024-01-01 20:15:00,load_692_c,692,c,5742.766022443383,106.137429982746,210.48385762503858,186.95919118459307
2024-01-01 20:15:00,load_611_c,611,c,5739.668442083841,15.645763797677958,88.62775924485516,41.7071808211083
2024-01-01 20:30:00,load_634_abc,634,a,668.414533919175,281.1695528371724,49.09264490658902,33.75119337327995
2024-01-01 20:30:00,load_634_abc,634,b,679.4122876903139,284.6224962059201,36.81948367994176,27.614612759956323
2024-01-01 20:30:00,load_634_abc,634,c,670.3999612070811,282.476407337056,36.81948367994176,27.614612759956323
2024-01-01 20:30:00,load_645_b,645,b,5886.499129409684,83.35847693952476,201.61191497873526,148.24405513142298
2024-01-01 20:30:00,load_646_b,646,b,5883.1944182176885,45.12637154379118,397.65320429608784,228.21836072645044
2024-01-01 20:30:00,load_652_a,652,a,5728.476414124364,35.747992362690866,169.99061453144355,114.21244413831363
2024-01-01 20:30:00,load_671_abc,671,a,5740.976742856357,244.93303917864117,386.138918082881,220.65081033307484
2024-01-01 20:30:00,load_671_abc,671,b,5913.796753968238,84.46394010737805,386.138918082881,220.65081033307484
2024-01-01 20:30:00,load_671_abc,671,c,5756.597164995647,192.4421636822914,386.138918082881,220.65081033307484
2024-01-01 20:30:00,load_675_abc,675,a,5727.533029219385,121.03516256564481,685.1249543101195,268.39946663695406
2024-01-01 20:30:00,load_675_abc,675,b,5919.260493093183,22.122869679062454,96.0587564805941,84.75772630640654
2024-01-01 20:30:00,load_675_abc,675,c,5748.849823398599,75.06115084831765,409.66234381429825,299.4772996159698
2024-01-01 20:30:00,load_692_c,692,c,5756.532937292452,102.25293773581176,203.87052865820286,181.084998984639
2024-01-01 20:30:00,load_611_c,611,c,5753.552903280272,15.090897172221979,85.8431061408443,40.39675583098555
2024-01-01 20:45:00,load_634_abc,634,a,669.8804379201949,281.4900677152568,47.37880338589019,32.572927327799505
2024-01-01 20:45:00,load_634_abc,634,b,680.4361002402858,284.81487426700994,35.53410253941764,26.650576904563227
2024-01-01 20:45:00,load_634_abc,634,c,671.7712957538664,282.74899903918396,35.53410253941764,26.650576904563227
2024-01-01 20:45:00,load_645_b,645,b,5895.880052975243,80.30993507162933,194.57357203315516,143.06880296555525
2024-01-01 20:45:00,load_646_b,646,b,5892.696846307185,43.475677774157774,383.7709909083528,220.25117739088077
2024-01-01 20:45:00,load_652_a,652,a,5744.4589021370375,34.40393167356342,164.05618231929776,110.22524749577815
2024-01-01 20:45:00,load_671_abc,671,a,5756.481605074952,235.2352505558368,372.6586724813786,212.94781284650202
2024-01-01 20:45:00,load_671_abc,671,b,5922.529325757776,81.07425738342427,372.6586724813786,212.94781284650202
2024-01-01 20:45:00,load_671_abc,671,c,5771.305984969457,184.79072225577585,372.6586724813786,212.94781284650202
2024-01-01 20:45:00,load_675_abc,675,a,5743.590526788205,116.313704492974,661.2070009018693,259.0295467450622
2024-01-01 20:45:00,load_675_abc,675,b,5927.834075074496,22.087860697457064,92.70531146665384,81.7988042352828
2024-01-01 20:45:00,load_675_abc,675,c,5763.8918399238155,71.90114975923626,395.3608871372001,289.0224416313325
2024-01-01 20:45:00,load_692_c,692,c,5771.244443669336,98.10711143363444,196.75333671374614,174.76325790456275
2024-01-01 20:45:00,load_611_c,611,c,5768.390284744052,14.49929478394744,82.84629307750515,38.98649086000242
2024-01-01 21:00:00,load_634_abc,634,a,671.3834032767072,281.81829851801416,45.60592298147988,31.354072049767417
2024-01-01 21:00:00,load_634_abc,634,b,681.4870408372258,285.01124492161705,34.204442236109905,25.65333167708243
2024-01-01 21:00:00,load_634_abc,634,c,673.1787885774922,283.0278840326821,34.204442236109905,25.65333167708243
2024-01-01 21:00:00,load_645_b,645,b,5905.511696778866,77.16842242043094,187.29277031547332,137.7152722907892
2024-01-01 21:00:00,load_646_b,646,b,5902.45364373655,41.77467128989146,369.4105592186583,212.0095383341865
2024-01-01 21:00:00,load_652_a,652,a,5760.853617387708,33.02221064440542,157.91731915537775,106.10069880751942
2024-01-01 21:00:00,load_671_abc,671,a,5772.385302273329,225.26921739987293,358.71405567468753,204.97946038553573
2024-01-01 21:00:00,load_671_abc,671,b,5931.494626516436,77.60716821469589,358.71405567468753,204.97946038553573
2024-01-01 21:00:00,load_671_abc,671,c,5786.409758782186,176.92857422195036,358.71405567468753,204.97946038553573
2024-01-01 21:00:00,load_675_abc,675,a,5760.062275170901,111.47264225912089,636.4651152613608,249.33684927764648
2024-01-01 21:00:00,load_675_abc,675,b,5936.635933611619,22.08304501799865,89.23634605726296,78.73795240346732
2024-01-01 21:00:00,load_675_abc,675,c,5779.338573883027,68.66979880413707,380.56676995009195,278.2074318255845
2024-01-01 21:00:00,load_692_c,692,c,5786.3509820931395,93.85714444011136,189.39096978520473,168.2237437503877
2024-01-01 21:00:00,load_611_c,611,c,5783.626362529665,13.893555507383093,79.74624497416104,37.52764469372284
2024-01-01 21:15:00,load_634_abc,634,a,672.8734533095139,282.1433162848438,43.83246478128815,30.134819537135606
2024-01-01 21:15:00,load_634_abc,634,b,682.530182378279,285.20504638947943,32.87434858596611,24.65576143947459
2024-01-01 21:15:00,load_634_abc,634,c,674.5756676204758,283.30376432531887,32.87434858596611,24.65576143947459
2024-01-01 21:15:00,load_645_b,645,b,5915.0740317597765,74.03793486702031,180.00959572678042,132.35999685792677
2024-01-01 21:15:00,load_646_b,646,b,5912.140636852156,40.07966326107649,355.04544735040855,203.7652132619736
2024-01-01 21:15:00,load_652_a,652,a,5777.1157062486855,31.648641015759793,151.7764552872761,101.97480589613862
2024-01-01 21:15:00,load_671_abc,671,a,5788.15926028995,215.36654036740907,344.7648942068088,197.0085109753193
2024-01-01 21:15:00,load_671_abc,671,b,5940.394721131968,74.18159116942724,344.7648942068088,197.0085109753193
2024-01-01 21:15:00,load_671_abc,671,c,5801.406831242179,169.11794617265227,344.7648942068088,197.0085109753193
2024-01-01 21:15:00,load_675_abc,675,a,5776.4008656366295,106.6745772230812,611.7151660441373,239.6409928832703
2024-01-01 21:15:00,load_675_abc,675,b,5945.3735536296,22.10987275524511,85.76625008453884,75.67610301576956
2024-01-01 21:15:00,load_675_abc,675,c,5794.677005224577,65.47759623860708,365.7678312428862,267.3888973223858
2024-01-01 21:15:00,load_692_c,692,c,5801.350805751681,89.64636392056981,182.02620340290326,161.68209831669643
2024-01-01 21:15:00,load_611_c,611,c,5798.755096518815,13.294229214399877,76.64518654055901,36.068323077910115
2024-01-01 21:30:00,load_634_abc,634,a,674.3080118235598,282.4558557261989,42.11007091962579,28.950673757242733
2024-01-01 21:30:00,load_634_abc,634,b,683.5356244759669,285.390790471372,31.582553189719345,23.686914892289504
2024-01-01 21:30:00,load_634_abc,634,c,675.9219130004664,283.5687888133623,31.582553189719345,23.686914892289504
2024-01-01 21:30:00,load_645_b,645,b,5924.292835638161,71.00892766130904,172.93613033378503,127.15891936307722
2024-01-01 21:30:00,load_646_b,646,b,5921.480005014257,38.43962963054717,341.09395951647394,195.75827241815026
2024-01-01 21:30:00,load_652_a,652,a,5792.780042069317,30.32268135133698,145.8124093173293,97.96771251008062
2024-01-01 21:30:00,load_671_abc,671,a,5803.352375391953,205.81259485322096,331.2173800421027,189.26707430977297
2024-01-01 21:30:00,load_671_abc,671,b,5948.974396830827,70.8984513936527,331.2173800421027,189.26707430977297
2024-01-01 21:30:00,load_671_abc,671,c,5815.867134411353,161.58449195071964,331.2173800421027,189.26707430977297
2024-01-01 21:30:00,load_675_abc,675,a,5792.138979885812,102.05835231784924,587.677858255551,230.2243156052674
2024-01-01 21:30:00,load_675_abc,675,b,5953.796390403043,22.16581668407156,82.39607084820096,72.70241545429496
2024-01-01 21:30:00,load_675_abc,675,c,5809.46722745032,62.41818869035424,351.3950080290923,256.8818679385089
2024-01-01 21:30:00,load_692_c,692,c,5815.813767450511,85.59715070437514,174.87349554202325,155.32881074615005
2024-01-01 21:30:00,load_611_c,611,c,5813.3426256303055,12.718791743745246,73.63341890480922,34.65102066108669
2024-01-01 21:45:00,load_634_abc,634,a,675.6532937443792,282.74860709886957,40.481420142186735,27.830976347753374
2024-01-01 21:45:00,load_634_abc,634,b,684.4795100804874,285.56421741260067,30.361065106640044,22.770798829980034
2024-01-01 21:45:00,load_634_abc,634,c,677.1856105754936,283.816793438689,30.361065106640044,22.770798829980034
2024-01-01 21:45:00,load_645_b,645,b,5932.949078342555,68.15489219198011,166.247645680007,122.24091594118161
2024-01-01 21:45:00,load_646_b,646,b,5930.249800552836,36.89435834270078,327.90179597425185,188.1871176895706
2024-01-01 21:45:00,load_652_a,652,a,5807.476645385379,29.076044547818466,140.17296277618723,94.17870936525078
2024-01-01 21:45:00,load_671_abc,671,a,5817.60593939139,196.83632018678884,318.4072034803841,181.94697341736233
2024-01-01 21:45:00,load_671_abc,671,b,5957.029883670877,67.8368403380833,318.4072034803841,181.94697341736233
2024-01-01 21:45:00,load_671_abc,671,c,5829.446933817395,154.50911143647897,318.4072034803841,181.94697341736233
2024-01-01 21:45:00,load_675_abc,675,a,5806.904885087655,97.73412894982351,564.9488060400262,221.32015081980407
2024-01-01 21:45:00,load_675_abc,675,b,5961.704425222346,22.24534972900221,79.20931713550884,69.89057394309603
2024-01-01 21:45:00,load_675_abc,675,c,5823.357554651255,59.5649135592332,337.80444072496414,246.94669459893927
2024-01-01 21:45:00,load_692_c,692,c,5829.39606871568,81.80650111459374,168.11008127441002,149.32130748491713
2024-01-01 21:45:00,load_611_c,611,c,5827.042152422385,12.181009256553772,70.78556986713586,33.31085640806393
2024-01-01 22:00:00,load_634_abc,634,a,676.8848152392789,283.01631247953134,38.979007279249764,26.798067504484212
2024-01-01 22:00:00,load_634_abc,634,b,685.3444326773805,285.7223285624368,29.23425545943732,21.92569159457799
2024-01-01 22:00:00,load_634_abc,634,c,678.3434894545818,284.0433726502189,29.23425545943732,21.92569159457799
2024-01-01 22:00:00,load_645_b,645,b,5940.882738308241,65.53066157278525,160.07759037005664,117.70411056621812
2024-01-01 22:00:00,load_646_b,646,b,5938.287830340722,35.473532945105795,315.73216668947157,181.2028087087402
2024-01-01 22:00:00,load_652_a,652,a,5820.9365656542195,27.932085417895298,134.9706338664991,90.68339462905408
2024-01-01 22:00:00,load_671_abc,671,a,5830.659303400149,188.60573721437981,306.5899530855002,175.1942589060001
2024-01-01 22:00:00,load_671_abc,671,b,5964.412382750186,65.05250599467068,306.5899530855002,175.1942589060001
2024-01-01 22:00:00,load_671_abc,671,c,5841.894873996503,148.02433999731426,306.5899530855002,175.1942589060001
2024-01-01 22:00:00,load_675_abc,675,a,5820.428346581834,93.78141112467563,543.9814993073537,213.10615436782928
2024-01-01 22:00:00,load_675_abc,675,b,5968.951621206501,22.341229839690822,76.26957103690734,67.29668032668293
2024-01-01 22:00:00,load_675_abc,675,c,5836.090736345802,56.9694807249727,325.2672882456342,237.78160382094634
2024-01-01 22:00:00,load_692_c,692,c,5841.846306680619,78.34421818499983,161.87090419986754,143.7794502010588
2024-01-01 22:00:00,load_611_c,611,c,5839.600052970603,11.69069119655504,68.15845969399548,32.07456926776257
2024-01-01 22:15:00,load_634_abc,634,a,677.9871547041822,283.2556986858912,37.624824717059816,25.86706699297862
2024-01-01 22:15:00,load_634_abc,634,b,686.1193155993913,285.86332166353617,28.218618537794857,21.163963903346147
2024-01-01 22:15:00,load_634_abc,634,c,679.3807540895453,284.24581192811144,28.218618537794857,21.163963903346147
2024-01-01 22:15:00,load_645_b,645,b,5947.99177873155,63.1723045469733,154.51628194771735,113.61491319685099
2024-01-01 22:15:00,load_646_b,646,b,5945.490634140089,34.19667624571371,304.76321123634125,174.90758210085676
2024-01-01 22:15:00,load_652_a,652,a,5832.9895882294395,26.90587885581521,130.28157451000195,87.53293287390755
2024-01-01 22:15:00,load_671_abc,671,a,5842.347612216289,181.2285683008529,295.93861029381145,169.10777731074938
2024-01-01 22:15:00,load_671_abc,671,b,5971.02708660828,62.578467795391504,295.93861029381145,169.10777731074938
2024-01-01 22:15:00,load_671_abc,671,c,5853.05045018764,142.2148330598138,295.93861029381145,169.10777731074938
2024-01-01 22:15:00,load_675_abc,675,a,5832.538327592601,90.24967814794172,525.0828584251342,205.70256309438244
2024-01-01 22:15:00,load_675_abc,675,b,5975.444953111527,22.445777575981708,73.61986468641058,64.95870413506815
2024-01-01 22:15:00,load_675_abc,675,c,5847.502425642958,54.66258202682232,313.9670699861627,229.5207546105741
2024-01-01 22:15:00,load_692_c,692,c,5853.003945732894,75.25345469359843,156.24729366964064,138.78436084773963
2024-01-01 22:15:00,load_611_c,611,c,5850.854346263663,11.253790412858157,65.79054414083386,30.96025606627476
2024-01-01 22:30:00,load_634_abc,634,a,678.9531370811782,283.4652867429107,36.430837460667185,25.04620075420869
2024-01-01 22:30:00,load_634_abc,634,b,686.798877486277,285.98645656837516,27.323128095500387,20.492346071625292
2024-01-01 22:30:00,load_634_abc,634,c,680.2903642609538,284.42291703769126,27.323128095500387,20.492346071625292
2024-01-01 22:30:00,load_645_b,645,b,5954.227315712595,61.098341855240015,149.61285786699085,110.00945431396384
2024-01-01 22:30:00,load_646_b,646,b,5951.808602575847,33.073809877861876,295.0918468334529,169.35705992180775
2024-01-01 22:30:00,load_652_a,652,a,5843.555596228461,26.00485314964341,126.14721532354764,84.75516029550856
2024-01-01 22:30:00,load_671_abc,671,a,5852.593390932195,174.75696944734528,286.5472860279168,163.74130630166675
2024-01-01 22:30:00,load_671_abc,671,b,5976.828657607428,60.42733843972694,286.5472860279168,163.74130630166675
2024-01-01 22:30:00,load_671_abc,671,c,5862.836506851745,137.12116195530862,286.5472860279168,163.74130630166675
2024-01-01 22:30:00,load_675_abc,675,a,5843.154313563992,87.1610883221814,508.4198640796599,199.1747921136812
2024-01-01 22:30:00,load_675_abc,675,b,5981.139960836484,22.551914297294566,71.28360980910696,62.897302772741426
2024-01-01 22:30:00,load_675_abc,675,c,5857.513532793624,52.6560403049292,304.0036300682503,222.2371364636864
2024-01-01 22:30:00,load_692_c,692,c,5862.791814850148,72.55313728331305,151.28893761375716,134.38017399810195
2024-01-01 22:30:00,load_611_c,611,c,5860.7271360448585,10.872778838596343,63.70274514413382,29.977762420768855
2024-01-01 22:45:00,load_634_abc,634,a,679.7826262113923,283.6451197225012,35.400082083504614,24.33755643240942
2024-01-01 22:45:00,load_634_abc,634,b,687.382810362574,286.0918786222195,26.550061562628457,19.912546171971343
2024-01-01 22:45:00,load_634_abc,634,c,681.071932304652,284.5747766101883,26.550061562628457,19.912546171971343
2024-01-01 22:45:00,load_645_b,645,b,5959.586130606011,59.31194594811391,145.37978861884196,106.89690339620732
2024-01-01 22:45:00,load_646_b,646,b,5957.238400725398,32.10664603425791,286.7426698975998,164.56535837601376
2024-01-01 22:45:00,load_652_a,652,a,5852.631574315404,25.229820942721346,122.57807089613182,82.35714138333856
2024-01-01 22:45:00,load_671_abc,671,a,5861.393914858947,169.19519652454937,278.4398645006597,159.10849400037696
2024-01-01 22:45:00,load_671_abc,671,b,5981.814240358142,58.594798100255666,278.4398645006597,159.10849400037696
2024-01-01 22:45:00,load_671_abc,671,c,5871.247556641106,132.7459705845868,278.4398645006597,159.10849400037696
2024-01-01 22:45:00,load_675_abc,675,a,5852.273257078053,84.5146111101227,494.0348939476344,193.5394429897949
2024-01-01 22:45:00,load_675_abc,675,b,5986.033883999712,22.653845474105783,69.26674801740029,61.1177188388826
2024-01-01 22:45:00,load_675_abc,675,c,5866.118295946475,50.945998343165215,295.4023077212659,215.94927323071855
2024-01-01 22:45:00,load_692_c,692,c,5871.204424559336,70.2416915964853,147.0084462273333,130.57809047251368
2024-01-01 22:45:00,load_611_c,611,c,5869.212833529031,10.547209781390972,61.90037243809254,29.129587029690605
2024-01-01 23:00:00,load_634_abc,634,a,680.4811013860852,283.7964476317498,34.528187558323005,23.738128946347068
2024-01-01 23:00:00,load_634_abc,634,b,687.8747939917755,286.1804232223331,25.89614066874226,19.42210550155669
2024-01-01 23:00:00,load_634_abc,634,c,681.7304027597638,284.7024911733894,25.89614066874226,19.42210550155669
2024-01-01 23:00:00,load_645_b,645,b,5964.101658918448,57.80376035308413,141.79912342519003,104.26406134205148
2024-01-01 23:00:00,load_646_b,646,b,5961.813844162583,31.290114409061626,279.6802748604942,160.51215774602275
2024-01-01 23:00:00,load_652_a,652,a,5860.276170643776,24.576248135385754,119.55900589313116,80.32870708444749
2024-01-01 23:00:00,load_671_abc,671,a,5868.806222269801,164.50899692578895,271.58196533314464,155.18969447608265
2024-01-01 23:00:00,load_671_abc,671,b,5986.0150636677345,57.063626359136464,271.58196533314464,155.18969447608265
2024-01-01 23:00:00,load_671_abc,671,c,5878.335688152717,129.0615079183908,271.58196533314464,155.18969447608265
2024-01-01 23:00:00,load_675_abc,675,a,5859.9540684682515,82.29093180148625,481.8669470410273,188.7726184284437
2024-01-01 23:00:00,load_675_abc,675,b,5990.157414132338,22.747379880990074,67.56072659544301,59.61240581950853
2024-01-01 23:00:00,load_675_abc,675,c,5873.369877249289,49.51661679808425,288.1266281276246,210.63050056226348
2024-01-01 23:00:00,load_692_c,692,c,5878.2938721737855,68.30146430855834,143.38766763369293,127.36198713345665
2024-01-01 23:00:00,load_611_c,611,c,5876.363944690993,10.274374632689414,60.375782870527,28.412133115542115
2024-01-01 23:15:00,load_634_abc,634,a,681.0581719567289,283.92140236632326,33.805111801331336,23.241014363415292
2024-01-01 23:15:00,load_634_abc,634,b,688.281456553962,286.2534203758784,25.3538338509985,19.015375388248874
2024-01-01 23:15:00,load_634_abc,634,c,682.2746612700699,284.8078963499806,25.3538338509985,19.015375388248874
2024-01-01 23:15:00,load_645_b,645,b,5967.834467606343,56.554991401916446,138.82962181615727,102.08060427658621
2024-01-01 23:15:00,load_646_b,646,b,5965.596253051076,30.61403633063959,273.82332027465634,157.1507751141506
2024-01-01 23:15:00,load_652_a,652,a,5866.593506813586,24.035613985060532,117.0552480997248,78.6464948170026
2024-01-01 23:15:00,load_671_abc,671,a,5874.931407661435,160.6356153226135,265.8946023681223,151.9397727817842
2024-01-01 23:15:00,load_671_abc,671,b,5989.487573487886,55.80775627010938,265.8946023681223,151.9397727817842
2024-01-01 23:15:00,load_671_abc,671,c,5884.195648409521,126.01762883327646,265.8946023681223,151.9397727817842
2024-01-01 23:15:00,load_675_abc,675,a,5866.30135000535,80.45753877730745,471.7758784926879,184.81941631672314
2024-01-01 23:15:00,load_675_abc,675,b,5993.565988591581,22.82994679045837,66.14589636598512,58.364026205280986
2024-01-01 23:15:00,load_675_abc,675,c,5879.365107504332,48.34380139684823,282.0927933255247,206.21955925865947
2024-01-01 23:15:00,load_692_c,692,c,5884.154921551452,66.70329420824763,140.38489935509818,124.69482236835191
2024-01-01 23:15:00,load_611_c,611,c,5882.276022404993,10.049971674287152,59.11141691360182,27.81713737110674
2024-01-01 23:30:00,load_634_abc,634,a,681.526153876847,284.0226888648152,33.216907135993004,22.83662365599519
2024-01-01 23:30:00,load_634_abc,634,b,688.6113715958671,286.312513288983,24.91268035199475,18.684510263996064
2024-01-01 23:30:00,load_634_abc,634,c,682.716192676469,284.89330176411704,24.91268035199475,18.684510263996064
2024-01-01 23:30:00,load_645_b,645,b,5970.863050675336,55.54047213951445,136.4140039735266,100.3044146864166
2024-01-01 23:30:00,load_646_b,646,b,5968.665126000441,30.064783619479186,269.0588291701589,154.41637152374335
2024-01-01 23:30:00,load_652_a,652,a,5871.717607867819,23.596739121660843,115.0185016029455,77.278055764479
2024-01-01 23:30:00,load_671_abc,671,a,5879.899523724398,157.49349071924456,261.26806995135775,149.29603997220443
2024-01-01 23:30:00,load_671_abc,671,b,5992.304867794288,54.795948332694785,261.26806995135775,149.29603997220443
2024-01-01 23:30:00,load_671_abc,671,c,5888.950405302423,123.54951446521106,261.26806995135775,149.29603997220443
2024-01-01 23:30:00,load_675_abc,675,a,5871.449752344364,78.97352573140904,463.5670379376166,181.60358187246837
2024-01-01 23:30:00,load_675_abc,675,b,5996.331382548469,22.900405628035905,64.99496614383078,57.34849953867421
2024-01-01 23:30:00,load_675_abc,675,c,5884.229716346155,47.39859475584356,277.18441443692535,202.63136503664887
2024-01-01 23:30:00,load_692_c,692,c,5888.910562861647,65.41080003782298,137.94221988020087,122.52514824653134
2024-01-01 23:30:00,load_611_c,611,c,5887.073100846837,9.868723922375022,58.08288574329608,27.333122702727565
2024-01-01 23:45:00,load_634_abc,634,a,681.8987987877208,284.10331114363265,32.74736382786963,22.51381263166037
2024-01-01 23:45:00,load_634_abc,634,b,688.8741579213249,286.3595003443549,24.56052287090222,18.420392153176667
2024-01-01 23:45:00,load_634_abc,634,c,683.0678771738048,284.96126074231177,24.56052287090222,18.420392153176667
2024-01-01 23:45:00,load_645_b,645,b,5973.275560116965,54.73146482092635,134.4857003407456,98.88654436819529
2024-01-01 23:45:00,load_646_b,646,b,5971.109759871279,29.626795773149002,265.25550177994967,152.23359232588416
2024-01-01 23:45:00,load_652_a,652,a,5875.798463962466,23.24698772934156,113.39263777652317,76.1856785061015
2024-01-01 23:45:00,load_671_abc,671,a,5883.8560703138755,154.99096097083353,257.5748701790334,147.18564010230475
2024-01-01 23:45:00,load_671_abc,671,b,5994.549005669229,53.994846151531746,257.5748701790334,147.18564010230475
2024-01-01 23:45:00,load_671_abc,671,c,5892.738163849049,121.58456598475483,257.5748701790334,147.18564010230475
2024-01-01 23:45:00,load_675_abc,675,a,5875.549969887492,77.79378915051083,457.0142062835724,179.03649318325515
2024-01-01 23:45:00,load_675_abc,675,b,5998.534160248111,22.95874414330372,64.07621861295448,56.53783995260689
2024-01-01 23:45:00,load_675_abc,675,c,5888.105046196024,46.65001170169891,273.2662264376,199.767034499211
2024-01-01 23:45:00,load_692_c,692,c,5892.699026411569,64.38409574134477,135.9923138884341,120.79317292443264
2024-01-01 23:45:00,load_611_c,611,c,5890.894595358482,9.724906049103794,57.26184511463057,26.94675064217909
