speed,meter_id,t_sim,seq,ingest_seq,flags,gap_steps,poll_to_pub_ms,pub_to_recv_ms,total_ms,recv_to_validated_subscriber_ms
900.0,m05,2024-01-01T00:00:00,0,1,,0,0.238,0.732,0.97,0.607
900.0,m07,2024-01-01T00:00:00,0,2,,0,0.137,0.864,1.001,0.536
900.0,m03,2024-01-01T00:00:00,0,3,,0,0.309,0.655,0.964,0.392
900.0,m06,2024-01-01T00:00:00,0,4,,0,0.21,1.152,1.362,0.671
900.0,m01,2024-01-01T00:00:00,0,5,,0,0.425,0.874,1.299,0.421
900.0,m08,2024-01-01T00:00:00,0,6,,0,0.202,0.798,1.0,0.635
900.0,m02,2024-01-01T00:00:00,0,7,,0,0.207,1.07,1.277,0.718
900.0,m04,2024-01-01T00:00:00,0,8,,0,0.317,1.089,1.406,0.688
900.0,m07,2024-01-01T00:15:00,1,9,,0,0.141,0.779,0.92,0.528
900.0,m03,2024-01-01T00:15:00,1,10,,0,0.3,0.702,1.002,0.408
900.0,m06,2024-01-01T00:15:00,1,11,,0,0.131,1.066,1.197,0.642
900.0,m01,2024-01-01T00:15:00,1,12,,0,0.5,0.781,1.281,0.387
900.0,m08,2024-01-01T00:15:00,1,13,,0,0.34,0.603,0.943,0.468
900.0,m02,2024-01-01T00:15:00,1,14,,0,0.187,0.61,0.797,0.481
900.0,m04,2024-01-01T00:15:00,1,15,,0,0.137,0.543,0.68,0.453
900.0,m05,2024-01-01T00:15:00,1,16,,0,0.252,0.748,1.0,0.548
900.0,m07,2024-01-01T00:30:00,2,17,,0,0.152,0.932,1.084,0.631
900.0,m03,2024-01-01T00:30:00,2,18,,0,0.426,0.725,1.151,0.558
900.0,m06,2024-01-01T00:30:00,2,19,,0,0.296,0.778,1.074,0.562
900.0,m01,2024-01-01T00:30:00,2,20,,0,0.301,0.677,0.978,0.56
900.0,m08,2024-01-01T00:30:00,2,21,,0,0.231,0.847,1.078,0.595
900.0,m02,2024-01-01T00:30:00,2,22,,0,0.176,0.598,0.774,0.509
900.0,m04,2024-01-01T00:30:00,2,23,,0,0.257,0.966,1.223,0.647
900.0,m05,2024-01-01T00:30:00,2,24,,0,0.203,0.83,1.033,0.747
900.0,m07,2024-01-01T00:45:00,3,25,,0,0.151,0.814,0.965,0.535
900.0,m03,2024-01-01T00:45:00,3,26,,0,0.318,0.668,0.986,1.658
900.0,m06,2024-01-01T00:45:00,3,27,,0,0.208,1.172,1.38,0.937
900.0,m01,2024-01-01T00:45:00,3,28,,0,0.475,1.122,1.597,0.717
900.0,m08,2024-01-01T00:45:00,3,29,,0,0.189,0.758,0.947,0.596
900.0,m02,2024-01-01T00:45:00,3,30,,0,0.185,0.716,0.901,0.51
900.0,m04,2024-01-01T00:45:00,3,31,,0,0.224,0.851,1.075,0.625
900.0,m05,2024-01-01T00:45:00,3,32,,0,0.189,0.699,0.888,0.614
900.0,m06,2024-01-01T01:00:00,4,33,,0,0.298,1.241,1.539,0.75
900.0,m01,2024-01-01T01:00:00,4,34,,0,0.461,1.004,1.465,0.558
900.0,m08,2024-01-01T01:00:00,4,35,,0,0.262,0.89,1.152,0.562
900.0,m02,2024-01-01T01:00:00,4,36,,0,0.279,0.944,1.223,0.9
900.0,m04,2024-01-01T01:00:00,4,37,,0,0.228,0.852,1.08,0.554
900.0,m05,2024-01-01T01:00:00,4,38,,0,0.207,0.832,1.039,0.599
900.0,m07,2024-01-01T01:00:00,4,39,,0,0.201,0.991,1.192,1.09
900.0,m03,2024-01-01T01:00:00,4,40,,0,0.407,1.424,1.831,0.322
900.0,m06,2024-01-01T01:15:00,5,41,,0,0.089,0.524,0.613,0.364
900.0,m01,2024-01-01T01:15:00,5,42,,0,0.248,0.39,0.638,0.316
900.0,m08,2024-01-01T01:15:00,5,43,,0,0.085,0.334,0.419,0.272
900.0,m02,2024-01-01T01:15:00,5,44,,0,0.081,0.358,0.439,0.341
900.0,m04,2024-01-01T01:15:00,5,45,,0,0.161,0.619,0.78,0.463
900.0,m05,2024-01-01T01:15:00,5,46,,0,0.167,0.669,0.836,0.497
900.0,m07,2024-01-01T01:15:00,5,47,,0,0.136,0.761,0.897,0.574
900.0,m03,2024-01-01T01:15:00,5,48,,0,0.325,0.691,1.016,0.524
900.0,m06,2024-01-01T01:30:00,6,49,,0,0.24,1.236,1.476,0.701
900.0,m01,2024-01-01T01:30:00,6,50,,0,0.466,0.931,1.397,0.555
900.0,m08,2024-01-01T01:30:00,6,51,,0,0.228,0.945,1.173,0.675
900.0,m02,2024-01-01T01:30:00,6,52,,0,0.126,0.474,0.6,0.373
900.0,m04,2024-01-01T01:30:00,6,53,,0,0.197,0.744,0.941,0.632
900.0,m05,2024-01-01T01:30:00,6,54,,0,0.213,0.787,1.0,0.576
900.0,m07,2024-01-01T01:30:00,6,55,,0,0.264,1.227,1.491,1.204
900.0,m03,2024-01-01T01:30:00,6,56,,0,0.461,1.559,2.02,0.336
900.0,m06,2024-01-01T01:45:00,7,57,,0,0.206,1.035,1.241,0.675
900.0,m01,2024-01-01T01:45:00,7,58,,0,0.377,0.881,1.258,0.451
900.0,m08,2024-01-01T01:45:00,7,59,,0,0.279,0.851,1.13,0.706
900.0,m02,2024-01-01T01:45:00,7,60,,0,0.219,0.826,1.045,0.742
900.0,m04,2024-01-01T01:45:00,7,61,,0,0.301,0.973,1.274,0.831
900.0,m05,2024-01-01T01:45:00,7,62,,0,0.17,0.724,0.894,0.53
900.0,m07,2024-01-01T01:45:00,7,63,,0,0.287,1.331,1.618,0.726
900.0,m03,2024-01-01T01:45:00,7,64,,0,0.475,0.907,1.382,0.626
900.0,m06,2024-01-01T02:00:00,8,65,,0,0.176,0.834,1.01,0.509
900.0,m01,2024-01-01T02:00:00,8,66,,0,0.327,0.641,0.968,0.363
900.0,m08,2024-01-01T02:00:00,8,67,,0,0.208,0.846,1.054,0.558
900.0,m02,2024-01-01T02:00:00,8,68,,0,0.164,0.562,0.726,0.449
900.0,m04,2024-01-01T02:00:00,8,69,,0,0.248,0.821,1.069,0.644
900.0,m05,2024-01-01T02:00:00,8,70,,0,0.23,0.93,1.16,0.647
900.0,m07,2024-01-01T02:00:00,8,71,,0,0.197,1.024,1.221,0.795
900.0,m03,2024-01-01T02:00:00,8,72,,0,0.363,1.209,1.572,0.3
900.0,m06,2024-01-01T02:15:00,9,73,,0,0.149,0.887,1.036,0.56
900.0,m01,2024-01-01T02:15:00,9,74,,0,0.387,0.634,1.021,0.862
900.0,m08,2024-01-01T02:15:00,9,75,,0,0.152,0.621,0.773,0.365
900.0,m02,2024-01-01T02:15:00,9,76,,0,0.105,0.453,0.558,0.399
900.0,m04,2024-01-01T02:15:00,9,77,,0,0.147,0.567,0.714,0.451
900.0,m05,2024-01-01T02:15:00,9,78,,0,0.202,0.77,0.972,0.551
900.0,m07,2024-01-01T02:15:00,9,79,,0,0.23,1.107,1.337,0.716
900.0,m03,2024-01-01T02:15:00,9,80,,0,0.42,0.834,1.254,0.539
900.0,m06,2024-01-01T02:30:00,10,81,,0,0.126,0.75,0.876,0.435
900.0,m01,2024-01-01T02:30:00,10,82,,0,0.352,0.509,0.861,0.454
900.0,m08,2024-01-01T02:30:00,10,83,,0,0.101,0.399,0.5,0.348
900.0,m02,2024-01-01T02:30:00,10,84,,0,0.093,0.404,0.497,0.339
900.0,m04,2024-01-01T02:30:00,10,85,,0,0.157,0.616,0.773,0.532
900.0,m05,2024-01-01T02:30:00,10,86,,0,0.187,0.792,0.979,0.539
900.0,m07,2024-01-01T02:30:00,10,87,,0,0.237,1.296,1.533,1.17
900.0,m03,2024-01-01T02:30:00,10,88,,0,0.517,1.597,2.114,0.461
900.0,m08,2024-01-01T02:45:00,11,89,,0,0.144,0.743,0.887,0.637
900.0,m02,2024-01-01T02:45:00,11,90,,0,0.114,0.564,0.678,0.443
900.0,m04,2024-01-01T02:45:00,11,91,,0,0.155,0.583,0.738,0.465
900.0,m05,2024-01-01T02:45:00,11,92,,0,0.237,0.786,1.023,0.576
900.0,m07,2024-01-01T02:45:00,11,93,,0,0.249,1.297,1.546,0.79
900.0,m03,2024-01-01T02:45:00,11,94,,0,0.498,1.038,1.536,0.667
900.0,m06,2024-01-01T02:45:00,11,95,,0,0.287,1.348,1.635,0.837
900.0,m01,2024-01-01T02:45:00,11,96,,0,0.455,1.107,1.562,0.555
900.0,m08,2024-01-01T03:00:00,12,97,,0,0.157,0.867,1.024,0.615
900.0,m02,2024-01-01T03:00:00,12,98,,0,0.355,0.725,1.08,0.454
900.0,m04,2024-01-01T03:00:00,12,99,,0,0.175,0.731,0.906,0.58
900.0,m05,2024-01-01T03:00:00,12,100,,0,0.322,0.949,1.271,0.58
900.0,m07,2024-01-01T03:00:00,12,101,,0,0.225,1.264,1.489,0.939
900.0,m03,2024-01-01T03:00:00,12,102,,0,0.513,1.384,1.897,0.311
900.0,m06,2024-01-01T03:00:00,12,103,,0,0.226,1.097,1.323,0.738
900.0,m01,2024-01-01T03:00:00,12,104,,0,0.402,0.945,1.347,0.525
900.0,m04,2024-01-01T03:15:00,13,105,,0,0.193,0.722,0.915,0.482
900.0,m05,2024-01-01T03:15:00,13,106,,0,0.181,0.735,0.916,0.546
900.0,m07,2024-01-01T03:15:00,13,107,,0,0.188,1.054,1.242,0.743
900.0,m03,2024-01-01T03:15:00,13,108,,0,0.413,0.929,1.342,0.482
900.0,m06,2024-01-01T03:15:00,13,109,,0,0.24,1.311,1.551,0.812
900.0,m01,2024-01-01T03:15:00,13,110,,0,0.51,1.018,1.528,0.59
900.0,m08,2024-01-01T03:15:00,13,111,,0,0.257,1.031,1.288,0.637
900.0,m02,2024-01-01T03:15:00,13,112,,0,0.158,0.605,0.763,0.515
900.0,m04,2024-01-01T03:30:00,14,113,,0,0.144,0.604,0.748,0.674
900.0,m05,2024-01-01T03:30:00,14,114,,0,0.175,0.833,1.008,1.02
900.0,m07,2024-01-01T03:30:00,14,115,,0,0.14,0.793,0.933,0.549
900.0,m03,2024-01-01T03:30:00,14,116,,0,0.314,0.686,1.0,0.36
900.0,m06,2024-01-01T03:30:00,14,117,,0,0.243,1.266,1.509,0.734
900.0,m01,2024-01-01T03:30:00,14,118,,0,0.5,0.961,1.461,0.648
900.0,m08,2024-01-01T03:30:00,14,119,,0,0.192,0.872,1.064,0.623
900.0,m02,2024-01-01T03:30:00,14,120,,0,0.143,0.449,0.592,0.419
900.0,m04,2024-01-01T03:45:00,15,121,,0,0.155,0.591,0.746,0.411
900.0,m05,2024-01-01T03:45:00,15,122,,0,0.168,0.697,0.865,0.505
900.0,m07,2024-01-01T03:45:00,15,123,,0,0.303,1.506,1.809,0.796
900.0,m03,2024-01-01T03:45:00,15,124,,0,0.551,1.038,1.589,0.704
900.0,m06,2024-01-01T03:45:00,15,125,,0,0.241,1.193,1.434,0.751
900.0,m01,2024-01-01T03:45:00,15,126,,0,0.442,0.979,1.421,0.544
900.0,m08,2024-01-01T03:45:00,15,127,,0,0.255,1.173,1.428,0.726
900.0,m02,2024-01-01T03:45:00,15,128,,0,0.445,0.982,1.427,0.484
900.0,m04,2024-01-01T04:00:00,16,129,,0,0.11,0.497,0.607,0.356
900.0,m05,2024-01-01T04:00:00,16,130,,0,0.214,0.844,1.058,0.961
900.0,m07,2024-01-01T04:00:00,16,131,,0,0.154,0.791,0.945,0.563
900.0,m03,2024-01-01T04:00:00,16,132,,0,0.304,0.715,1.019,0.422
900.0,m06,2024-01-01T04:00:00,16,133,,0,0.196,1.043,1.239,0.773
900.0,m01,2024-01-01T04:00:00,16,134,,0,0.395,0.916,1.311,0.477
900.0,m08,2024-01-01T04:00:00,16,135,,0,0.18,0.916,1.096,0.558
900.0,m02,2024-01-01T04:00:00,16,136,,0,0.357,0.684,1.041,0.407
900.0,m05,2024-01-01T04:15:00,17,137,,0,0.165,0.639,0.804,0.437
900.0,m07,2024-01-01T04:15:00,17,138,,0,0.216,1.169,1.385,0.738
900.0,m03,2024-01-01T04:15:00,17,139,,0,0.482,0.9,1.382,0.544
900.0,m06,2024-01-01T04:15:00,17,140,,0,0.193,1.058,1.251,0.638
900.0,m01,2024-01-01T04:15:00,17,141,,0,0.386,0.846,1.232,0.441
900.0,m08,2024-01-01T04:15:00,17,142,,0,0.223,1.0,1.223,0.703
900.0,m02,2024-01-01T04:15:00,17,143,,0,0.402,0.858,1.26,0.609
900.0,m04,2024-01-01T04:15:00,17,144,,0,0.316,1.115,1.431,0.728
900.0,m05,2024-01-01T04:30:00,18,145,,0,0.145,0.583,0.728,0.693
900.0,m07,2024-01-01T04:30:00,18,146,,0,0.101,0.601,0.702,0.397
900.0,m03,2024-01-01T04:30:00,18,147,,0,0.299,0.426,0.725,0.336
900.0,m06,2024-01-01T04:30:00,18,148,,0,0.202,1.134,1.336,0.673
900.0,m01,2024-01-01T04:30:00,18,149,,0,0.454,0.86,1.314,0.504
900.0,m08,2024-01-01T04:30:00,18,150,,0,0.2,1.082,1.282,0.609
900.0,m02,2024-01-01T04:30:00,18,151,,0,0.451,0.771,1.222,0.441
900.0,m04,2024-01-01T04:30:00,18,152,,0,0.233,0.977,1.21,0.676
900.0,m05,2024-01-01T04:45:00,19,153,,0,0.179,0.66,0.839,0.606
900.0,m07,2024-01-01T04:45:00,19,154,,0,0.133,0.748,0.881,0.491
900.0,m03,2024-01-01T04:45:00,19,155,,0,0.309,0.609,0.918,0.402
900.0,m06,2024-01-01T04:45:00,19,156,,0,0.232,1.161,1.393,0.662
900.0,m01,2024-01-01T04:45:00,19,157,,0,0.449,0.828,1.277,0.489
900.0,m08,2024-01-01T04:45:00,19,158,,0,0.194,1.051,1.245,0.798
900.0,m02,2024-01-01T04:45:00,19,159,,0,0.439,0.964,1.403,0.464
900.0,m04,2024-01-01T04:45:00,19,160,,0,0.169,0.677,0.846,0.52
900.0,m07,2024-01-01T05:00:00,20,161,,0,0.165,0.873,1.038,0.49
900.0,m03,2024-01-01T05:00:00,20,162,,0,0.363,0.617,0.98,0.335
900.0,m06,2024-01-01T05:00:00,20,163,,0,0.271,1.226,1.497,0.689
900.0,m01,2024-01-01T05:00:00,20,164,,0,0.392,0.838,1.23,0.587
900.0,m08,2024-01-01T05:00:00,20,165,,0,0.169,0.948,1.117,0.577
900.0,m02,2024-01-01T05:00:00,20,166,,0,0.41,0.699,1.109,0.423
900.0,m04,2024-01-01T05:00:00,20,167,,0,0.232,0.939,1.171,0.585
900.0,m05,2024-01-01T05:00:00,20,168,,0,0.296,0.755,1.051,0.548
900.0,m07,2024-01-01T05:15:00,21,169,,0,0.12,0.731,0.851,0.513
900.0,m03,2024-01-01T05:15:00,21,170,,0,0.343,0.573,0.916,0.45
900.0,m06,2024-01-01T05:15:00,21,171,,0,0.228,1.259,1.487,0.769
900.0,m01,2024-01-01T05:15:00,21,172,,0,0.471,1.035,1.506,0.574
900.0,m08,2024-01-01T05:15:00,21,173,,0,0.269,1.296,1.565,0.928
900.0,m02,2024-01-01T05:15:00,21,174,,0,0.52,0.84,1.36,0.632
900.0,m04,2024-01-01T05:15:00,21,175,,0,0.191,0.8,0.991,0.661
900.0,m05,2024-01-01T05:15:00,21,176,,0,0.341,1.005,1.346,0.706
900.0,m06,2024-01-01T05:30:00,22,177,,0,0.237,1.264,1.501,0.741
900.0,m01,2024-01-01T05:30:00,22,178,,0,0.484,0.987,1.471,0.603
900.0,m08,2024-01-01T05:30:00,22,179,,0,0.18,0.889,1.069,0.651
900.0,m02,2024-01-01T05:30:00,22,180,,0,0.357,0.778,1.135,0.471
900.0,m04,2024-01-01T05:30:00,22,181,,0,0.238,0.903,1.141,0.587
900.0,m05,2024-01-01T05:30:00,22,182,,0,0.209,0.768,0.977,0.574
900.0,m07,2024-01-01T05:30:00,22,183,,0,0.189,1.038,1.227,0.635
900.0,m03,2024-01-01T05:30:00,22,184,,0,0.372,0.824,1.196,0.498
900.0,m06,2024-01-01T05:45:00,23,185,,0,0.23,1.133,1.363,0.743
900.0,m01,2024-01-01T05:45:00,23,186,,0,0.42,0.962,1.382,0.506
900.0,m08,2024-01-01T05:45:00,23,187,,0,0.273,1.224,1.497,0.704
900.0,m02,2024-01-01T05:45:00,23,188,,0,0.442,0.836,1.278,0.6
900.0,m04,2024-01-01T05:45:00,23,189,,0,0.246,1.068,1.314,0.637
900.0,m05,2024-01-01T05:45:00,23,190,,0,0.255,0.775,1.03,0.551
900.0,m07,2024-01-01T05:45:00,23,191,,0,0.255,1.197,1.452,0.596
900.0,m03,2024-01-01T05:45:00,23,192,,0,0.467,0.704,1.171,0.509
900.0,m06,2024-01-01T06:00:00,24,193,,0,0.216,1.128,1.344,0.624
900.0,m01,2024-01-01T06:00:00,24,194,,0,0.431,0.843,1.274,0.458
900.0,m08,2024-01-01T06:00:00,24,195,,0,0.184,0.924,1.108,0.552
900.0,m02,2024-01-01T06:00:00,24,196,,0,0.361,0.657,1.018,0.47
900.0,m04,2024-01-01T06:00:00,24,197,,0,0.231,0.96,1.191,0.65
900.0,m05,2024-01-01T06:00:00,24,198,,0,0.208,0.847,1.055,0.584
900.0,m07,2024-01-01T06:00:00,24,199,,0,0.193,0.991,1.184,0.619
900.0,m03,2024-01-01T06:00:00,24,200,,0,0.41,0.751,1.161,1.012
900.0,m06,2024-01-01T06:15:00,25,201,,0,0.149,0.809,0.958,0.552
900.0,m01,2024-01-01T06:15:00,25,202,,0,0.308,0.739,1.047,0.414
900.0,m08,2024-01-01T06:15:00,25,203,,0,0.128,0.713,0.841,0.457
900.0,m02,2024-01-01T06:15:00,25,204,,0,0.29,0.571,0.861,0.321
900.0,m04,2024-01-01T06:15:00,25,205,,0,0.234,0.994,1.228,0.713
900.0,m05,2024-01-01T06:15:00,25,206,,0,0.311,0.952,1.263,0.708
900.0,m07,2024-01-01T06:15:00,25,207,,0,0.153,0.81,0.963,0.521
900.0,m03,2024-01-01T06:15:00,25,208,,0,0.328,0.641,0.969,0.411
900.0,m06,2024-01-01T06:30:00,26,209,,0,0.153,0.832,0.985,0.515
900.0,m01,2024-01-01T06:30:00,26,210,,0,0.315,0.695,1.01,0.427
900.0,m08,2024-01-01T06:30:00,26,211,,0,0.132,0.704,0.836,0.459
900.0,m02,2024-01-01T06:30:00,26,212,,0,0.296,0.54,0.836,0.374
900.0,m04,2024-01-01T06:30:00,26,213,,0,0.233,0.904,1.137,0.596
900.0,m05,2024-01-01T06:30:00,26,214,,0,0.277,0.942,1.219,0.549
900.0,m07,2024-01-01T06:30:00,26,215,,0,0.186,0.964,1.15,0.561
900.0,m03,2024-01-01T06:30:00,26,216,,0,0.39,0.704,1.094,0.441
900.0,m06,2024-01-01T06:45:00,27,217,,0,0.136,0.758,0.894,0.744
900.0,m01,2024-01-01T06:45:00,27,218,,0,0.274,0.835,1.109,0.564
900.0,m08,2024-01-01T06:45:00,27,219,,0,0.101,0.614,0.715,0.445
900.0,m02,2024-01-01T06:45:00,27,220,,0,0.311,0.442,0.753,0.385
900.0,m04,2024-01-01T06:45:00,27,221,,0,0.194,0.718,0.912,0.498
900.0,m05,2024-01-01T06:45:00,27,222,,0,0.186,0.828,1.014,0.566
900.0,m07,2024-01-01T06:45:00,27,223,,0,0.157,0.844,1.001,0.584
900.0,m03,2024-01-01T06:45:00,27,224,,0,0.359,0.707,1.066,0.502
900.0,m08,2024-01-01T07:00:00,28,225,,0,0.149,0.958,1.107,0.623
900.0,m02,2024-01-01T07:00:00,28,226,,0,0.366,0.837,1.203,0.494
900.0,m04,2024-01-01T07:00:00,28,227,,0,0.171,0.722,0.893,0.613
900.0,m05,2024-01-01T07:00:00,28,228,,0,0.239,0.993,1.232,0.608
900.0,m07,2024-01-01T07:00:00,28,229,,0,0.187,0.797,0.984,0.514
900.0,m03,2024-01-01T07:00:00,28,230,,0,0.31,0.639,0.949,0.369
900.0,m06,2024-01-01T07:00:00,28,231,,0,0.064,0.37,0.434,0.249
900.0,m01,2024-01-01T07:00:00,28,232,,0,0.165,0.298,0.463,0.247
900.0,m08,2024-01-01T07:15:00,29,233,,0,0.14,0.776,0.916,0.729
900.0,m02,2024-01-01T07:15:00,29,234,,0,0.282,0.814,1.096,0.617
900.0,m04,2024-01-01T07:15:00,29,235,,0,0.179,0.78,0.959,0.568
900.0,m05,2024-01-01T07:15:00,29,236,,0,0.322,1.019,1.341,0.661
900.0,m07,2024-01-01T07:15:00,29,237,,0,0.231,1.12,1.351,0.584
900.0,m03,2024-01-01T07:15:00,29,238,,0,0.487,0.631,1.118,0.662
900.0,m06,2024-01-01T07:15:00,29,239,,0,0.345,1.228,1.573,0.692
900.0,m01,2024-01-01T07:15:00,29,240,,0,0.482,0.869,1.351,0.563
900.0,m08,2024-01-01T07:30:00,30,241,,0,0.137,0.724,0.861,0.477
900.0,m02,2024-01-01T07:30:00,30,242,,0,0.389,0.453,0.842,0.39
900.0,m04,2024-01-01T07:30:00,30,243,,0,0.177,0.714,0.891,0.521
900.0,m05,2024-01-01T07:30:00,30,244,,0,0.315,1.053,1.368,0.71
900.0,m07,2024-01-01T07:30:00,30,245,,0,0.219,1.243,1.462,0.838
900.0,m03,2024-01-01T07:30:00,30,246,,0,0.44,1.192,1.632,0.65
900.0,m06,2024-01-01T07:30:00,30,247,,0,0.226,1.222,1.448,0.707
900.0,m01,2024-01-01T07:30:00,30,248,,0,0.45,0.954,1.404,0.511
900.0,m04,2024-01-01T07:45:00,31,249,,0,0.126,0.53,0.656,0.439
900.0,m05,2024-01-01T07:45:00,31,250,,0,0.114,0.456,0.57,0.398
900.0,m07,2024-01-01T07:45:00,31,251,,0,0.09,0.627,0.717,0.571
900.0,m03,2024-01-01T07:45:00,31,252,,0,0.358,0.547,0.905,0.455
900.0,m06,2024-01-01T07:45:00,31,253,,0,0.201,1.161,1.362,0.657
900.0,m01,2024-01-01T07:45:00,31,254,,0,0.462,0.864,1.326,0.487
900.0,m08,2024-01-01T07:45:00,31,255,,0,0.145,0.824,0.969,0.638
900.0,m02,2024-01-01T07:45:00,31,256,,0,0.373,0.732,1.105,0.394
900.0,m04,2024-01-01T08:00:00,32,257,,0,0.154,0.652,0.806,0.446
900.0,m05,2024-01-01T08:00:00,32,258,,0,0.156,0.589,0.745,0.421
900.0,m07,2024-01-01T08:00:00,32,259,,0,0.168,0.903,1.071,0.583
900.0,m03,2024-01-01T08:00:00,32,260,,0,0.339,0.763,1.102,0.385
900.0,m06,2024-01-01T08:00:00,32,261,,0,0.219,1.18,1.399,0.718
900.0,m01,2024-01-01T08:00:00,32,262,,0,0.478,0.883,1.361,0.631
900.0,m08,2024-01-01T08:00:00,32,263,,0,0.142,0.734,0.876,0.507
900.0,m02,2024-01-01T08:00:00,32,264,,0,0.333,0.552,0.885,0.403
900.0,m04,2024-01-01T08:15:00,33,265,,0,0.141,0.621,0.762,0.455
900.0,m05,2024-01-01T08:15:00,33,266,,0,0.1,0.417,0.517,0.382
900.0,m07,2024-01-01T08:15:00,33,267,,0,0.114,0.609,0.723,0.467
900.0,m03,2024-01-01T08:15:00,33,268,,0,0.327,0.497,0.824,0.413
900.0,m06,2024-01-01T08:15:00,33,269,,0,0.282,1.318,1.6,0.614
900.0,m01,2024-01-01T08:15:00,33,270,,0,0.496,0.753,1.249,0.444
900.0,m08,2024-01-01T08:15:00,33,271,,0,0.191,1.028,1.219,0.756
900.0,m02,2024-01-01T08:15:00,33,272,,0,0.42,0.914,1.334,0.504
900.0,m04,2024-01-01T08:30:00,34,273,,0,0.15,0.615,0.765,0.482
900.0,m05,2024-01-01T08:30:00,34,274,,0,0.13,0.516,0.646,0.42
900.0,m07,2024-01-01T08:30:00,34,275,,0,0.28,1.334,1.614,0.601
900.0,m03,2024-01-01T08:30:00,34,276,,0,0.509,0.774,1.283,0.514
900.0,m06,2024-01-01T08:30:00,34,277,,0,0.213,1.121,1.334,0.723
900.0,m01,2024-01-01T08:30:00,34,278,,0,0.447,0.9,1.347,0.598
900.0,m08,2024-01-01T08:30:00,34,279,,0,0.228,1.32,1.548,0.687
900.0,m02,2024-01-01T08:30:00,34,280,,0,0.629,0.78,1.409,0.54
900.0,m05,2024-01-01T08:45:00,35,281,,0,0.167,0.661,0.828,0.503
900.0,m07,2024-01-01T08:45:00,35,282,,0,0.278,1.343,1.621,0.718
900.0,m03,2024-01-01T08:45:00,35,283,,0,0.55,0.873,1.423,0.618
900.0,m06,2024-01-01T08:45:00,35,284,,0,0.209,1.118,1.327,0.68
900.0,m01,2024-01-01T08:45:00,35,285,,0,0.45,0.857,1.307,0.454
900.0,m08,2024-01-01T08:45:00,35,286,,0,0.239,1.141,1.38,0.567
900.0,m02,2024-01-01T08:45:00,35,287,,0,0.451,0.659,1.11,0.48
900.0,m04,2024-01-01T08:45:00,35,288,,0,0.333,0.996,1.329,0.614
900.0,m05,2024-01-01T09:00:00,36,289,,0,0.167,0.682,0.849,0.481
900.0,m07,2024-01-01T09:00:00,36,290,,0,0.115,0.648,0.763,0.442
900.0,m03,2024-01-01T09:00:00,36,291,,0,0.261,0.539,0.8,0.356
900.0,m06,2024-01-01T09:00:00,36,292,,0,0.218,1.193,1.411,0.682
900.0,m01,2024-01-01T09:00:00,36,293,,0,0.454,0.858,1.312,0.597
900.0,m08,2024-01-01T09:00:00,36,294,,0,0.158,0.838,0.996,0.56
900.0,m02,2024-01-01T09:00:00,36,295,,0,0.382,0.616,0.998,0.414
900.0,m04,2024-01-01T09:00:00,36,296,,0,0.253,1.17,1.423,0.687
900.0,m07,2024-01-01T09:15:00,37,297,,0,0.079,0.482,0.561,0.346
900.0,m03,2024-01-01T09:15:00,37,298,,0,0.244,0.363,0.607,0.277
900.0,m06,2024-01-01T09:15:00,37,299,,0,0.161,0.852,1.013,0.64
900.0,m01,2024-01-01T09:15:00,37,300,,0,0.382,0.692,1.074,0.551
900.0,m08,2024-01-01T09:15:00,37,301,,0,0.118,0.627,0.745,0.466
900.0,m02,2024-01-01T09:15:00,37,302,,0,0.27,0.55,0.82,0.398
900.0,m04,2024-01-01T09:15:00,37,303,,0,0.226,0.91,1.136,0.679
900.0,m05,2024-01-01T09:15:00,37,304,,0,0.239,0.741,0.98,0.579
900.0,m07,2024-01-01T09:30:00,38,305,,0,0.139,0.754,0.893,0.481
900.0,m03,2024-01-01T09:30:00,38,306,,0,0.275,0.643,0.918,0.379
900.0,m06,2024-01-01T09:30:00,38,307,,0,0.151,0.808,0.959,0.541
900.0,m01,2024-01-01T09:30:00,38,308,,0,0.295,0.719,1.014,0.48
900.0,m08,2024-01-01T09:30:00,38,309,,0,0.151,0.863,1.014,0.489
900.0,m02,2024-01-01T09:30:00,38,310,,0,0.347,0.639,0.986,0.35
900.0,m04,2024-01-01T09:30:00,38,311,,0,0.176,0.751,0.927,0.538
900.0,m05,2024-01-01T09:30:00,38,312,,0,0.269,1.011,1.28,2.327
900.0,m07,2024-01-01T09:45:00,39,313,,0,0.14,0.755,0.895,0.477
900.0,m03,2024-01-01T09:45:00,39,314,,0,0.288,0.624,0.912,0.637
900.0,m06,2024-01-01T09:45:00,39,315,,0,0.299,1.175,1.474,0.687
900.0,m01,2024-01-01T09:45:00,39,316,,0,0.462,0.796,1.258,0.447
900.0,m08,2024-01-01T09:45:00,39,317,,0,0.179,1.06,1.239,0.608
900.0,m02,2024-01-01T09:45:00,39,318,,0,0.493,0.727,1.22,0.534
900.0,m04,2024-01-01T09:45:00,39,319,,0,0.311,1.042,1.353,0.67
900.0,m05,2024-01-01T09:45:00,39,320,,0,0.272,0.807,1.079,5.965
900.0,m07,2024-01-01T10:00:00,40,321,,0,0.12,0.666,0.786,0.424
900.0,m03,2024-01-01T10:00:00,40,322,,0,0.312,0.484,0.796,0.35
900.0,m06,2024-01-01T10:00:00,40,323,,0,0.164,0.94,1.104,0.567
900.0,m01,2024-01-01T10:00:00,40,324,,0,0.388,0.731,1.119,0.44
900.0,m08,2024-01-01T10:00:00,40,325,,0,0.163,0.877,1.04,0.578
900.0,m02,2024-01-01T10:00:00,40,326,,0,0.324,0.756,1.08,0.38
900.0,m04,2024-01-01T10:00:00,40,327,,0,0.234,1.048,1.282,0.625
900.0,m05,2024-01-01T10:00:00,40,328,,0,0.264,1.279,1.543,0.808
900.0,m06,2024-01-01T10:15:00,41,329,,0,0.217,1.071,1.288,0.636
900.0,m01,2024-01-01T10:15:00,41,330,,0,0.454,0.758,1.212,0.462
900.0,m08,2024-01-01T10:15:00,41,331,,0,0.234,1.238,1.472,0.671
900.0,m02,2024-01-01T10:15:00,41,332,,0,0.529,0.799,1.328,0.487
900.0,m04,2024-01-01T10:15:00,41,333,,0,0.184,0.687,0.871,0.496
900.0,m05,2024-01-01T10:15:00,41,334,,0,0.319,0.866,1.185,0.672
900.0,m07,2024-01-01T10:15:00,41,335,,0,0.204,1.133,1.337,0.601
900.0,m03,2024-01-01T10:15:00,41,336,,0,0.485,0.766,1.251,0.427
900.0,m06,2024-01-01T10:30:00,42,337,,0,0.322,1.294,1.616,0.839
900.0,m01,2024-01-01T10:30:00,42,338,,0,0.458,0.998,1.456,0.699
900.0,m08,2024-01-01T10:30:00,42,339,,0,0.233,1.182,1.415,1.031
900.0,m02,2024-01-01T10:30:00,42,340,,0,0.588,0.653,1.241,0.55
900.0,m04,2024-01-01T10:30:00,42,341,,0,0.204,0.899,1.103,0.562
900.0,m05,2024-01-01T10:30:00,42,342,,0,0.228,0.9,1.128,0.748
900.0,m07,2024-01-01T10:30:00,42,343,,0,0.201,0.987,1.188,0.731
900.0,m03,2024-01-01T10:30:00,42,344,,0,0.392,0.894,1.286,0.557
900.0,m06,2024-01-01T10:45:00,43,345,,0,0.207,1.058,1.265,0.622
900.0,m01,2024-01-01T10:45:00,43,346,,0,0.429,0.769,1.198,0.514
900.0,m08,2024-01-01T10:45:00,43,347,,0,0.155,0.968,1.123,0.792
900.0,m02,2024-01-01T10:45:00,43,348,,0,0.429,0.902,1.331,0.505
900.0,m04,2024-01-01T10:45:00,43,349,,0,0.267,0.869,1.136,0.526
900.0,m05,2024-01-01T10:45:00,43,350,,0,0.275,0.836,1.111,0.628
900.0,m07,2024-01-01T10:45:00,43,351,,0,0.213,1.117,1.33,0.635
900.0,m03,2024-01-01T10:45:00,43,352,,0,0.439,0.809,1.248,0.46
900.0,m06,2024-01-01T11:00:00,44,353,,0,0.178,0.925,1.103,0.622
900.0,m01,2024-01-01T11:00:00,44,354,,0,0.333,0.818,1.151,0.546
900.0,m08,2024-01-01T11:00:00,44,355,,0,0.15,0.794,0.944,0.563
900.0,m02,2024-01-01T11:00:00,44,356,,0,0.308,0.703,1.011,0.405
900.0,m04,2024-01-01T11:00:00,44,357,,0,0.209,0.83,1.039,0.705
900.0,m05,2024-01-01T11:00:00,44,358,,0,0.302,0.898,1.2,0.581
900.0,m07,2024-01-01T11:00:00,44,359,,0,0.216,1.243,1.459,0.806
900.0,m03,2024-01-01T11:00:00,44,360,,0,0.495,1.025,1.52,0.496
900.0,m06,2024-01-01T11:15:00,45,361,,0,0.086,0.488,0.574,0.324
900.0,m01,2024-01-01T11:15:00,45,362,,0,0.198,0.398,0.596,0.29
900.0,m08,2024-01-01T11:15:00,45,363,,0,0.052,0.362,0.414,0.271
900.0,m02,2024-01-01T11:15:00,45,364,,0,0.199,0.258,0.457,0.257
900.0,m04,2024-01-01T11:15:00,45,365,,0,0.111,0.405,0.516,0.316
900.0,m05,2024-01-01T11:15:00,45,366,,0,0.158,0.633,0.791,0.48
900.0,m07,2024-01-01T11:15:00,45,367,,0,0.18,0.964,1.144,0.617
900.0,m03,2024-01-01T11:15:00,45,368,,0,0.404,0.741,1.145,0.431
900.0,m06,2024-01-01T11:30:00,46,369,,0,0.148,0.807,0.955,0.571
900.0,m01,2024-01-01T11:30:00,46,370,,0,0.315,0.684,0.999,0.489
900.0,m08,2024-01-01T11:30:00,46,371,,0,0.111,0.593,0.704,0.401
900.0,m02,2024-01-01T11:30:00,46,372,,0,0.263,0.462,0.725,0.316
900.0,m04,2024-01-01T11:30:00,46,373,,0,0.212,1.018,1.23,0.63
900.0,m05,2024-01-01T11:30:00,46,374,,0,0.281,0.9,1.181,0.579
900.0,m07,2024-01-01T11:30:00,46,375,,0,0.187,1.013,1.2,0.602
900.0,m03,2024-01-01T11:30:00,46,376,,0,0.454,0.702,1.156,0.569
900.0,m06,2024-01-01T11:45:00,47,377,,0,0.158,0.862,1.02,0.552
900.0,m01,2024-01-01T11:45:00,47,378,,0,0.405,0.635,1.04,0.567
900.0,m08,2024-01-01T11:45:00,47,379,,0,0.119,0.582,0.701,0.51
900.0,m02,2024-01-01T11:45:00,47,380,,0,0.433,0.511,0.944,0.323
900.0,m04,2024-01-01T11:45:00,47,381,,0,0.192,0.777,0.969,0.638
900.0,m05,2024-01-01T11:45:00,47,382,,0,0.346,1.166,1.512,0.846
900.0,m07,2024-01-01T11:45:00,47,383,,0,0.203,1.342,1.545,0.67
900.0,m03,2024-01-01T11:45:00,47,384,,0,0.711,0.781,1.492,0.632
900.0,m08,2024-01-01T12:00:00,48,385,,0,0.117,0.724,0.841,0.601
900.0,m02,2024-01-01T12:00:00,48,386,,0,0.337,0.692,1.029,0.418
900.0,m04,2024-01-01T12:00:00,48,387,,0,0.108,0.445,0.553,0.371
900.0,m05,2024-01-01T12:00:00,48,388,,0,0.113,0.419,0.532,0.365
900.0,m07,2024-01-01T12:00:00,48,389,,0,0.13,0.726,0.856,0.557
900.0,m03,2024-01-01T12:00:00,48,390,,0,0.268,0.712,0.98,0.421
900.0,m06,2024-01-01T12:00:00,48,391,,0,0.237,1.241,1.478,0.703
900.0,m01,2024-01-01T12:00:00,48,392,,0,0.471,0.9,1.371,0.471
900.0,m08,2024-01-01T12:15:00,49,393,,0,0.156,0.78,0.936,0.724
900.0,m02,2024-01-01T12:15:00,49,394,,0,0.296,0.842,1.138,0.475
900.0,m04,2024-01-01T12:15:00,49,395,,0,0.172,0.634,0.806,0.534
900.0,m05,2024-01-01T12:15:00,49,396,,0,0.284,0.987,1.271,0.661
900.0,m07,2024-01-01T12:15:00,49,397,,0,0.152,0.848,1.0,0.533
900.0,m03,2024-01-01T12:15:00,49,398,,0,0.354,0.666,1.02,0.384
900.0,m06,2024-01-01T12:15:00,49,399,,0,0.213,1.198,1.411,0.747
900.0,m01,2024-01-01T12:15:00,49,400,,0,0.467,0.951,1.418,0.613
900.0,m04,2024-01-01T12:30:00,50,401,,0,0.227,0.884,1.111,0.647
900.0,m05,2024-01-01T12:30:00,50,402,,0,0.204,0.785,0.989,0.593
900.0,m07,2024-01-01T12:30:00,50,403,,0,0.159,0.894,1.053,0.663
900.0,m03,2024-01-01T12:30:00,50,404,,0,0.373,0.775,1.148,0.545
900.0,m06,2024-01-01T12:30:00,50,405,,0,0.233,1.226,1.459,0.734
900.0,m01,2024-01-01T12:30:00,50,406,,0,0.476,0.941,1.417,0.488
900.0,m08,2024-01-01T12:30:00,50,407,,0,0.242,1.281,1.523,0.664
900.0,m02,2024-01-01T12:30:00,50,408,,0,0.575,0.767,1.342,0.644
900.0,m04,2024-01-01T12:45:00,51,409,,0,0.155,0.658,0.813,0.492
900.0,m05,2024-01-01T12:45:00,51,410,,0,0.286,0.991,1.277,0.623
900.0,m07,2024-01-01T12:45:00,51,411,,0,0.198,1.149,1.347,0.857
900.0,m03,2024-01-01T12:45:00,51,412,,0,0.464,1.009,1.473,0.728
900.0,m06,2024-01-01T12:45:00,51,413,,0,0.235,1.222,1.457,0.768
900.0,m01,2024-01-01T12:45:00,51,414,,0,0.466,0.977,1.443,0.628
900.0,m08,2024-01-01T12:45:00,51,415,,0,0.265,1.013,1.278,0.626
900.0,m02,2024-01-01T12:45:00,51,416,,0,0.4,0.723,1.123,0.51
900.0,m04,2024-01-01T13:00:00,52,417,,0,0.145,0.725,0.87,0.664
900.0,m05,2024-01-01T13:00:00,52,418,,0,0.138,0.571,0.709,0.477
900.0,m07,2024-01-01T13:00:00,52,419,,0,0.171,0.938,1.109,0.689
900.0,m03,2024-01-01T13:00:00,52,420,,0,0.348,0.878,1.226,0.65
900.0,m06,2024-01-01T13:00:00,52,421,,0,0.164,0.825,0.989,0.595
900.0,m01,2024-01-01T13:00:00,52,422,,0,0.318,0.71,1.028,0.513
900.0,m08,2024-01-01T13:00:00,52,423,,0,0.156,0.923,1.079,0.488
900.0,m02,2024-01-01T13:00:00,52,424,,0,0.375,0.636,1.011,0.404
900.0,m04,2024-01-01T13:15:00,53,425,,0,0.129,0.497,0.626,0.366
900.0,m05,2024-01-01T13:15:00,53,426,,0,0.13,0.583,0.713,0.428
900.0,m07,2024-01-01T13:15:00,53,427,,0,0.108,0.591,0.699,0.402
900.0,m03,2024-01-01T13:15:00,53,428,,0,0.296,0.391,0.687,0.355
900.0,m06,2024-01-01T13:15:00,53,429,,0,0.216,1.145,1.361,0.733
900.0,m01,2024-01-01T13:15:00,53,430,,0,0.44,0.892,1.332,0.64
900.0,m08,2024-01-01T13:15:00,53,431,,0,0.129,0.814,0.943,0.678
900.0,m02,2024-01-01T13:15:00,53,432,,0,0.366,0.796,1.162,0.484
900.0,m05,2024-01-01T13:30:00,54,433,,0,0.171,0.693,0.864,0.492
900.0,m07,2024-01-01T13:30:00,54,434,,0,0.139,0.783,0.922,0.566
900.0,m03,2024-01-01T13:30:00,54,435,,0,0.335,0.67,1.005,0.43
900.0,m06,2024-01-01T13:30:00,54,436,,0,0.168,0.861,1.029,0.541
900.0,m01,2024-01-01T13:30:00,54,437,,0,0.321,0.708,1.029,0.406
900.0,m08,2024-01-01T13:30:00,54,438,,0,0.153,0.761,0.914,0.483
900.0,m02,2024-01-01T13:30:00,54,439,,0,0.283,0.634,0.917,0.348
900.0,m04,2024-01-01T13:30:00,54,440,,0,0.159,0.651,0.81,0.464
900.0,m05,2024-01-01T13:45:00,55,441,,0,0.162,0.638,0.8,0.43
900.0,m07,2024-01-01T13:45:00,55,442,,0,0.139,0.761,0.9,0.471
900.0,m03,2024-01-01T13:45:00,55,443,,0,0.291,0.601,0.892,0.346
900.0,m06,2024-01-01T13:45:00,55,444,,0,0.172,1.09,1.262,1.66
900.0,m01,2024-01-01T13:45:00,55,445,,0,0.346,1.977,2.323,0.641
900.0,m08,2024-01-01T13:45:00,55,446,,0,0.12,0.651,0.771,0.438
900.0,m02,2024-01-01T13:45:00,55,447,,0,0.274,0.505,0.779,0.508
900.0,m04,2024-01-01T13:45:00,55,448,,0,0.326,1.294,1.62,0.761
900.0,m07,2024-01-01T14:00:00,56,449,,0,0.12,0.682,0.802,0.438
900.0,m03,2024-01-01T14:00:00,56,450,,0,0.303,0.501,0.804,0.382
900.0,m06,2024-01-01T14:00:00,56,451,,0,0.27,1.161,1.431,0.706
900.0,m01,2024-01-01T14:00:00,56,452,,0,0.452,0.872,1.324,0.649
900.0,m08,2024-01-01T14:00:00,56,453,,0,0.171,0.865,1.036,0.558
900.0,m02,2024-01-01T14:00:00,56,454,,0,0.389,0.631,1.02,0.507
900.0,m04,2024-01-01T14:00:00,56,455,,0,0.228,0.942,1.17,0.673
900.0,m05,2024-01-01T14:00:00,56,456,,0,0.244,0.911,1.155,0.587
900.0,m07,2024-01-01T14:15:00,57,457,,0,0.136,0.769,0.905,0.505
900.0,m03,2024-01-01T14:15:00,57,458,,0,0.289,0.674,0.963,0.385
900.0,m06,2024-01-01T14:15:00,57,459,,0,0.184,1.23,1.414,0.655
900.0,m01,2024-01-01T14:15:00,57,460,,0,0.456,0.871,1.327,0.651
900.0,m08,2024-01-01T14:15:00,57,461,,0,0.151,0.896,1.047,0.6
900.0,m02,2024-01-01T14:15:00,57,462,,0,0.449,0.657,1.106,0.536
900.0,m04,2024-01-01T14:15:00,57,463,,0,0.208,0.784,0.992,0.651
900.0,m05,2024-01-01T14:15:00,57,464,,0,0.266,0.695,0.961,0.604
900.0,m07,2024-01-01T14:30:00,58,465,,0,0.124,0.717,0.841,0.464
900.0,m03,2024-01-01T14:30:00,58,466,,0,0.28,0.607,0.887,0.357
900.0,m06,2024-01-01T14:30:00,58,467,,0,0.192,1.05,1.242,0.598
900.0,m01,2024-01-01T14:30:00,58,468,,0,0.394,0.798,1.192,0.541
900.0,m08,2024-01-01T14:30:00,58,469,,0,0.149,0.793,0.942,0.52
900.0,m02,2024-01-01T14:30:00,58,470,,0,0.362,0.571,0.933,0.468
900.0,m04,2024-01-01T14:30:00,58,471,,0,0.155,0.746,0.901,0.754
900.0,m05,2024-01-01T14:30:00,58,472,,0,0.145,0.658,0.803,0.542
900.0,m06,2024-01-01T14:45:00,59,473,,0,0.401,1.297,1.698,0.797
900.0,m01,2024-01-01T14:45:00,59,474,,0,0.47,1.048,1.518,0.56
900.0,m08,2024-01-01T14:45:00,59,475,,0,0.173,0.953,1.126,0.571
900.0,m02,2024-01-01T14:45:00,59,476,,0,0.405,0.649,1.054,0.424
900.0,m04,2024-01-01T14:45:00,59,477,,0,0.202,0.798,1.0,0.591
900.0,m05,2024-01-01T14:45:00,59,478,,0,0.204,0.843,1.047,0.711
900.0,m07,2024-01-01T14:45:00,59,479,,0,0.178,0.926,1.104,0.586
900.0,m03,2024-01-01T14:45:00,59,480,,0,0.36,0.732,1.092,0.431
900.0,m06,2024-01-01T15:00:00,60,481,,0,0.276,1.122,1.398,0.561
900.0,m01,2024-01-01T15:00:00,60,482,,0,0.3,0.785,1.085,0.392
900.0,m08,2024-01-01T15:00:00,60,483,,0,0.145,0.804,0.949,0.59
900.0,m02,2024-01-01T15:00:00,60,484,,0,0.327,0.668,0.995,0.408
900.0,m04,2024-01-01T15:00:00,60,485,,0,0.206,0.91,1.116,0.618
900.0,m05,2024-01-01T15:00:00,60,486,,0,0.116,0.773,0.889,0.52
900.0,m07,2024-01-01T15:00:00,60,487,,0,0.107,0.617,0.724,0.467
900.0,m03,2024-01-01T15:00:00,60,488,,0,0.279,0.513,0.792,0.361
900.0,m06,2024-01-01T15:15:00,61,489,,0,0.096,0.64,0.736,0.323
900.0,m01,2024-01-01T15:15:00,61,490,,0,0.3,0.362,0.662,0.267
900.0,m08,2024-01-01T15:15:00,61,491,,0,0.061,0.361,0.422,0.274
900.0,m02,2024-01-01T15:15:00,61,492,,0,0.171,0.3,0.471,0.24
900.0,m04,2024-01-01T15:15:00,61,493,,0,0.096,0.332,0.428,0.236
900.0,m05,2024-01-01T15:15:00,61,494,,0,0.15,0.586,0.736,0.44
900.0,m07,2024-01-01T15:15:00,61,495,,0,0.155,0.794,0.949,0.514
900.0,m03,2024-01-01T15:15:00,61,496,,0,0.333,0.591,0.924,0.388
900.0,m06,2024-01-01T15:30:00,62,497,,0,0.186,0.952,1.138,0.589
900.0,m01,2024-01-01T15:30:00,62,498,,0,0.344,0.806,1.15,0.402
900.0,m08,2024-01-01T15:30:00,62,499,,0,0.112,0.595,0.707,0.384
900.0,m02,2024-01-01T15:30:00,62,500,,0,0.256,0.451,0.707,0.31
900.0,m04,2024-01-01T15:30:00,62,501,,0,0.233,1.002,1.235,0.687
900.0,m05,2024-01-01T15:30:00,62,502,,0,0.274,0.867,1.141,0.496
900.0,m07,2024-01-01T15:30:00,62,503,,0,0.191,1.007,1.198,0.639
900.0,m03,2024-01-01T15:30:00,62,504,,0,0.426,0.754,1.18,0.458
900.0,m06,2024-01-01T15:45:00,63,505,,0,0.204,1.009,1.213,0.658
900.0,m01,2024-01-01T15:45:00,63,506,,0,0.362,0.882,1.244,0.508
900.0,m08,2024-01-01T15:45:00,63,507,,0,0.126,0.651,0.777,0.444
900.0,m02,2024-01-01T15:45:00,63,508,,0,0.278,0.522,0.8,0.446
900.0,m04,2024-01-01T15:45:00,63,509,,0,0.227,0.945,1.172,0.671
900.0,m05,2024-01-01T15:45:00,63,510,,0,0.304,1.017,1.321,0.665
900.0,m07,2024-01-01T15:45:00,63,511,,0,0.157,0.793,0.95,1.402
900.0,m03,2024-01-01T15:45:00,63,512,,0,0.389,1.627,2.016,0.337
900.0,m06,2024-01-01T16:00:00,64,513,,0,0.141,0.796,0.937,0.517
900.0,m01,2024-01-01T16:00:00,64,514,,0,0.302,0.683,0.985,0.452
900.0,m08,2024-01-01T16:00:00,64,515,,0,0.091,0.512,0.603,0.358
900.0,m02,2024-01-01T16:00:00,64,516,,0,0.212,0.447,0.659,0.366
900.0,m04,2024-01-01T16:00:00,64,517,,0,0.165,0.676,0.841,0.503
900.0,m05,2024-01-01T16:00:00,64,518,,0,0.239,0.916,1.155,0.619
900.0,m07,2024-01-01T16:00:00,64,519,,0,0.25,1.055,1.305,0.533
900.0,m03,2024-01-01T16:00:00,64,520,,0,0.328,0.65,0.978,0.418
900.0,m06,2024-01-01T16:15:00,65,521,,0,0.178,0.768,0.946,0.668
900.0,m01,2024-01-01T16:15:00,65,522,,0,0.299,0.758,1.057,0.507
900.0,m08,2024-01-01T16:15:00,65,523,,0,0.085,0.516,0.601,0.416
900.0,m02,2024-01-01T16:15:00,65,524,,0,0.21,0.473,0.683,0.327
900.0,m04,2024-01-01T16:15:00,65,525,,0,0.309,1.016,1.325,0.662
900.0,m05,2024-01-01T16:15:00,65,526,,0,0.227,0.823,1.05,0.712
900.0,m07,2024-01-01T16:15:00,65,527,,0,0.246,1.18,1.426,1.41
900.0,m03,2024-01-01T16:15:00,65,528,,0,0.525,1.778,2.303,0.422
900.0,m08,2024-01-01T16:30:00,66,529,,0,0.126,0.74,0.866,0.401
900.0,m02,2024-01-01T16:30:00,66,530,,0,0.317,0.492,0.809,0.389
900.0,m04,2024-01-01T16:30:00,66,531,,0,0.265,0.934,1.199,0.741
900.0,m05,2024-01-01T16:30:00,66,532,,0,0.257,0.67,0.927,0.549
900.0,m07,2024-01-01T16:30:00,66,533,,0,0.244,0.922,1.166,0.586
900.0,m03,2024-01-01T16:30:00,66,534,,0,0.41,0.642,1.052,0.473
900.0,m06,2024-01-01T16:30:00,66,535,,0,0.315,1.453,1.768,0.64
900.0,m01,2024-01-01T16:30:00,66,536,,0,0.533,0.826,1.359,0.554
900.0,m04,2024-01-01T16:45:00,67,537,,0,0.212,0.814,1.026,0.564
900.0,m05,2024-01-01T16:45:00,67,538,,0,0.196,0.742,0.938,0.663
900.0,m07,2024-01-01T16:45:00,67,539,,0,0.185,0.992,1.177,1.14
900.0,m03,2024-01-01T16:45:00,67,540,,0,0.43,1.476,1.906,0.367
900.0,m06,2024-01-01T16:45:00,67,541,,0,0.212,1.123,1.335,0.684
900.0,m01,2024-01-01T16:45:00,67,542,,0,0.44,0.873,1.313,0.506
900.0,m08,2024-01-01T16:45:00,67,543,,0,0.146,0.885,1.031,0.613
900.0,m02,2024-01-01T16:45:00,67,544,,0,0.422,0.685,1.107,0.444
900.0,m04,2024-01-01T17:00:00,68,545,,0,0.202,0.842,1.044,0.701
900.0,m05,2024-01-01T17:00:00,68,546,,0,0.2,0.823,1.023,0.602
900.0,m07,2024-01-01T17:00:00,68,547,,0,0.241,1.036,1.277,0.776
900.0,m03,2024-01-01T17:00:00,68,548,,0,0.437,0.9,1.337,0.504
900.0,m06,2024-01-01T17:00:00,68,549,,0,0.239,1.318,1.557,0.677
900.0,m01,2024-01-01T17:00:00,68,550,,0,0.549,0.874,1.423,0.534
900.0,m08,2024-01-01T17:00:00,68,551,,0,0.143,0.752,0.895,0.459
900.0,m02,2024-01-01T17:00:00,68,552,,0,0.325,0.532,0.857,0.365
900.0,m04,2024-01-01T17:15:00,69,553,,0,0.176,0.659,0.835,0.462
900.0,m05,2024-01-01T17:15:00,69,554,,0,0.191,0.629,0.82,0.505
900.0,m07,2024-01-01T17:15:00,69,555,,0,0.163,0.848,1.011,0.94
900.0,m03,2024-01-01T17:15:00,69,556,,0,0.396,1.2,1.596,0.321
900.0,m06,2024-01-01T17:15:00,69,557,,0,0.229,1.212,1.441,0.689
900.0,m01,2024-01-01T17:15:00,69,558,,0,0.478,0.906,1.384,0.599
900.0,m08,2024-01-01T17:15:00,69,559,,0,0.108,0.593,0.701,0.382
900.0,m02,2024-01-01T17:15:00,69,560,,0,0.268,0.433,0.701,0.35
900.0,m04,2024-01-01T17:30:00,70,561,,0,0.154,0.65,0.804,0.46
900.0,m05,2024-01-01T17:30:00,70,562,,0,0.171,0.633,0.804,0.451
900.0,m07,2024-01-01T17:30:00,70,563,,0,0.292,1.456,1.748,0.781
900.0,m03,2024-01-01T17:30:00,70,564,,0,0.538,0.996,1.534,0.566
900.0,m06,2024-01-01T17:30:00,70,565,,0,0.203,1.152,1.355,0.698
900.0,m01,2024-01-01T17:30:00,70,566,,0,0.463,0.889,1.352,0.46
900.0,m08,2024-01-01T17:30:00,70,567,,0,0.145,0.874,1.019,0.492
900.0,m02,2024-01-01T17:30:00,70,568,,0,0.404,0.599,1.003,0.48
900.0,m04,2024-01-01T17:45:00,71,569,,0,0.148,0.62,0.768,0.876
900.0,m05,2024-01-01T17:45:00,71,570,,0,0.122,0.446,0.568,0.378
900.0,m07,2024-01-01T17:45:00,71,571,,0,0.17,0.944,1.114,1.232
900.0,m03,2024-01-01T17:45:00,71,572,,0,0.421,1.492,1.913,0.323
900.0,m06,2024-01-01T17:45:00,71,573,,0,0.225,1.192,1.417,0.698
900.0,m01,2024-01-01T17:45:00,71,574,,0,0.503,0.852,1.355,0.533
900.0,m08,2024-01-01T17:45:00,71,575,,0,0.093,0.579,0.672,0.423
900.0,m02,2024-01-01T17:45:00,71,576,,0,0.272,0.462,0.734,0.386
900.0,m05,2024-01-01T18:00:00,72,577,,0,0.153,0.601,0.754,0.462
900.0,m07,2024-01-01T18:00:00,72,578,,0,0.195,1.041,1.236,0.68
900.0,m03,2024-01-01T18:00:00,72,579,,0,0.406,0.892,1.298,0.503
900.0,m06,2024-01-01T18:00:00,72,580,,0,0.219,1.211,1.43,0.665
900.0,m01,2024-01-01T18:00:00,72,581,,0,0.487,0.85,1.337,0.515
900.0,m08,2024-01-01T18:00:00,72,582,,0,0.247,0.437,0.684,0.436
900.0,m02,2024-01-01T18:00:00,72,583,,0,0.413,0.516,0.929,0.438
900.0,m04,2024-01-01T18:00:00,72,584,,0,0.279,0.958,1.237,0.722
900.0,m05,2024-01-01T18:15:00,73,585,,0,0.15,0.851,1.001,0.709
900.0,m07,2024-01-01T18:15:00,73,586,,0,0.133,0.77,0.903,0.536
900.0,m03,2024-01-01T18:15:00,73,587,,0,0.305,0.648,0.953,0.459
900.0,m06,2024-01-01T18:15:00,73,588,,0,0.302,1.799,2.101,0.823
900.0,m01,2024-01-01T18:15:00,73,589,,0,0.925,1.051,1.976,0.685
900.0,m08,2024-01-01T18:15:00,73,590,,0,0.987,1.128,2.115,0.502
900.0,m02,2024-01-01T18:15:00,73,591,,0,1.099,1.086,2.185,0.426
900.0,m04,2024-01-01T18:15:00,73,592,,0,0.234,0.951,1.185,0.691
900.0,m07,2024-01-01T18:30:00,74,593,,0,0.189,1.0,1.189,0.592
900.0,m03,2024-01-01T18:30:00,74,594,,0,0.335,0.794,1.129,0.384
900.0,m06,2024-01-01T18:30:00,74,595,,0,0.195,1.06,1.255,0.748
900.0,m01,2024-01-01T18:30:00,74,596,,0,0.587,0.889,1.476,0.755
900.0,m08,2024-01-01T18:30:00,74,597,,0,0.662,1.105,1.767,0.649
900.0,m02,2024-01-01T18:30:00,74,598,,0,0.826,1.092,1.918,0.614
900.0,m04,2024-01-01T18:30:00,74,599,,0,0.28,0.975,1.255,0.601
900.0,m05,2024-01-01T18:30:00,74,600,,0,0.313,0.912,1.225,0.659
900.0,m07,2024-01-01T18:45:00,75,601,,0,0.132,0.748,0.88,0.669
900.0,m03,2024-01-01T18:45:00,75,602,,0,0.329,0.937,1.266,0.318
900.0,m06,2024-01-01T18:45:00,75,603,,0,0.254,1.524,1.778,0.832
900.0,m01,2024-01-01T18:45:00,75,604,,0,0.747,0.976,1.723,0.824
900.0,m08,2024-01-01T18:45:00,75,605,,0,0.938,1.111,2.049,0.73
900.0,m02,2024-01-01T18:45:00,75,606,,0,1.139,1.014,2.153,0.72
900.0,m04,2024-01-01T18:45:00,75,607,,0,0.207,0.696,0.903,0.538
900.0,m05,2024-01-01T18:45:00,75,608,,0,0.207,0.849,1.056,0.728
900.0,m07,2024-01-01T19:00:00,76,609,,0,0.176,0.785,0.961,0.765
900.0,m03,2024-01-01T19:00:00,76,610,,0,0.301,0.863,1.164,0.517
900.0,m06,2024-01-01T19:00:00,76,611,,0,0.24,1.532,1.772,0.67
900.0,m01,2024-01-01T19:00:00,76,612,,0,0.8,0.85,1.65,0.821
900.0,m08,2024-01-01T19:00:00,76,613,,0,0.95,0.974,1.924,0.836
900.0,m02,2024-01-01T19:00:00,76,614,,0,1.092,0.957,2.049,0.846
900.0,m04,2024-01-01T19:00:00,76,615,,0,0.23,0.919,1.149,0.653
900.0,m05,2024-01-01T19:00:00,76,616,,0,0.176,0.711,0.887,0.539
900.0,m06,2024-01-01T19:15:00,77,617,,0,0.239,1.38,1.619,0.612
900.0,m01,2024-01-01T19:15:00,77,618,,0,0.792,0.818,1.61,0.637
900.0,m08,2024-01-01T19:15:00,77,619,,0,0.91,0.856,1.766,0.536
900.0,m02,2024-01-01T19:15:00,77,620,,0,1.062,0.846,1.908,0.463
900.0,m04,2024-01-01T19:15:00,77,621,,0,0.296,1.057,1.353,0.683
900.0,m05,2024-01-01T19:15:00,77,622,,0,0.194,0.791,0.985,0.72
900.0,m07,2024-01-01T19:15:00,77,623,,0,0.204,1.173,1.377,0.61
900.0,m03,2024-01-01T19:15:00,77,624,,0,0.514,0.761,1.275,0.451
900.0,m06,2024-01-01T19:30:00,78,625,,0,0.192,1.164,1.356,0.58
900.0,m01,2024-01-01T19:30:00,78,626,,0,0.714,0.711,1.425,0.568
900.0,m08,2024-01-01T19:30:00,78,627,,0,0.805,0.763,1.568,0.483
900.0,m02,2024-01-01T19:30:00,78,628,,0,0.918,0.754,1.672,0.473
900.0,m04,2024-01-01T19:30:00,78,629,,0,0.203,0.82,1.023,0.786
900.0,m05,2024-01-01T19:30:00,78,630,,0,0.174,0.666,0.84,0.521
900.0,m07,2024-01-01T19:30:00,78,631,,0,0.183,0.968,1.151,0.538
900.0,m03,2024-01-01T19:30:00,78,632,,0,0.355,0.711,1.066,0.479
900.0,m06,2024-01-01T19:45:00,79,633,,0,0.228,1.507,1.735,0.788
900.0,m01,2024-01-01T19:45:00,79,634,,0,0.78,0.909,1.689,0.496
900.0,m08,2024-01-01T19:45:00,79,635,,0,0.97,1.011,1.981,0.612
900.0,m02,2024-01-01T19:45:00,79,636,,0,1.128,1.052,2.18,0.481
900.0,m04,2024-01-01T19:45:00,79,637,,0,0.158,0.657,0.815,0.48
900.0,m05,2024-01-01T19:45:00,79,638,,0,0.33,1.188,1.518,0.64
900.0,m07,2024-01-01T19:45:00,79,639,,0,0.266,1.092,1.358,0.74
900.0,m03,2024-01-01T19:45:00,79,640,,0,0.452,0.921,1.373,0.503
900.0,m06,2024-01-01T20:00:00,80,641,,0,0.186,1.285,1.471,0.898
900.0,m01,2024-01-01T20:00:00,80,642,,0,0.594,1.161,1.755,0.643
900.0,m08,2024-01-01T20:00:00,80,643,,0,0.85,1.234,2.084,0.456
900.0,m02,2024-01-01T20:00:00,80,644,,0,1.075,1.124,2.199,0.428
900.0,m04,2024-01-01T20:00:00,80,645,,0,0.301,1.136,1.437,0.743
900.0,m05,2024-01-01T20:00:00,80,646,,0,0.191,0.691,0.882,0.554
900.0,m07,2024-01-01T20:00:00,80,647,,0,0.255,1.192,1.447,0.578
900.0,m03,2024-01-01T20:00:00,80,648,,0,0.454,0.711,1.165,0.476
900.0,m06,2024-01-01T20:15:00,81,649,,0,0.161,1.012,1.173,0.642
900.0,m01,2024-01-01T20:15:00,81,650,,0,0.581,0.767,1.348,0.407
900.0,m08,2024-01-01T20:15:00,81,651,,0,0.736,0.828,1.564,0.45
900.0,m02,2024-01-01T20:15:00,81,652,,0,0.908,0.818,1.726,0.385
900.0,m04,2024-01-01T20:15:00,81,653,,0,0.262,0.842,1.104,0.655
900.0,m05,2024-01-01T20:15:00,81,654,,0,0.246,1.011,1.257,0.616
900.0,m07,2024-01-01T20:15:00,81,655,,0,0.143,0.841,0.984,0.616
900.0,m03,2024-01-01T20:15:00,81,656,,0,0.363,0.743,1.106,0.424
900.0,m06,2024-01-01T20:30:00,82,657,,0,0.138,0.971,1.109,0.619
900.0,m01,2024-01-01T20:30:00,82,658,,0,0.498,0.705,1.203,0.442
900.0,m08,2024-01-01T20:30:00,82,659,,0,0.702,0.789,1.491,0.605
900.0,m02,2024-01-01T20:30:00,82,660,,0,0.835,0.842,1.677,0.702
900.0,m04,2024-01-01T20:30:00,82,661,,0,0.253,1.013,1.266,0.662
900.0,m05,2024-01-01T20:30:00,82,662,,0,0.236,0.891,1.127,0.779
900.0,m07,2024-01-01T20:30:00,82,663,,0,0.164,1.041,1.205,0.665
900.0,m03,2024-01-01T20:30:00,82,664,,0,0.423,0.898,1.321,0.553
900.0,m06,2024-01-01T20:45:00,83,665,,0,0.141,0.88,1.021,0.449
900.0,m01,2024-01-01T20:45:00,83,666,,0,0.511,0.427,0.938,0.503
900.0,m08,2024-01-01T20:45:00,83,667,,0,0.74,0.492,1.232,0.437
900.0,m02,2024-01-01T20:45:00,83,668,,0,0.95,0.557,1.507,0.351
900.0,m04,2024-01-01T20:45:00,83,669,,0,0.186,0.809,0.995,0.596
900.0,m05,2024-01-01T20:45:00,83,670,,0,0.196,0.818,1.014,0.541
900.0,m07,2024-01-01T20:45:00,83,671,,0,0.199,1.037,1.236,0.587
900.0,m03,2024-01-01T20:45:00,83,672,,0,0.44,0.703,1.143,0.439
900.0,m04,2024-01-01T21:00:00,84,673,,0,0.161,0.652,0.813,0.52
900.0,m05,2024-01-01T21:00:00,84,674,,0,0.226,0.909,1.135,0.646
900.0,m07,2024-01-01T21:00:00,84,675,,0,0.176,0.958,1.134,0.648
900.0,m03,2024-01-01T21:00:00,84,676,,0,0.403,0.761,1.164,0.522
900.0,m06,2024-01-01T21:00:00,84,677,,0,0.201,1.532,1.733,0.658
900.0,m01,2024-01-01T21:00:00,84,678,,0,0.815,0.849,1.664,0.724
900.0,m08,2024-01-01T21:00:00,84,679,,0,0.998,0.922,1.92,0.629
900.0,m02,2024-01-01T21:00:00,84,680,,0,1.17,0.812,1.982,0.614
900.0,m04,2024-01-01T21:15:00,85,681,,0,0.258,0.924,1.182,0.574
900.0,m05,2024-01-01T21:15:00,85,682,,0,0.309,0.962,1.271,0.723
900.0,m07,2024-01-01T21:15:00,85,683,,0,0.2,1.019,1.219,0.642
900.0,m03,2024-01-01T21:15:00,85,684,,0,0.41,0.793,1.203,0.518
900.0,m06,2024-01-01T21:15:00,85,685,,0,0.214,1.362,1.576,0.786
900.0,m01,2024-01-01T21:15:00,85,686,,0,0.822,0.941,1.763,0.762
900.0,m08,2024-01-01T21:15:00,85,687,,0,0.899,1.047,1.946,0.718
900.0,m02,2024-01-01T21:15:00,85,688,,0,1.071,0.961,2.032,0.74
900.0,m04,2024-01-01T21:30:00,86,689,,0,0.291,0.894,1.185,0.583
900.0,m05,2024-01-01T21:30:00,86,690,,0,0.257,0.767,1.024,0.662
900.0,m07,2024-01-01T21:30:00,86,691,,0,0.204,1.078,1.282,0.695
900.0,m03,2024-01-01T21:30:00,86,692,,0,0.436,0.861,1.297,0.607
900.0,m06,2024-01-01T21:30:00,86,693,,0,0.388,1.145,1.533,1.129
900.0,m01,2024-01-01T21:30:00,86,694,,0,1.082,1.28,2.362,0.564
900.0,m08,2024-01-01T21:30:00,86,695,,0,0.801,1.387,2.188,0.497
900.0,m02,2024-01-01T21:30:00,86,696,,0,0.92,1.337,2.257,0.489
900.0,m04,2024-01-01T21:45:00,87,697,,0,0.157,0.639,0.796,0.462
900.0,m05,2024-01-01T21:45:00,87,698,,0,0.294,0.823,1.117,0.597
900.0,m07,2024-01-01T21:45:00,87,699,,0,0.2,1.018,1.218,0.6
900.0,m03,2024-01-01T21:45:00,87,700,,0,0.432,0.726,1.158,0.485
900.0,m06,2024-01-01T21:45:00,87,701,,0,0.215,1.448,1.663,0.847
900.0,m01,2024-01-01T21:45:00,87,702,,0,0.731,0.982,1.713,0.894
900.0,m08,2024-01-01T21:45:00,87,703,,0,0.932,1.21,2.142,0.621
900.0,m02,2024-01-01T21:45:00,87,704,,0,1.142,1.162,2.304,0.469
900.0,m04,2024-01-01T22:00:00,88,705,,0,0.158,0.626,0.784,0.544
900.0,m05,2024-01-01T22:00:00,88,706,,0,0.138,0.564,0.702,0.402
900.0,m07,2024-01-01T22:00:00,88,707,,0,0.159,1.045,1.204,0.611
900.0,m03,2024-01-01T22:00:00,88,708,,0,0.472,0.807,1.279,0.486
900.0,m06,2024-01-01T22:00:00,88,709,,0,0.238,1.387,1.625,0.813
900.0,m01,2024-01-01T22:00:00,88,710,,0,0.749,0.999,1.748,0.509
900.0,m08,2024-01-01T22:00:00,88,711,,0,0.88,1.095,1.975,0.53
900.0,m02,2024-01-01T22:00:00,88,712,,0,1.098,1.054,2.152,0.43
900.0,m04,2024-01-01T22:15:00,89,713,,0,0.157,0.647,0.804,0.546
900.0,m05,2024-01-01T22:15:00,89,714,,0,0.112,0.406,0.518,0.348
900.0,m07,2024-01-01T22:15:00,89,715,,0,0.221,1.029,1.25,0.631
900.0,m03,2024-01-01T22:15:00,89,716,,0,0.407,0.751,1.158,0.449
900.0,m06,2024-01-01T22:15:00,89,717,,0,0.219,1.546,1.765,0.781
900.0,m01,2024-01-01T22:15:00,89,718,,0,0.791,0.931,1.722,0.655
900.0,m08,2024-01-01T22:15:00,89,719,,0,0.99,0.912,1.902,0.707
900.0,m02,2024-01-01T22:15:00,89,720,,0,1.082,0.962,2.044,0.646
900.0,m05,2024-01-01T22:30:00,90,721,,0,0.151,0.614,0.765,0.797
900.0,m07,2024-01-01T22:30:00,90,722,,0,0.128,0.717,0.845,0.505
900.0,m03,2024-01-01T22:30:00,90,723,,0,0.274,0.631,0.905,0.373
900.0,m06,2024-01-01T22:30:00,90,724,,0,0.227,1.53,1.757,0.74
900.0,m01,2024-01-01T22:30:00,90,725,,0,0.747,0.931,1.678,0.681
900.0,m08,2024-01-01T22:30:00,90,726,,0,0.889,1.056,1.945,0.515
900.0,m02,2024-01-01T22:30:00,90,727,,0,1.007,1.094,2.101,0.429
900.0,m04,2024-01-01T22:30:00,90,728,,0,0.213,0.787,1.0,0.516
900.0,m07,2024-01-01T22:45:00,91,729,,0,0.119,0.705,0.824,0.49
900.0,m03,2024-01-01T22:45:00,91,730,,0,0.341,0.505,0.846,0.417
900.0,m06,2024-01-01T22:45:00,91,731,,0,0.242,1.47,1.712,0.721
900.0,m01,2024-01-01T22:45:00,91,732,,0,0.878,0.92,1.798,0.892
900.0,m08,2024-01-01T22:45:00,91,733,,0,0.961,1.085,2.046,0.703
900.0,m02,2024-01-01T22:45:00,91,734,,0,1.16,0.994,2.154,0.647
900.0,m04,2024-01-01T22:45:00,91,735,,0,0.239,0.969,1.208,0.8
900.0,m05,2024-01-01T22:45:00,91,736,,0,0.326,1.039,1.365,0.657
900.0,m07,2024-01-01T23:00:00,92,737,,0,0.177,0.997,1.174,0.581
900.0,m03,2024-01-01T23:00:00,92,738,,0,0.347,0.801,1.148,0.401
900.0,m06,2024-01-01T23:00:00,92,739,,0,0.225,1.557,1.782,0.819
900.0,m01,2024-01-01T23:00:00,92,740,,0,0.791,1.054,1.845,0.668
900.0,m08,2024-01-01T23:00:00,92,741,,0,0.964,1.152,2.116,0.538
900.0,m02,2024-01-01T23:00:00,92,742,,0,1.127,1.164,2.291,0.395
900.0,m04,2024-01-01T23:00:00,92,743,,0,0.225,0.842,1.067,0.655
900.0,m05,2024-01-01T23:00:00,92,744,,0,0.193,0.711,0.904,0.537
900.0,m07,2024-01-01T23:15:00,93,745,,0,0.141,0.796,0.937,0.512
900.0,m03,2024-01-01T23:15:00,93,746,,0,0.339,0.62,0.959,0.362
900.0,m06,2024-01-01T23:15:00,93,747,,0,0.202,1.385,1.587,0.762
900.0,m01,2024-01-01T23:15:00,93,748,,0,0.685,0.908,1.593,0.845
900.0,m08,2024-01-01T23:15:00,93,749,,0,0.891,1.071,1.962,0.684
900.0,m02,2024-01-01T23:15:00,93,750,,0,1.144,0.943,2.087,0.625
900.0,m04,2024-01-01T23:15:00,93,751,,0,0.256,0.958,1.214,0.612
900.0,m05,2024-01-01T23:15:00,93,752,,0,0.291,1.089,1.38,0.624
900.0,m07,2024-01-01T23:30:00,94,753,,0,0.095,0.528,0.623,0.353
900.0,m03,2024-01-01T23:30:00,94,754,,0,0.256,0.369,0.625,0.317
900.0,m06,2024-01-01T23:30:00,94,755,,0,0.162,1.096,1.258,0.654
900.0,m01,2024-01-01T23:30:00,94,756,,0,0.566,0.755,1.321,0.444
900.0,m08,2024-01-01T23:30:00,94,757,,0,0.74,0.855,1.595,0.43
900.0,m02,2024-01-01T23:30:00,94,758,,0,0.865,0.853,1.718,0.479
900.0,m04,2024-01-01T23:30:00,94,759,,0,0.266,0.945,1.211,0.596
900.0,m05,2024-01-01T23:30:00,94,760,,0,0.277,0.933,1.21,0.545
900.0,m06,2024-01-01T23:45:00,95,761,,0,0.253,1.56,1.813,0.778
900.0,m01,2024-01-01T23:45:00,95,762,,0,0.727,0.969,1.696,0.534
900.0,m08,2024-01-01T23:45:00,95,763,,0,0.922,1.069,1.991,0.426
900.0,m02,2024-01-01T23:45:00,95,764,,0,1.134,0.963,2.097,0.415
900.0,m04,2024-01-01T23:45:00,95,765,,0,0.341,1.324,1.665,0.74
900.0,m05,2024-01-01T23:45:00,95,766,,0,0.184,0.695,0.879,0.649
900.0,m07,2024-01-01T23:45:00,95,767,,0,0.181,0.971,1.152,0.665
900.0,m03,2024-01-01T23:45:00,95,768,,0,0.385,0.797,1.182,0.456
1800.0,m02,2024-01-01T00:00:00,0,1,,0,0.446,1.069,1.515,0.893
1800.0,m05,2024-01-01T00:00:00,0,2,,0,0.275,0.685,0.96,0.69
1800.0,m03,2024-01-01T00:00:00,0,3,,0,0.189,0.721,0.91,0.692
1800.0,m08,2024-01-01T00:00:00,0,4,,0,0.239,1.209,1.448,0.634
1800.0,m01,2024-01-01T00:00:00,0,5,,0,0.544,0.696,1.24,0.635
1800.0,m04,2024-01-01T00:00:00,0,6,,0,0.127,0.841,0.968,0.606
1800.0,m06,2024-01-01T00:00:00,0,7,,0,0.422,0.66,1.082,0.478
1800.0,m07,2024-01-01T00:00:00,0,8,,0,0.149,0.512,0.661,0.451
1800.0,m02,2024-01-01T00:15:00,1,9,,0,0.183,0.702,0.885,0.533
1800.0,m05,2024-01-01T00:15:00,1,10,,0,0.219,0.711,0.93,0.651
1800.0,m03,2024-01-01T00:15:00,1,11,,0,0.164,0.634,0.798,0.568
1800.0,m08,2024-01-01T00:15:00,1,12,,0,0.202,1.15,1.352,0.586
1800.0,m01,2024-01-01T00:15:00,1,13,,0,0.517,0.705,1.222,0.633
1800.0,m04,2024-01-01T00:15:00,1,14,,0,0.132,0.695,0.827,0.509
1800.0,m06,2024-01-01T00:15:00,1,15,,0,0.316,0.548,0.864,0.479
1800.0,m07,2024-01-01T00:15:00,1,16,,0,0.13,0.46,0.59,0.4
1800.0,m02,2024-01-01T00:30:00,2,17,,0,0.171,0.697,0.868,0.513
1800.0,m05,2024-01-01T00:30:00,2,18,,0,0.165,0.611,0.776,0.51
1800.0,m03,2024-01-01T00:30:00,2,19,,0,0.15,0.623,0.773,0.474
1800.0,m08,2024-01-01T00:30:00,2,20,,0,0.15,0.763,0.913,0.476
1800.0,m01,2024-01-01T00:30:00,2,21,,0,0.314,0.568,0.882,0.38
1800.0,m04,2024-01-01T00:30:00,2,22,,0,0.12,0.752,0.872,0.47
1800.0,m06,2024-01-01T00:30:00,2,23,,0,0.292,0.634,0.926,0.443
1800.0,m07,2024-01-01T00:30:00,2,24,,0,0.14,0.547,0.687,0.392
1800.0,m02,2024-01-01T00:45:00,3,25,,0,0.22,0.848,1.068,0.607
1800.0,m05,2024-01-01T00:45:00,3,26,,0,0.204,0.75,0.954,0.593
1800.0,m03,2024-01-01T00:45:00,3,27,,0,0.312,1.001,1.313,0.745
1800.0,m08,2024-01-01T00:45:00,3,28,,0,0.29,1.425,1.715,0.648
1800.0,m01,2024-01-01T00:45:00,3,29,,0,0.518,0.873,1.391,0.463
1800.0,m04,2024-01-01T00:45:00,3,30,,0,0.258,1.277,1.535,0.786
1800.0,m06,2024-01-01T00:45:00,3,31,,0,0.508,0.951,1.459,0.684
1800.0,m07,2024-01-01T00:45:00,3,32,,0,0.252,0.86,1.112,0.505
1800.0,m02,2024-01-01T01:00:00,4,33,,0,0.24,0.936,1.176,0.613
1800.0,m05,2024-01-01T01:00:00,4,34,,0,0.26,0.841,1.101,0.532
1800.0,m03,2024-01-01T01:00:00,4,35,,0,0.257,0.811,1.068,0.789
1800.0,m08,2024-01-01T01:00:00,4,36,,0,0.15,0.791,0.941,0.463
1800.0,m01,2024-01-01T01:00:00,4,37,,0,0.364,0.521,0.885,0.417
1800.0,m04,2024-01-01T01:00:00,4,38,,0,0.235,1.076,1.311,0.508
1800.0,m06,2024-01-01T01:00:00,4,39,,0,0.451,0.568,1.019,0.633
1800.0,m07,2024-01-01T01:00:00,4,40,,0,0.242,0.862,1.104,0.82
1800.0,m02,2024-01-01T01:15:00,5,41,,0,0.259,0.832,1.091,0.569
1800.0,m05,2024-01-01T01:15:00,5,42,,0,0.185,0.667,0.852,0.554
1800.0,m03,2024-01-01T01:15:00,5,43,,0,0.191,0.698,0.889,0.471
1800.0,m08,2024-01-01T01:15:00,5,44,,0,0.135,0.756,0.891,0.498
1800.0,m01,2024-01-01T01:15:00,5,45,,0,0.307,0.614,0.921,0.373
1800.0,m04,2024-01-01T01:15:00,5,46,,0,0.153,0.757,0.91,0.501
1800.0,m06,2024-01-01T01:15:00,5,47,,0,0.301,0.6,0.901,0.388
1800.0,m07,2024-01-01T01:15:00,5,48,,0,0.166,0.72,0.886,0.523
1800.0,m02,2024-01-01T01:30:00,6,49,,0,0.175,0.64,0.815,0.519
1800.0,m05,2024-01-01T01:30:00,6,50,,0,0.191,0.782,0.973,0.59
1800.0,m03,2024-01-01T01:30:00,6,51,,0,0.2,0.837,1.037,0.577
1800.0,m08,2024-01-01T01:30:00,6,52,,0,0.248,1.149,1.397,0.796
1800.0,m01,2024-01-01T01:30:00,6,53,,0,0.457,0.877,1.334,0.603
1800.0,m04,2024-01-01T01:30:00,6,54,,0,0.124,0.716,0.84,0.448
1800.0,m06,2024-01-01T01:30:00,6,55,,0,0.333,0.523,0.856,0.522
1800.0,m07,2024-01-01T01:30:00,6,56,,0,0.13,0.481,0.611,0.403
1800.0,m02,2024-01-01T01:45:00,7,57,,0,0.146,0.581,0.727,0.436
1800.0,m05,2024-01-01T01:45:00,7,58,,0,0.115,0.42,0.535,0.366
1800.0,m03,2024-01-01T01:45:00,7,59,,0,0.191,0.704,0.895,0.476
1800.0,m08,2024-01-01T01:45:00,7,60,,0,0.169,0.876,1.045,0.559
1800.0,m01,2024-01-01T01:45:00,7,61,,0,0.377,0.632,1.009,0.575
1800.0,m04,2024-01-01T01:45:00,7,62,,0,0.151,0.805,0.956,0.599
1800.0,m06,2024-01-01T01:45:00,7,63,,0,0.337,0.691,1.028,0.489
1800.0,m07,2024-01-01T01:45:00,7,64,,0,0.135,0.502,0.637,0.411
1800.0,m05,2024-01-01T02:00:00,8,65,,0,0.249,0.773,1.022,0.533
1800.0,m03,2024-01-01T02:00:00,8,66,,0,0.189,0.741,0.93,0.611
1800.0,m08,2024-01-01T02:00:00,8,67,,0,0.229,1.18,1.409,0.556
1800.0,m01,2024-01-01T02:00:00,8,68,,0,0.5,0.641,1.141,0.56
1800.0,m04,2024-01-01T02:00:00,8,69,,0,0.142,0.888,1.03,0.622
1800.0,m06,2024-01-01T02:00:00,8,70,,0,0.413,0.734,1.147,0.565
1800.0,m07,2024-01-01T02:00:00,8,71,,0,0.117,0.405,0.522,0.356
1800.0,m02,2024-01-01T02:00:00,8,72,,0,0.231,0.904,1.135,0.652
1800.0,m05,2024-01-01T02:15:00,9,73,,0,0.155,0.657,0.812,0.591
1800.0,m03,2024-01-01T02:15:00,9,74,,0,0.121,0.488,0.609,0.401
1800.0,m08,2024-01-01T02:15:00,9,75,,0,0.11,0.615,0.725,0.432
1800.0,m01,2024-01-01T02:15:00,9,76,,0,0.273,0.507,0.78,0.401
1800.0,m04,2024-01-01T02:15:00,9,77,,0,0.111,0.669,0.78,0.528
1800.0,m06,2024-01-01T02:15:00,9,78,,0,0.296,0.629,0.925,0.477
1800.0,m07,2024-01-01T02:15:00,9,79,,0,0.136,0.516,0.652,0.491
1800.0,m02,2024-01-01T02:15:00,9,80,,0,0.254,0.992,1.246,0.691
1800.0,m03,2024-01-01T02:30:00,10,81,,0,0.123,0.494,0.617,0.442
1800.0,m08,2024-01-01T02:30:00,10,82,,0,0.149,0.772,0.921,0.524
1800.0,m01,2024-01-01T02:30:00,10,83,,0,0.298,0.681,0.979,0.491
1800.0,m04,2024-01-01T02:30:00,10,84,,0,0.092,0.507,0.599,0.356
1800.0,m06,2024-01-01T02:30:00,10,85,,0,0.211,0.446,0.657,0.327
1800.0,m07,2024-01-01T02:30:00,10,86,,0,0.116,0.408,0.524,0.336
1800.0,m02,2024-01-01T02:30:00,10,87,,0,0.2,0.772,0.972,0.572
1800.0,m05,2024-01-01T02:30:00,10,88,,0,0.169,0.671,0.84,0.518
1800.0,m03,2024-01-01T02:45:00,11,89,,0,0.14,0.536,0.676,0.416
1800.0,m08,2024-01-01T02:45:00,11,90,,0,0.155,0.85,1.005,0.547
1800.0,m01,2024-01-01T02:45:00,11,91,,0,0.317,0.732,1.049,0.447
1800.0,m04,2024-01-01T02:45:00,11,92,,0,0.121,0.758,0.879,0.487
1800.0,m06,2024-01-01T02:45:00,11,93,,0,0.329,0.574,0.903,0.47
1800.0,m07,2024-01-01T02:45:00,11,94,,0,0.155,0.578,0.733,0.466
1800.0,m02,2024-01-01T02:45:00,11,95,,0,0.232,0.917,1.149,0.657
1800.0,m05,2024-01-01T02:45:00,11,96,,0,0.166,0.586,0.752,0.539
1800.0,m08,2024-01-01T03:00:00,12,97,,0,0.093,0.674,0.767,0.519
1800.0,m01,2024-01-01T03:00:00,12,98,,0,0.301,0.62,0.921,0.455
1800.0,m04,2024-01-01T03:00:00,12,99,,0,0.087,0.521,0.608,0.351
1800.0,m06,2024-01-01T03:00:00,12,100,,0,0.272,0.394,0.666,0.441
1800.0,m07,2024-01-01T03:00:00,12,101,,0,0.103,0.489,0.592,0.537
1800.0,m02,2024-01-01T03:00:00,12,102,,0,0.244,0.968,1.212,0.69
1800.0,m05,2024-01-01T03:00:00,12,103,,0,0.277,0.923,1.2,0.733
1800.0,m03,2024-01-01T03:00:00,12,104,,0,0.252,0.896,1.148,0.536
1800.0,m08,2024-01-01T03:15:00,13,105,,0,0.116,0.915,1.031,0.438
1800.0,m01,2024-01-01T03:15:00,13,106,,0,0.542,0.457,0.999,0.456
1800.0,m04,2024-01-01T03:15:00,13,107,,0,0.767,0.469,1.236,0.503
1800.0,m06,2024-01-01T03:15:00,13,108,,0,0.964,0.412,1.376,0.476
1800.0,m07,2024-01-01T03:15:00,13,109,,0,0.097,0.499,0.596,0.389
1800.0,m02,2024-01-01T03:15:00,13,110,,0,0.345,1.265,1.61,0.675
1800.0,m05,2024-01-01T03:15:00,13,111,,0,0.291,1.078,1.369,0.738
1800.0,m03,2024-01-01T03:15:00,13,112,,0,0.304,0.838,1.142,0.644
1800.0,m07,2024-01-01T03:30:00,14,113,,0,0.145,0.632,0.777,0.422
1800.0,m02,2024-01-01T03:30:00,14,114,,0,0.168,0.692,0.86,0.49
1800.0,m05,2024-01-01T03:30:00,14,115,,0,0.134,0.522,0.656,0.423
1800.0,m03,2024-01-01T03:30:00,14,116,,0,0.202,0.715,0.917,0.651
1800.0,m08,2024-01-01T03:30:00,14,117,,0,0.244,1.171,1.415,0.563
1800.0,m01,2024-01-01T03:30:00,14,118,,0,0.481,0.643,1.124,0.491
1800.0,m04,2024-01-01T03:30:00,14,119,,0,0.196,0.946,1.142,0.474
1800.0,m06,2024-01-01T03:30:00,14,120,,0,0.385,0.534,0.919,0.489
1800.0,m07,2024-01-01T03:45:00,15,121,,0,0.136,0.542,0.678,0.42
1800.0,m02,2024-01-01T03:45:00,15,122,,0,0.323,0.822,1.145,0.603
1800.0,m05,2024-01-01T03:45:00,15,123,,0,0.196,0.748,0.944,0.634
1800.0,m03,2024-01-01T03:45:00,15,124,,0,0.205,0.746,0.951,0.583
1800.0,m08,2024-01-01T03:45:00,15,125,,0,0.253,1.137,1.39,0.573
1800.0,m01,2024-01-01T03:45:00,15,126,,0,0.468,0.643,1.111,0.44
1800.0,m04,2024-01-01T03:45:00,15,127,,0,0.112,0.641,0.753,0.465
1800.0,m06,2024-01-01T03:45:00,15,128,,0,0.274,0.584,0.858,0.491
1800.0,m02,2024-01-01T04:00:00,16,129,,0,0.336,0.982,1.318,0.757
1800.0,m05,2024-01-01T04:00:00,16,130,,0,0.193,0.684,0.877,0.598
1800.0,m03,2024-01-01T04:00:00,16,131,,0,0.191,0.832,1.023,0.664
1800.0,m08,2024-01-01T04:00:00,16,132,,0,0.245,1.18,1.425,0.658
1800.0,m01,2024-01-01T04:00:00,16,133,,0,0.508,0.752,1.26,0.693
1800.0,m04,2024-01-01T04:00:00,16,134,,0,0.098,0.571,0.669,0.417
1800.0,m06,2024-01-01T04:00:00,16,135,,0,0.264,0.467,0.731,2.057
1800.0,m07,2024-01-01T04:00:00,16,136,,0,0.244,0.806,1.05,0.565
1800.0,m02,2024-01-01T04:15:00,17,137,,0,0.323,0.95,1.273,0.773
1800.0,m05,2024-01-01T04:15:00,17,138,,0,0.263,1.051,1.314,0.656
1800.0,m03,2024-01-01T04:15:00,17,139,,0,0.199,0.853,1.052,0.616
1800.0,m08,2024-01-01T04:15:00,17,140,,0,0.298,1.325,1.623,0.625
1800.0,m01,2024-01-01T04:15:00,17,141,,0,0.574,0.713,1.287,0.592
1800.0,m04,2024-01-01T04:15:00,17,142,,0,0.126,0.634,0.76,0.401
1800.0,m06,2024-01-01T04:15:00,17,143,,0,0.29,0.438,0.728,0.403
1800.0,m07,2024-01-01T04:15:00,17,144,,0,0.159,0.586,0.745,0.47
1800.0,m02,2024-01-01T04:30:00,18,145,,0,0.354,1.072,1.426,0.637
1800.0,m05,2024-01-01T04:30:00,18,146,,0,0.176,0.634,0.81,0.527
1800.0,m03,2024-01-01T04:30:00,18,147,,0,0.171,0.583,0.754,0.485
1800.0,m08,2024-01-01T04:30:00,18,148,,0,0.143,0.823,0.966,0.61
1800.0,m01,2024-01-01T04:30:00,18,149,,0,0.344,0.718,1.062,0.541
1800.0,m04,2024-01-01T04:30:00,18,150,,0,0.086,0.489,0.575,0.352
1800.0,m06,2024-01-01T04:30:00,18,151,,0,0.231,0.38,0.611,0.33
1800.0,m07,2024-01-01T04:30:00,18,152,,0,0.223,0.555,0.778,0.547
1800.0,m02,2024-01-01T04:45:00,19,153,,0,0.22,0.856,1.076,0.624
1800.0,m05,2024-01-01T04:45:00,19,154,,0,0.232,0.668,0.9,0.486
1800.0,m03,2024-01-01T04:45:00,19,155,,0,0.244,0.838,1.082,0.574
1800.0,m08,2024-01-01T04:45:00,19,156,,0,0.14,0.816,0.956,0.604
1800.0,m01,2024-01-01T04:45:00,19,157,,0,0.48,0.837,1.317,0.388
1800.0,m04,2024-01-01T04:45:00,19,158,,0,0.103,0.556,0.659,0.388
1800.0,m06,2024-01-01T04:45:00,19,159,,0,0.261,0.417,0.678,0.406
1800.0,m07,2024-01-01T04:45:00,19,160,,0,0.228,0.961,1.189,0.66
1800.0,m02,2024-01-01T05:00:00,20,161,,0,0.367,1.021,1.388,0.8
1800.0,m05,2024-01-01T05:00:00,20,162,,0,0.18,0.643,0.823,0.549
1800.0,m03,2024-01-01T05:00:00,20,163,,0,0.244,0.856,1.1,0.604
1800.0,m08,2024-01-01T05:00:00,20,164,,0,0.176,1.007,1.183,0.619
1800.0,m01,2024-01-01T05:00:00,20,165,,0,0.517,0.628,1.145,0.565
1800.0,m04,2024-01-01T05:00:00,20,166,,0,0.107,0.568,0.675,0.395
1800.0,m06,2024-01-01T05:00:00,20,167,,0,0.287,0.42,0.707,0.403
1800.0,m07,2024-01-01T05:00:00,20,168,,0,0.163,0.666,0.829,0.527
1800.0,m02,2024-01-01T05:15:00,21,169,,0,0.205,0.85,1.055,0.544
1800.0,m05,2024-01-01T05:15:00,21,170,,0,0.121,0.477,0.598,0.438
1800.0,m03,2024-01-01T05:15:00,21,171,,0,0.321,0.714,1.035,0.6
1800.0,m08,2024-01-01T05:15:00,21,172,,0,0.166,1.24,1.406,0.657
1800.0,m01,2024-01-01T05:15:00,21,173,,0,0.668,0.814,1.482,0.75
1800.0,m04,2024-01-01T05:15:00,21,174,,0,0.915,0.895,1.81,0.617
1800.0,m06,2024-01-01T05:15:00,21,175,,0,1.093,0.815,1.908,0.628
1800.0,m07,2024-01-01T05:15:00,21,176,,0,0.199,0.705,0.904,0.5
1800.0,m02,2024-01-01T05:30:00,22,177,,0,0.155,0.633,0.788,0.447
1800.0,m05,2024-01-01T05:30:00,22,178,,0,0.126,0.472,0.598,0.388
1800.0,m03,2024-01-01T05:30:00,22,179,,0,0.183,0.677,0.86,0.534
1800.0,m08,2024-01-01T05:30:00,22,180,,0,0.193,1.243,1.436,0.623
1800.0,m01,2024-01-01T05:30:00,22,181,,0,0.734,0.711,1.445,0.644
1800.0,m04,2024-01-01T05:30:00,22,182,,0,0.969,0.891,1.86,0.487
1800.0,m06,2024-01-01T05:30:00,22,183,,0,1.204,0.786,1.99,0.39
1800.0,m07,2024-01-01T05:30:00,22,184,,0,0.172,0.594,0.766,0.462
1800.0,m02,2024-01-01T05:45:00,23,185,,0,0.152,0.635,0.787,0.526
1800.0,m05,2024-01-01T05:45:00,23,186,,0,0.115,0.487,0.602,0.483
1800.0,m03,2024-01-01T05:45:00,23,187,,0,0.143,0.608,0.751,0.494
1800.0,m08,2024-01-01T05:45:00,23,188,,0,0.201,1.472,1.673,0.719
1800.0,m01,2024-01-01T05:45:00,23,189,,0,0.812,0.882,1.694,0.763
1800.0,m04,2024-01-01T05:45:00,23,190,,0,0.983,1.032,2.015,0.684
1800.0,m06,2024-01-01T05:45:00,23,191,,0,1.141,1.077,2.218,0.511
1800.0,m07,2024-01-01T05:45:00,23,192,,0,0.3,1.041,1.341,0.817
1800.0,m05,2024-01-01T06:00:00,24,193,,0,0.121,0.469,0.59,0.361
1800.0,m03,2024-01-01T06:00:00,24,194,,0,0.094,0.364,0.458,0.356
1800.0,m08,2024-01-01T06:00:00,24,195,,0,0.153,1.056,1.209,0.654
1800.0,m01,2024-01-01T06:00:00,24,196,,0,0.522,0.847,1.369,0.54
1800.0,m04,2024-01-01T06:00:00,24,197,,0,0.667,0.95,1.617,0.468
1800.0,m06,2024-01-01T06:00:00,24,198,,0,0.794,0.944,1.738,0.444
1800.0,m07,2024-01-01T06:00:00,24,199,,0,0.146,0.49,0.636,0.437
1800.0,m02,2024-01-01T06:00:00,24,200,,0,0.307,1.104,1.411,0.752
1800.0,m03,2024-01-01T06:15:00,25,201,,0,0.193,0.869,1.062,1.132
1800.0,m08,2024-01-01T06:15:00,25,202,,0,0.181,1.255,1.436,0.686
1800.0,m01,2024-01-01T06:15:00,25,203,,0,0.832,0.786,1.618,0.638
1800.0,m04,2024-01-01T06:15:00,25,204,,0,0.995,0.752,1.747,0.689
1800.0,m06,2024-01-01T06:15:00,25,205,,0,1.163,0.729,1.892,0.584
1800.0,m07,2024-01-01T06:15:00,25,206,,0,0.234,0.857,1.091,0.637
1800.0,m02,2024-01-01T06:15:00,25,207,,0,0.318,1.028,1.346,0.648
1800.0,m05,2024-01-01T06:15:00,25,208,,0,0.261,0.87,1.131,0.592
1800.0,m03,2024-01-01T06:30:00,26,209,,0,0.164,0.637,0.801,0.44
1800.0,m08,2024-01-01T06:30:00,26,210,,0,0.121,0.911,1.032,0.543
1800.0,m01,2024-01-01T06:30:00,26,211,,0,0.487,0.659,1.146,0.602
1800.0,m04,2024-01-01T06:30:00,26,212,,0,0.637,0.792,1.429,0.517
1800.0,m06,2024-01-01T06:30:00,26,213,,0,0.774,0.804,1.578,0.48
1800.0,m07,2024-01-01T06:30:00,26,214,,0,0.183,0.643,0.826,0.498
1800.0,m02,2024-01-01T06:30:00,26,215,,0,0.314,1.056,1.37,0.813
1800.0,m05,2024-01-01T06:30:00,26,216,,0,0.242,0.727,0.969,0.54
1800.0,m03,2024-01-01T06:45:00,27,217,,0,0.178,0.572,0.75,0.38
1800.0,m08,2024-01-01T06:45:00,27,218,,0,0.114,1.001,1.115,0.642
1800.0,m01,2024-01-01T06:45:00,27,219,,0,0.526,0.733,1.259,0.52
1800.0,m04,2024-01-01T06:45:00,27,220,,0,0.705,0.904,1.609,0.435
1800.0,m06,2024-01-01T06:45:00,27,221,,0,0.85,0.908,1.758,0.385
1800.0,m07,2024-01-01T06:45:00,27,222,,0,0.122,0.421,0.543,0.345
1800.0,m02,2024-01-01T06:45:00,27,223,,0,0.252,1.048,1.3,0.712
1800.0,m05,2024-01-01T06:45:00,27,224,,0,0.253,0.98,1.233,0.722
1800.0,m08,2024-01-01T07:00:00,28,225,,0,0.129,0.914,1.043,0.532
1800.0,m01,2024-01-01T07:00:00,28,226,,0,0.446,0.69,1.136,0.714
1800.0,m04,2024-01-01T07:00:00,28,227,,0,0.631,0.819,1.45,0.659
1800.0,m06,2024-01-01T07:00:00,28,228,,0,0.897,0.709,1.606,0.672
1800.0,m07,2024-01-01T07:00:00,28,229,,0,0.144,0.592,0.736,0.514
1800.0,m02,2024-01-01T07:00:00,28,230,,0,0.323,0.884,1.207,0.631
1800.0,m05,2024-01-01T07:00:00,28,231,,0,0.182,0.656,0.838,0.629
1800.0,m03,2024-01-01T07:00:00,28,232,,0,0.313,0.739,1.052,0.593
1800.0,m08,2024-01-01T07:15:00,29,233,,0,0.105,0.899,1.004,0.353
1800.0,m01,2024-01-01T07:15:00,29,234,,0,0.519,0.406,0.925,0.442
1800.0,m04,2024-01-01T07:15:00,29,235,,0,0.678,0.47,1.148,0.347
1800.0,m06,2024-01-01T07:15:00,29,236,,0,0.835,0.483,1.318,0.315
1800.0,m07,2024-01-01T07:15:00,29,237,,0,0.079,0.354,0.433,0.315
1800.0,m02,2024-01-01T07:15:00,29,238,,0,0.312,0.91,1.222,0.652
1800.0,m05,2024-01-01T07:15:00,29,239,,0,0.284,0.884,1.168,0.634
1800.0,m03,2024-01-01T07:15:00,29,240,,0,0.241,0.907,1.148,0.722
1800.0,m07,2024-01-01T07:30:00,30,241,,0,0.137,0.586,0.723,0.434
1800.0,m02,2024-01-01T07:30:00,30,242,,0,0.227,0.89,1.117,0.664
1800.0,m05,2024-01-01T07:30:00,30,243,,0,0.176,0.599,0.775,0.493
1800.0,m03,2024-01-01T07:30:00,30,244,,0,0.219,0.959,1.178,0.673
1800.0,m08,2024-01-01T07:30:00,30,245,,0,0.229,1.541,1.77,0.713
1800.0,m01,2024-01-01T07:30:00,30,246,,0,0.793,0.926,1.719,0.698
1800.0,m04,2024-01-01T07:30:00,30,247,,0,1.007,0.951,1.958,0.64
1800.0,m06,2024-01-01T07:30:00,30,248,,0,1.177,0.845,2.022,0.63
1800.0,m02,2024-01-01T07:45:00,31,249,,0,0.253,0.983,1.236,0.632
1800.0,m05,2024-01-01T07:45:00,31,250,,0,0.171,0.622,0.793,0.553
1800.0,m03,2024-01-01T07:45:00,31,251,,0,0.153,0.641,0.794,0.48
1800.0,m08,2024-01-01T07:45:00,31,252,,0,0.204,1.316,1.52,0.584
1800.0,m01,2024-01-01T07:45:00,31,253,,0,0.754,0.671,1.425,0.487
1800.0,m04,2024-01-01T07:45:00,31,254,,0,0.956,0.741,1.697,0.457
1800.0,m06,2024-01-01T07:45:00,31,255,,0,1.142,0.661,1.803,0.448
1800.0,m07,2024-01-01T07:45:00,31,256,,0,0.162,0.557,0.719,0.388
1800.0,m02,2024-01-01T08:00:00,32,257,,0,0.196,0.973,1.169,0.692
1800.0,m05,2024-01-01T08:00:00,32,258,,0,0.242,0.975,1.217,0.639
1800.0,m03,2024-01-01T08:00:00,32,259,,0,0.138,0.603,0.741,0.465
1800.0,m08,2024-01-01T08:00:00,32,260,,0,0.201,1.361,1.562,0.649
1800.0,m01,2024-01-01T08:00:00,32,261,,0,0.829,0.834,1.663,0.607
1800.0,m04,2024-01-01T08:00:00,32,262,,0,0.949,0.808,1.757,0.592
1800.0,m06,2024-01-01T08:00:00,32,263,,0,1.046,0.745,1.791,0.577
1800.0,m07,2024-01-01T08:00:00,32,264,,0,0.122,0.519,0.641,0.385
1800.0,m02,2024-01-01T08:15:00,33,265,,0,0.247,0.959,1.206,0.735
1800.0,m05,2024-01-01T08:15:00,33,266,,0,0.23,0.689,0.919,0.568
1800.0,m03,2024-01-01T08:15:00,33,267,,0,0.222,0.825,1.047,0.55
1800.0,m08,2024-01-01T08:15:00,33,268,,0,0.163,1.277,1.44,0.636
1800.0,m01,2024-01-01T08:15:00,33,269,,0,0.735,0.765,1.5,0.714
1800.0,m04,2024-01-01T08:15:00,33,270,,0,0.962,0.777,1.739,0.592
1800.0,m06,2024-01-01T08:15:00,33,271,,0,1.132,0.661,1.793,0.68
1800.0,m07,2024-01-01T08:15:00,33,272,,0,0.237,0.862,1.099,0.561
1800.0,m02,2024-01-01T08:30:00,34,273,,0,0.244,0.976,1.22,0.75
1800.0,m05,2024-01-01T08:30:00,34,274,,0,0.184,0.649,0.833,0.516
1800.0,m03,2024-01-01T08:30:00,34,275,,0,0.287,1.1,1.387,0.761
1800.0,m08,2024-01-01T08:30:00,34,276,,0,0.275,1.732,2.007,0.955
1800.0,m01,2024-01-01T08:30:00,34,277,,0,0.847,1.141,1.988,0.869
1800.0,m04,2024-01-01T08:30:00,34,278,,0,1.154,1.197,2.351,0.756
1800.0,m06,2024-01-01T08:30:00,34,279,,0,1.499,0.95,2.449,0.693
1800.0,m07,2024-01-01T08:30:00,34,280,,0,0.164,0.588,0.752,0.473
1800.0,m02,2024-01-01T08:45:00,35,281,,0,0.258,1.034,1.292,0.624
1800.0,m05,2024-01-01T08:45:00,35,282,,0,0.154,0.635,0.789,0.553
1800.0,m03,2024-01-01T08:45:00,35,283,,0,0.188,0.814,1.002,0.654
1800.0,m08,2024-01-01T08:45:00,35,284,,0,0.197,1.432,1.629,0.632
1800.0,m01,2024-01-01T08:45:00,35,285,,0,0.745,0.815,1.56,0.616
1800.0,m04,2024-01-01T08:45:00,35,286,,0,0.918,0.835,1.753,0.548
1800.0,m06,2024-01-01T08:45:00,35,287,,0,1.024,0.76,1.784,0.555
1800.0,m07,2024-01-01T08:45:00,35,288,,0,0.16,0.583,0.743,0.593
1800.0,m02,2024-01-01T09:00:00,36,289,,0,0.173,0.706,0.879,0.626
1800.0,m05,2024-01-01T09:00:00,36,290,,0,0.131,0.471,0.602,0.497
1800.0,m03,2024-01-01T09:00:00,36,291,,0,0.184,0.722,0.906,0.514
1800.0,m08,2024-01-01T09:00:00,36,292,,0,0.217,1.263,1.48,0.701
1800.0,m01,2024-01-01T09:00:00,36,293,,0,0.718,0.806,1.524,0.678
1800.0,m04,2024-01-01T09:00:00,36,294,,0,0.876,0.927,1.803,0.65
1800.0,m06,2024-01-01T09:00:00,36,295,,0,1.086,0.915,2.001,0.492
1800.0,m07,2024-01-01T09:00:00,36,296,,0,0.157,0.546,0.703,0.442
1800.0,m02,2024-01-01T09:15:00,37,297,,0,0.141,0.56,0.701,0.439
1800.0,m05,2024-01-01T09:15:00,37,298,,0,0.117,0.471,0.588,0.405
1800.0,m03,2024-01-01T09:15:00,37,299,,0,0.129,0.602,0.731,0.569
1800.0,m08,2024-01-01T09:15:00,37,300,,0,0.107,1.034,1.141,1.403
1800.0,m01,2024-01-01T09:15:00,37,301,,0,0.58,0.868,1.448,1.019
1800.0,m04,2024-01-01T09:15:00,37,302,,0,1.129,0.821,1.95,0.754
1800.0,m06,2024-01-01T09:15:00,37,303,,0,1.415,0.884,2.299,0.612
1800.0,m07,2024-01-01T09:15:00,37,304,,0,0.167,0.613,0.78,0.518
1800.0,m02,2024-01-01T09:30:00,38,305,,0,0.14,0.57,0.71,0.456
1800.0,m05,2024-01-01T09:30:00,38,306,,0,0.118,0.438,0.556,0.346
1800.0,m03,2024-01-01T09:30:00,38,307,,0,0.189,0.781,0.97,0.471
1800.0,m08,2024-01-01T09:30:00,38,308,,0,0.135,0.894,1.029,0.529
1800.0,m01,2024-01-01T09:30:00,38,309,,0,0.489,0.644,1.133,0.381
1800.0,m04,2024-01-01T09:30:00,38,310,,0,0.731,0.731,1.462,0.245
1800.0,m06,2024-01-01T09:30:00,38,311,,0,0.963,0.637,1.6,0.325
1800.0,m07,2024-01-01T09:30:00,38,312,,0,0.157,0.536,0.693,0.432
1800.0,m02,2024-01-01T09:45:00,39,313,,0,0.154,0.599,0.753,0.461
1800.0,m05,2024-01-01T09:45:00,39,314,,0,0.094,0.465,0.559,0.551
1800.0,m03,2024-01-01T09:45:00,39,315,,0,0.154,0.611,0.765,0.464
1800.0,m08,2024-01-01T09:45:00,39,316,,0,0.177,1.276,1.453,0.566
1800.0,m01,2024-01-01T09:45:00,39,317,,0,0.706,0.726,1.432,0.457
1800.0,m04,2024-01-01T09:45:00,39,318,,0,0.916,0.875,1.791,0.372
1800.0,m06,2024-01-01T09:45:00,39,319,,0,1.085,0.883,1.968,0.482
1800.0,m07,2024-01-01T09:45:00,39,320,,0,0.213,0.642,0.855,0.56
1800.0,m05,2024-01-01T10:00:00,40,321,,0,0.143,0.602,0.745,0.407
1800.0,m03,2024-01-01T10:00:00,40,322,,0,0.146,0.561,0.707,0.406
1800.0,m08,2024-01-01T10:00:00,40,323,,0,0.135,0.919,1.054,0.583
1800.0,m01,2024-01-01T10:00:00,40,324,,0,0.49,0.613,1.103,0.412
1800.0,m04,2024-01-01T10:00:00,40,325,,0,0.616,0.747,1.363,0.398
1800.0,m06,2024-01-01T10:00:00,40,326,,0,0.743,0.739,1.482,0.38
1800.0,m07,2024-01-01T10:00:00,40,327,,0,0.142,0.559,0.701,0.415
1800.0,m02,2024-01-01T10:00:00,40,328,,0,0.257,1.045,1.302,0.677
1800.0,m03,2024-01-01T10:15:00,41,329,,0,0.18,0.573,0.753,0.422
1800.0,m08,2024-01-01T10:15:00,41,330,,0,0.152,1.12,1.272,0.757
1800.0,m01,2024-01-01T10:15:00,41,331,,0,0.653,0.858,1.511,0.644
1800.0,m04,2024-01-01T10:15:00,41,332,,0,0.875,0.886,1.761,0.588
1800.0,m06,2024-01-01T10:15:00,41,333,,0,1.034,0.798,1.832,0.564
1800.0,m07,2024-01-01T10:15:00,41,334,,0,0.114,0.398,0.512,0.362
1800.0,m02,2024-01-01T10:15:00,41,335,,0,0.179,1.109,1.288,0.645
1800.0,m05,2024-01-01T10:15:00,41,336,,0,0.238,0.713,0.951,0.518
1800.0,m03,2024-01-01T10:30:00,42,337,,0,0.151,0.615,0.766,0.451
1800.0,m08,2024-01-01T10:30:00,42,338,,0,0.134,0.949,1.083,0.582
1800.0,m01,2024-01-01T10:30:00,42,339,,0,0.526,0.691,1.217,0.621
1800.0,m04,2024-01-01T10:30:00,42,340,,0,0.724,0.807,1.531,0.537
1800.0,m06,2024-01-01T10:30:00,42,341,,0,0.921,0.809,1.73,0.455
1800.0,m07,2024-01-01T10:30:00,42,342,,0,0.095,0.359,0.454,0.316
1800.0,m02,2024-01-01T10:30:00,42,343,,0,0.222,0.866,1.088,0.662
1800.0,m05,2024-01-01T10:30:00,42,344,,0,0.224,0.777,1.001,0.653
1800.0,m03,2024-01-01T10:45:00,43,345,,0,0.146,0.63,0.776,0.843
1800.0,m08,2024-01-01T10:45:00,43,346,,0,0.117,0.828,0.945,0.377
1800.0,m01,2024-01-01T10:45:00,43,347,,0,0.601,0.398,0.999,0.365
1800.0,m04,2024-01-01T10:45:00,43,348,,0,0.717,0.451,1.168,0.32
1800.0,m06,2024-01-01T10:45:00,43,349,,0,0.819,0.406,1.225,0.356
1800.0,m07,2024-01-01T10:45:00,43,350,,0,0.123,0.5,0.623,0.496
1800.0,m02,2024-01-01T10:45:00,43,351,,0,0.154,0.639,0.793,0.453
1800.0,m05,2024-01-01T10:45:00,43,352,,0,0.164,0.491,0.655,0.411
1800.0,m08,2024-01-01T11:00:00,44,353,,0,0.132,1.186,1.318,0.516
1800.0,m01,2024-01-01T11:00:00,44,354,,0,0.787,0.56,1.347,0.527
1800.0,m04,2024-01-01T11:00:00,44,355,,0,1.085,0.594,1.679,0.406
1800.0,m06,2024-01-01T11:00:00,44,356,,0,1.185,0.607,1.792,0.395
1800.0,m07,2024-01-01T11:00:00,44,357,,0,0.153,0.621,0.774,0.447
1800.0,m02,2024-01-01T11:00:00,44,358,,0,0.241,0.997,1.238,0.772
1800.0,m05,2024-01-01T11:00:00,44,359,,0,0.229,0.646,0.875,0.629
1800.0,m03,2024-01-01T11:00:00,44,360,,0,0.221,0.847,1.068,0.732
1800.0,m07,2024-01-01T11:15:00,45,361,,0,0.149,0.589,0.738,0.428
1800.0,m02,2024-01-01T11:15:00,45,362,,0,0.323,1.115,1.438,0.709
1800.0,m05,2024-01-01T11:15:00,45,363,,0,0.187,0.786,0.973,0.552
1800.0,m03,2024-01-01T11:15:00,45,364,,0,0.268,0.67,0.938,0.519
1800.0,m08,2024-01-01T11:15:00,45,365,,0,0.225,1.385,1.61,0.821
1800.0,m01,2024-01-01T11:15:00,45,366,,0,0.775,0.949,1.724,0.765
1800.0,m04,2024-01-01T11:15:00,45,367,,0,1.064,1.015,2.079,0.634
1800.0,m06,2024-01-01T11:15:00,45,368,,0,1.267,1.009,2.276,0.523
1800.0,m07,2024-01-01T11:30:00,46,369,,0,0.143,0.508,0.651,0.321
1800.0,m02,2024-01-01T11:30:00,46,370,,0,0.345,1.032,1.377,0.598
1800.0,m05,2024-01-01T11:30:00,46,371,,0,0.258,0.974,1.232,0.785
1800.0,m03,2024-01-01T11:30:00,46,372,,0,0.233,0.647,0.88,0.465
1800.0,m08,2024-01-01T11:30:00,46,373,,0,0.138,0.904,1.042,0.808
1800.0,m01,2024-01-01T11:30:00,46,374,,0,0.541,1.097,1.638,0.387
1800.0,m04,2024-01-01T11:30:00,46,375,,0,1.389,0.465,1.854,0.371
1800.0,m06,2024-01-01T11:30:00,46,376,,0,1.609,0.519,2.128,0.32
1800.0,m02,2024-01-01T11:45:00,47,377,,0,0.272,0.957,1.229,0.757
1800.0,m05,2024-01-01T11:45:00,47,378,,0,0.158,0.551,0.709,0.517
1800.0,m03,2024-01-01T11:45:00,47,379,,0,0.173,0.596,0.769,0.56
1800.0,m08,2024-01-01T11:45:00,47,380,,0,0.143,1.134,1.277,0.501
1800.0,m01,2024-01-01T11:45:00,47,381,,0,0.683,0.561,1.244,0.531
1800.0,m04,2024-01-01T11:45:00,47,382,,0,0.903,0.646,1.549,0.598
1800.0,m06,2024-01-01T11:45:00,47,383,,0,1.03,0.715,1.745,0.505
1800.0,m07,2024-01-01T11:45:00,47,384,,0,0.226,0.696,0.922,0.601
1800.0,m02,2024-01-01T12:00:00,48,385,,0,0.24,0.943,1.183,0.637
1800.0,m05,2024-01-01T12:00:00,48,386,,0,0.179,0.689,0.868,0.591
1800.0,m03,2024-01-01T12:00:00,48,387,,0,0.272,1.172,1.444,0.734
1800.0,m08,2024-01-01T12:00:00,48,388,,0,0.113,0.759,0.872,0.416
1800.0,m01,2024-01-01T12:00:00,48,389,,0,0.413,0.492,0.905,0.494
1800.0,m04,2024-01-01T12:00:00,48,390,,0,0.559,0.565,1.124,0.539
1800.0,m06,2024-01-01T12:00:00,48,391,,0,0.68,0.595,1.275,0.462
1800.0,m07,2024-01-01T12:00:00,48,392,,0,0.144,0.57,0.714,0.416
1800.0,m02,2024-01-01T12:15:00,49,393,,0,0.318,0.975,1.293,0.76
1800.0,m05,2024-01-01T12:15:00,49,394,,0,0.186,0.821,1.007,0.728
1800.0,m03,2024-01-01T12:15:00,49,395,,0,0.257,0.899,1.156,0.554
1800.0,m08,2024-01-01T12:15:00,49,396,,0,0.153,1.192,1.345,0.594
1800.0,m01,2024-01-01T12:15:00,49,397,,0,0.691,0.714,1.405,0.782
1800.0,m04,2024-01-01T12:15:00,49,398,,0,0.869,0.842,1.711,0.717
1800.0,m06,2024-01-01T12:15:00,49,399,,0,0.989,0.82,1.809,0.715
1800.0,m07,2024-01-01T12:15:00,49,400,,0,0.221,0.737,0.958,0.485
1800.0,m02,2024-01-01T12:30:00,50,401,,0,0.322,0.975,1.297,0.765
1800.0,m05,2024-01-01T12:30:00,50,402,,0,0.215,0.954,1.169,0.696
1800.0,m03,2024-01-01T12:30:00,50,403,,0,0.234,0.834,1.068,0.619
1800.0,m08,2024-01-01T12:30:00,50,404,,0,0.302,1.491,1.793,0.942
1800.0,m01,2024-01-01T12:30:00,50,405,,0,0.888,1.362,2.25,0.481
1800.0,m04,2024-01-01T12:30:00,50,406,,0,1.778,0.573,2.351,0.396
1800.0,m06,2024-01-01T12:30:00,50,407,,0,1.932,0.621,2.553,0.469
1800.0,m07,2024-01-01T12:30:00,50,408,,0,0.256,0.676,0.932,0.593
1800.0,m02,2024-01-01T12:45:00,51,409,,0,0.222,0.924,1.146,0.664
1800.0,m05,2024-01-01T12:45:00,51,410,,0,0.163,0.598,0.761,0.541
1800.0,m03,2024-01-01T12:45:00,51,411,,0,0.26,0.922,1.182,0.753
1800.0,m08,2024-01-01T12:45:00,51,412,,0,0.211,1.415,1.626,0.618
1800.0,m01,2024-01-01T12:45:00,51,413,,0,0.774,0.755,1.529,0.721
1800.0,m04,2024-01-01T12:45:00,51,414,,0,0.957,0.82,1.777,0.67
1800.0,m06,2024-01-01T12:45:00,51,415,,0,1.079,0.767,1.846,0.675
1800.0,m07,2024-01-01T12:45:00,51,416,,0,0.167,0.62,0.787,0.534
1800.0,m02,2024-01-01T13:00:00,52,417,,0,0.258,0.84,1.098,0.594
1800.0,m05,2024-01-01T13:00:00,52,418,,0,0.122,0.455,0.577,0.432
1800.0,m03,2024-01-01T13:00:00,52,419,,0,0.182,0.797,0.979,0.546
1800.0,m08,2024-01-01T13:00:00,52,420,,0,0.194,1.391,1.585,0.656
1800.0,m01,2024-01-01T13:00:00,52,421,,0,0.746,0.832,1.578,0.831
1800.0,m04,2024-01-01T13:00:00,52,422,,0,0.971,0.946,1.917,0.755
1800.0,m06,2024-01-01T13:00:00,52,423,,0,1.135,0.889,2.024,0.745
1800.0,m07,2024-01-01T13:00:00,52,424,,0,0.174,0.659,0.833,0.492
1800.0,m02,2024-01-01T13:15:00,53,425,,0,0.158,0.614,0.772,0.46
1800.0,m05,2024-01-01T13:15:00,53,426,,0,0.126,0.473,0.599,0.372
1800.0,m03,2024-01-01T13:15:00,53,427,,0,0.175,0.633,0.808,0.554
1800.0,m08,2024-01-01T13:15:00,53,428,,0,0.22,1.277,1.497,0.517
1800.0,m01,2024-01-01T13:15:00,53,429,,0,0.631,0.607,1.238,0.61
1800.0,m04,2024-01-01T13:15:00,53,430,,0,0.876,0.782,1.658,0.587
1800.0,m06,2024-01-01T13:15:00,53,431,,0,1.094,0.751,1.845,0.502
1800.0,m07,2024-01-01T13:15:00,53,432,,0,0.165,0.614,0.779,0.447
1800.0,m02,2024-01-01T13:30:00,54,433,,0,0.169,0.658,0.827,0.508
1800.0,m05,2024-01-01T13:30:00,54,434,,0,0.103,0.43,0.533,0.452
1800.0,m03,2024-01-01T13:30:00,54,435,,0,0.188,0.681,0.869,1.104
1800.0,m08,2024-01-01T13:30:00,54,436,,0,0.316,1.527,1.843,0.735
1800.0,m01,2024-01-01T13:30:00,54,437,,0,0.832,0.907,1.739,0.739
1800.0,m04,2024-01-01T13:30:00,54,438,,0,1.101,0.911,2.012,0.654
1800.0,m06,2024-01-01T13:30:00,54,439,,0,1.3,0.775,2.075,0.663
1800.0,m07,2024-01-01T13:30:00,54,440,,0,0.176,0.558,0.734,0.431
1800.0,m05,2024-01-01T13:45:00,55,441,,0,0.255,0.666,0.921,0.501
1800.0,m03,2024-01-01T13:45:00,55,442,,0,0.171,0.662,0.833,0.569
1800.0,m08,2024-01-01T13:45:00,55,443,,0,0.224,1.375,1.599,1.392
1800.0,m01,2024-01-01T13:45:00,55,444,,0,0.769,1.501,2.27,0.631
1800.0,m04,2024-01-01T13:45:00,55,445,,0,0.96,1.549,2.509,0.567
1800.0,m06,2024-01-01T13:45:00,55,446,,0,1.121,1.482,2.603,0.51
1800.0,m07,2024-01-01T13:45:00,55,447,,0,0.27,0.921,1.191,0.798
1800.0,m02,2024-01-01T13:45:00,55,448,,0,0.299,1.132,1.431,0.889
1800.0,m03,2024-01-01T14:00:00,56,449,,0,0.184,0.734,0.918,0.548
1800.0,m08,2024-01-01T14:00:00,56,450,,0,0.204,1.228,1.432,0.685
1800.0,m01,2024-01-01T14:00:00,56,451,,0,0.644,0.829,1.473,0.749
1800.0,m04,2024-01-01T14:00:00,56,452,,0,0.834,0.954,1.788,0.761
1800.0,m06,2024-01-01T14:00:00,56,453,,0,1.025,0.893,1.918,0.742
1800.0,m07,2024-01-01T14:00:00,56,454,,0,0.264,0.843,1.107,0.531
1800.0,m02,2024-01-01T14:00:00,56,455,,0,0.236,0.832,1.068,0.582
1800.0,m05,2024-01-01T14:00:00,56,456,,0,0.199,0.628,0.827,0.567
1800.0,m03,2024-01-01T14:15:00,57,457,,0,0.149,0.639,0.788,0.484
1800.0,m08,2024-01-01T14:15:00,57,458,,0,0.137,0.984,1.121,0.57
1800.0,m01,2024-01-01T14:15:00,57,459,,0,0.485,0.673,1.158,0.391
1800.0,m04,2024-01-01T14:15:00,57,460,,0,0.647,0.778,1.425,0.529
1800.0,m06,2024-01-01T14:15:00,57,461,,0,0.784,0.879,1.663,0.425
1800.0,m07,2024-01-01T14:15:00,57,462,,0,0.163,0.594,0.757,0.43
1800.0,m02,2024-01-01T14:15:00,57,463,,0,0.193,0.829,1.022,0.559
1800.0,m05,2024-01-01T14:15:00,57,464,,0,0.174,0.652,0.826,0.565
1800.0,m03,2024-01-01T14:30:00,58,465,,0,0.158,0.633,0.791,0.504
1800.0,m08,2024-01-01T14:30:00,58,466,,0,0.142,1.078,1.22,1.381
1800.0,m01,2024-01-01T14:30:00,58,467,,0,0.548,0.939,1.487,0.705
1800.0,m04,2024-01-01T14:30:00,58,468,,0,0.735,1.007,1.742,0.506
1800.0,m06,2024-01-01T14:30:00,58,469,,0,0.876,0.999,1.875,0.465
1800.0,m07,2024-01-01T14:30:00,58,470,,0,0.118,0.451,0.569,0.38
1800.0,m02,2024-01-01T14:30:00,58,471,,0,0.244,1.055,1.299,0.672
1800.0,m05,2024-01-01T14:30:00,58,472,,0,0.133,0.482,0.615,0.383
1800.0,m08,2024-01-01T14:45:00,59,473,,0,0.125,0.822,0.947,0.381
1800.0,m01,2024-01-01T14:45:00,59,474,,0,0.536,0.414,0.95,0.381
1800.0,m04,2024-01-01T14:45:00,59,475,,0,0.675,0.435,1.11,0.542
1800.0,m06,2024-01-01T14:45:00,59,476,,0,0.856,0.647,1.503,0.389
1800.0,m07,2024-01-01T14:45:00,59,477,,0,0.141,0.585,0.726,0.437
1800.0,m02,2024-01-01T14:45:00,59,478,,0,0.29,0.93,1.22,0.661
1800.0,m05,2024-01-01T14:45:00,59,479,,0,0.131,0.441,0.572,0.351
1800.0,m03,2024-01-01T14:45:00,59,480,,0,0.287,1.001,1.288,0.665
1800.0,m08,2024-01-01T15:00:00,60,481,,0,0.158,0.908,1.066,0.603
1800.0,m01,2024-01-01T15:00:00,60,482,,0,0.521,0.693,1.214,0.476
1800.0,m04,2024-01-01T15:00:00,60,483,,0,0.645,0.85,1.495,0.494
1800.0,m06,2024-01-01T15:00:00,60,484,,0,0.778,0.863,1.641,0.646
1800.0,m07,2024-01-01T15:00:00,60,485,,0,0.102,0.364,0.466,0.345
1800.0,m02,2024-01-01T15:00:00,60,486,,0,0.148,0.573,0.721,0.421
1800.0,m05,2024-01-01T15:00:00,60,487,,0,0.205,0.648,0.853,0.629
1800.0,m03,2024-01-01T15:00:00,60,488,,0,0.2,0.733,0.933,0.634
1800.0,m07,2024-01-01T15:15:00,61,489,,0,0.184,0.602,0.786,0.477
1800.0,m02,2024-01-01T15:15:00,61,490,,0,0.264,1.08,1.344,0.653
1800.0,m05,2024-01-01T15:15:00,61,491,,0,0.252,0.687,0.939,0.495
1800.0,m03,2024-01-01T15:15:00,61,492,,0,0.276,1.011,1.287,0.678
1800.0,m08,2024-01-01T15:15:00,61,493,,0,0.225,1.248,1.473,0.648
1800.0,m01,2024-01-01T15:15:00,61,494,,0,0.815,0.736,1.551,0.634
1800.0,m04,2024-01-01T15:15:00,61,495,,0,0.984,0.911,1.895,0.608
1800.0,m06,2024-01-01T15:15:00,61,496,,0,1.248,0.815,2.063,0.51
1800.0,m02,2024-01-01T15:30:00,62,497,,0,0.235,0.816,1.051,0.583
1800.0,m05,2024-01-01T15:30:00,62,498,,0,0.131,0.477,0.608,0.404
1800.0,m03,2024-01-01T15:30:00,62,499,,0,0.246,0.805,1.051,0.613
1800.0,m08,2024-01-01T15:30:00,62,500,,0,0.184,1.063,1.247,0.485
1800.0,m01,2024-01-01T15:30:00,62,501,,0,0.668,0.601,1.269,0.447
1800.0,m04,2024-01-01T15:30:00,62,502,,0,0.77,0.704,1.474,0.477
1800.0,m06,2024-01-01T15:30:00,62,503,,0,0.913,0.699,1.612,0.496
1800.0,m07,2024-01-01T15:30:00,62,504,,0,0.248,0.774,1.022,0.564
1800.0,m02,2024-01-01T15:45:00,63,505,,0,0.216,0.861,1.077,0.591
1800.0,m05,2024-01-01T15:45:00,63,506,,0,0.201,0.705,0.906,0.54
1800.0,m03,2024-01-01T15:45:00,63,507,,0,0.29,1.097,1.387,0.637
1800.0,m08,2024-01-01T15:45:00,63,508,,0,0.174,1.399,1.573,0.639
1800.0,m01,2024-01-01T15:45:00,63,509,,0,0.783,0.809,1.592,0.66
1800.0,m04,2024-01-01T15:45:00,63,510,,0,1.034,0.826,1.86,0.584
1800.0,m06,2024-01-01T15:45:00,63,511,,0,1.173,0.859,2.032,0.468
1800.0,m07,2024-01-01T15:45:00,63,512,,0,0.245,0.841,1.086,0.513
1800.0,m02,2024-01-01T16:00:00,64,513,,0,0.242,0.973,1.215,0.716
1800.0,m05,2024-01-01T16:00:00,64,514,,0,0.165,0.595,0.76,0.429
1800.0,m03,2024-01-01T16:00:00,64,515,,0,0.205,0.772,0.977,0.568
1800.0,m08,2024-01-01T16:00:00,64,516,,0,0.225,1.244,1.469,0.619
1800.0,m01,2024-01-01T16:00:00,64,517,,0,0.718,0.714,1.432,0.643
1800.0,m04,2024-01-01T16:00:00,64,518,,0,0.97,0.827,1.797,0.618
1800.0,m06,2024-01-01T16:00:00,64,519,,0,1.239,0.754,1.993,0.488
1800.0,m07,2024-01-01T16:00:00,64,520,,0,0.154,0.523,0.677,0.473
1800.0,m02,2024-01-01T16:15:00,65,521,,0,0.251,0.986,1.237,0.792
1800.0,m05,2024-01-01T16:15:00,65,522,,0,0.163,0.515,0.678,0.427
1800.0,m03,2024-01-01T16:15:00,65,523,,0,0.217,0.823,1.04,0.542
1800.0,m08,2024-01-01T16:15:00,65,524,,0,0.158,0.979,1.137,0.634
1800.0,m01,2024-01-01T16:15:00,65,525,,0,0.632,0.703,1.335,0.657
1800.0,m04,2024-01-01T16:15:00,65,526,,0,0.743,0.816,1.559,0.621
1800.0,m06,2024-01-01T16:15:00,65,527,,0,0.865,0.781,1.646,0.61
1800.0,m07,2024-01-01T16:15:00,65,528,,0,0.238,0.601,0.839,0.489
1800.0,m02,2024-01-01T16:30:00,66,529,,0,0.314,1.154,1.468,0.712
1800.0,m05,2024-01-01T16:30:00,66,530,,0,0.137,0.407,0.544,0.364
1800.0,m03,2024-01-01T16:30:00,66,531,,0,0.211,0.862,1.073,0.776
1800.0,m08,2024-01-01T16:30:00,66,532,,0,0.187,1.353,1.54,0.732
1800.0,m01,2024-01-01T16:30:00,66,533,,0,0.746,0.873,1.619,0.635
1800.0,m04,2024-01-01T16:30:00,66,534,,0,1.007,0.826,1.833,0.585
1800.0,m06,2024-01-01T16:30:00,66,535,,0,1.208,0.677,1.885,0.561
1800.0,m07,2024-01-01T16:30:00,66,536,,0,0.156,0.547,0.703,0.498
1800.0,m02,2024-01-01T16:45:00,67,537,,0,0.188,0.928,1.116,0.612
1800.0,m05,2024-01-01T16:45:00,67,538,,0,0.343,0.791,1.134,0.507
1800.0,m03,2024-01-01T16:45:00,67,539,,0,0.287,0.992,1.279,0.658
1800.0,m08,2024-01-01T16:45:00,67,540,,0,0.183,1.203,1.386,0.605
1800.0,m01,2024-01-01T16:45:00,67,541,,0,0.793,0.724,1.517,0.606
1800.0,m04,2024-01-01T16:45:00,67,542,,0,0.884,0.767,1.651,0.608
1800.0,m06,2024-01-01T16:45:00,67,543,,0,0.984,0.769,1.753,0.58
1800.0,m07,2024-01-01T16:45:00,67,544,,0,0.264,0.884,1.148,0.567
1800.0,m02,2024-01-01T17:00:00,68,545,,0,0.175,0.905,1.08,0.592
1800.0,m05,2024-01-01T17:00:00,68,546,,0,0.339,0.766,1.105,0.446
1800.0,m03,2024-01-01T17:00:00,68,547,,0,0.195,0.749,0.944,0.623
1800.0,m08,2024-01-01T17:00:00,68,548,,0,0.181,1.359,1.54,0.643
1800.0,m01,2024-01-01T17:00:00,68,549,,0,0.778,0.762,1.54,0.662
1800.0,m04,2024-01-01T17:00:00,68,550,,0,0.945,0.825,1.77,0.583
1800.0,m06,2024-01-01T17:00:00,68,551,,0,1.171,0.634,1.805,0.615
1800.0,m07,2024-01-01T17:00:00,68,552,,0,0.237,0.803,1.04,0.662
1800.0,m02,2024-01-01T17:15:00,69,553,,0,0.143,0.761,0.904,0.495
1800.0,m05,2024-01-01T17:15:00,69,554,,0,0.297,0.653,0.95,0.388
1800.0,m03,2024-01-01T17:15:00,69,555,,0,0.28,0.922,1.202,0.624
1800.0,m08,2024-01-01T17:15:00,69,556,,0,0.196,1.279,1.475,0.679
1800.0,m01,2024-01-01T17:15:00,69,557,,0,0.819,0.713,1.532,0.5
1800.0,m04,2024-01-01T17:15:00,69,558,,0,0.98,0.768,1.748,0.532
1800.0,m06,2024-01-01T17:15:00,69,559,,0,1.191,0.723,1.914,0.452
1800.0,m07,2024-01-01T17:15:00,69,560,,0,0.232,0.863,1.095,0.542
1800.0,m02,2024-01-01T17:30:00,70,561,,0,0.153,0.913,1.066,0.502
1800.0,m05,2024-01-01T17:30:00,70,562,,0,0.391,0.575,0.966,0.556
1800.0,m03,2024-01-01T17:30:00,70,563,,0,0.17,0.697,0.867,0.552
1800.0,m08,2024-01-01T17:30:00,70,564,,0,0.272,1.572,1.844,0.818
1800.0,m01,2024-01-01T17:30:00,70,565,,0,0.831,1.0,1.831,1.27
1800.0,m04,2024-01-01T17:30:00,70,566,,0,1.006,1.668,2.674,0.597
1800.0,m06,2024-01-01T17:30:00,70,567,,0,1.203,1.55,2.753,0.522
1800.0,m07,2024-01-01T17:30:00,70,568,,0,0.131,0.483,0.614,0.377
1800.0,m03,2024-01-01T17:45:00,71,569,,0,0.222,0.932,1.154,0.664
1800.0,m08,2024-01-01T17:45:00,71,570,,0,0.189,1.186,1.375,0.552
1800.0,m01,2024-01-01T17:45:00,71,571,,0,0.773,0.651,1.424,0.473
1800.0,m04,2024-01-01T17:45:00,71,572,,0,0.849,0.786,1.635,0.638
1800.0,m06,2024-01-01T17:45:00,71,573,,0,0.989,0.876,1.865,0.469
1800.0,m07,2024-01-01T17:45:00,71,574,,0,0.254,0.884,1.138,0.715
1800.0,m02,2024-01-01T17:45:00,71,575,,0,0.241,1.33,1.571,0.708
1800.0,m05,2024-01-01T17:45:00,71,576,,0,0.536,0.932,1.468,0.521
1800.0,m03,2024-01-01T18:00:00,72,577,,0,0.108,0.5,0.608,0.383
1800.0,m08,2024-01-01T18:00:00,72,578,,0,0.085,0.693,0.778,0.368
1800.0,m01,2024-01-01T18:00:00,72,579,,0,0.439,0.354,0.793,0.33
1800.0,m04,2024-01-01T18:00:00,72,580,,0,0.647,0.339,0.986,0.282
1800.0,m06,2024-01-01T18:00:00,72,581,,0,0.891,0.383,1.274,0.245
1800.0,m07,2024-01-01T18:00:00,72,582,,0,0.088,0.362,0.45,0.305
1800.0,m02,2024-01-01T18:00:00,72,583,,0,0.29,1.349,1.639,0.639
1800.0,m05,2024-01-01T18:00:00,72,584,,0,0.496,0.822,1.318,0.576
1800.0,m03,2024-01-01T18:15:00,73,585,,0,0.09,0.377,0.467,0.287
1800.0,m08,2024-01-01T18:15:00,73,586,,0,0.179,1.148,1.327,0.733
1800.0,m01,2024-01-01T18:15:00,73,587,,0,0.555,0.939,1.494,0.554
1800.0,m04,2024-01-01T18:15:00,73,588,,0,0.73,1.027,1.757,0.461
1800.0,m06,2024-01-01T18:15:00,73,589,,0,0.86,1.029,1.889,0.379
1800.0,m07,2024-01-01T18:15:00,73,590,,0,0.148,0.539,0.687,0.47
1800.0,m02,2024-01-01T18:15:00,73,591,,0,0.239,1.413,1.652,1.022
1800.0,m05,2024-01-01T18:15:00,73,592,,0,0.566,1.499,2.065,0.387
1800.0,m03,2024-01-01T18:30:00,74,593,,0,0.129,0.46,0.589,0.354
1800.0,m08,2024-01-01T18:30:00,74,594,,0,0.071,0.616,0.687,0.312
1800.0,m01,2024-01-01T18:30:00,74,595,,0,0.395,0.337,0.732,0.397
1800.0,m04,2024-01-01T18:30:00,74,596,,0,0.555,0.389,0.944,0.32
1800.0,m06,2024-01-01T18:30:00,74,597,,0,0.711,0.398,1.109,0.297
1800.0,m07,2024-01-01T18:30:00,74,598,,0,0.086,0.348,0.434,0.302
1800.0,m02,2024-01-01T18:30:00,74,599,,0,0.225,1.012,1.237,0.635
1800.0,m05,2024-01-01T18:30:00,74,600,,0,0.348,0.834,1.182,0.49
1800.0,m08,2024-01-01T18:45:00,75,601,,0,0.147,1.013,1.16,0.497
1800.0,m01,2024-01-01T18:45:00,75,602,,0,0.602,0.469,1.071,0.509
1800.0,m04,2024-01-01T18:45:00,75,603,,0,0.683,0.548,1.231,0.399
1800.0,m06,2024-01-01T18:45:00,75,604,,0,0.886,0.557,1.443,0.424
1800.0,m07,2024-01-01T18:45:00,75,605,,0,0.137,0.638,0.775,0.583
1800.0,m02,2024-01-01T18:45:00,75,606,,0,0.289,1.525,1.814,0.787
1800.0,m05,2024-01-01T18:45:00,75,607,,0,0.611,1.022,1.633,0.524
1800.0,m03,2024-01-01T18:45:00,75,608,,0,0.315,0.853,1.168,0.63
1800.0,m08,2024-01-01T19:00:00,76,609,,0,0.15,0.808,0.958,0.368
1800.0,m01,2024-01-01T19:00:00,76,610,,0,0.573,0.461,1.034,0.451
1800.0,m04,2024-01-01T19:00:00,76,611,,0,0.749,0.567,1.316,0.434
1800.0,m06,2024-01-01T19:00:00,76,612,,0,1.027,0.558,1.585,0.365
1800.0,m07,2024-01-01T19:00:00,76,613,,0,0.087,0.375,0.462,0.324
1800.0,m02,2024-01-01T19:00:00,76,614,,0,0.195,1.033,1.228,0.683
1800.0,m05,2024-01-01T19:00:00,76,615,,0,0.427,0.831,1.258,0.416
1800.0,m03,2024-01-01T19:00:00,76,616,,0,0.245,0.988,1.233,0.662
1800.0,m07,2024-01-01T19:15:00,77,617,,0,0.137,0.604,0.741,0.514
1800.0,m02,2024-01-01T19:15:00,77,618,,0,0.296,1.358,1.654,1.07
1800.0,m05,2024-01-01T19:15:00,77,619,,0,0.529,1.522,2.051,0.411
1800.0,m03,2024-01-01T19:15:00,77,620,,0,0.317,1.049,1.366,0.709
1800.0,m08,2024-01-01T19:15:00,77,621,,0,0.148,1.198,1.346,0.613
1800.0,m01,2024-01-01T19:15:00,77,622,,0,0.684,0.724,1.408,0.664
1800.0,m04,2024-01-01T19:15:00,77,623,,0,0.877,0.79,1.667,0.734
1800.0,m06,2024-01-01T19:15:00,77,624,,0,1.013,0.818,1.831,0.605
1800.0,m02,2024-01-01T19:30:00,78,625,,0,0.203,1.172,1.375,0.645
1800.0,m05,2024-01-01T19:30:00,78,626,,0,0.459,0.861,1.32,0.5
1800.0,m03,2024-01-01T19:30:00,78,627,,0,0.194,0.757,0.951,0.599
1800.0,m08,2024-01-01T19:30:00,78,628,,0,0.153,1.206,1.359,0.599
1800.0,m01,2024-01-01T19:30:00,78,629,,0,0.694,0.667,1.361,0.527
1800.0,m04,2024-01-01T19:30:00,78,630,,0,0.935,0.747,1.682,0.617
1800.0,m06,2024-01-01T19:30:00,78,631,,0,1.12,0.804,1.924,0.405
1800.0,m07,2024-01-01T19:30:00,78,632,,0,0.157,0.549,0.706,0.39
1800.0,m02,2024-01-01T19:45:00,79,633,,0,0.266,1.213,1.479,0.655
1800.0,m05,2024-01-01T19:45:00,79,634,,0,0.486,0.86,1.346,0.545
1800.0,m03,2024-01-01T19:45:00,79,635,,0,0.289,1.041,1.33,0.642
1800.0,m08,2024-01-01T19:45:00,79,636,,0,0.163,1.215,1.378,1.432
1800.0,m01,2024-01-01T19:45:00,79,637,,0,0.733,0.623,1.356,1.015
1800.0,m04,2024-01-01T19:45:00,79,638,,0,0.955,0.715,1.67,0.571
1800.0,m06,2024-01-01T19:45:00,79,639,,0,1.121,0.644,1.765,0.494
1800.0,m07,2024-01-01T19:45:00,79,640,,0,0.256,0.757,1.013,0.551
1800.0,m02,2024-01-01T20:00:00,80,641,,0,0.248,1.309,1.557,0.774
1800.0,m05,2024-01-01T20:00:00,80,642,,0,0.625,0.865,1.49,0.552
1800.0,m03,2024-01-01T20:00:00,80,643,,0,0.206,0.823,1.029,0.689
1800.0,m08,2024-01-01T20:00:00,80,644,,0,0.197,1.418,1.615,0.763
1800.0,m01,2024-01-01T20:00:00,80,645,,0,0.767,0.961,1.728,0.878
1800.0,m04,2024-01-01T20:00:00,80,646,,0,1.053,1.056,2.109,0.787
1800.0,m06,2024-01-01T20:00:00,80,647,,0,1.244,0.976,2.22,0.757
1800.0,m07,2024-01-01T20:00:00,80,648,,0,0.213,0.676,0.889,0.465
1800.0,m02,2024-01-01T20:15:00,81,649,,0,0.233,1.184,1.417,1.019
1800.0,m05,2024-01-01T20:15:00,81,650,,0,0.489,1.41,1.899,0.357
1800.0,m03,2024-01-01T20:15:00,81,651,,0,0.335,0.992,1.327,0.621
1800.0,m08,2024-01-01T20:15:00,81,652,,0,0.247,1.455,1.702,0.53
1800.0,m01,2024-01-01T20:15:00,81,653,,0,0.704,0.662,1.366,0.498
1800.0,m04,2024-01-01T20:15:00,81,654,,0,0.776,0.806,1.582,0.544
1800.0,m06,2024-01-01T20:15:00,81,655,,0,0.969,0.821,1.79,0.393
1800.0,m07,2024-01-01T20:15:00,81,656,,0,0.158,0.469,0.627,0.426
1800.0,m02,2024-01-01T20:30:00,82,657,,0,0.143,0.837,0.98,0.491
1800.0,m05,2024-01-01T20:30:00,82,658,,0,0.335,0.649,0.984,0.405
1800.0,m03,2024-01-01T20:30:00,82,659,,0,0.166,0.631,0.797,0.525
1800.0,m08,2024-01-01T20:30:00,82,660,,0,0.189,1.243,1.432,0.658
1800.0,m01,2024-01-01T20:30:00,82,661,,0,0.809,0.745,1.554,0.802
1800.0,m04,2024-01-01T20:30:00,82,662,,0,0.916,0.865,1.781,0.677
1800.0,m06,2024-01-01T20:30:00,82,663,,0,1.08,0.79,1.87,0.662
1800.0,m07,2024-01-01T20:30:00,82,664,,0,0.141,0.516,0.657,0.462
1800.0,m02,2024-01-01T20:45:00,83,665,,0,0.213,1.081,1.294,0.669
1800.0,m05,2024-01-01T20:45:00,83,666,,0,0.405,0.906,1.311,0.523
1800.0,m03,2024-01-01T20:45:00,83,667,,0,0.215,0.853,1.068,0.593
1800.0,m08,2024-01-01T20:45:00,83,668,,0,0.179,1.16,1.339,0.601
1800.0,m01,2024-01-01T20:45:00,83,669,,0,0.775,0.647,1.422,0.487
1800.0,m04,2024-01-01T20:45:00,83,670,,0,0.905,0.73,1.635,0.513
1800.0,m06,2024-01-01T20:45:00,83,671,,0,1.099,0.696,1.795,0.377
1800.0,m07,2024-01-01T20:45:00,83,672,,0,0.163,0.597,0.76,0.521
1800.0,m02,2024-01-01T21:00:00,84,673,,0,0.147,0.77,0.917,0.528
1800.0,m05,2024-01-01T21:00:00,84,674,,0,0.287,0.7,0.987,0.455
1800.0,m03,2024-01-01T21:00:00,84,675,,0,0.206,0.785,0.991,0.622
1800.0,m08,2024-01-01T21:00:00,84,676,,0,0.157,1.209,1.366,0.525
1800.0,m01,2024-01-01T21:00:00,84,677,,0,0.704,0.614,1.318,0.675
1800.0,m04,2024-01-01T21:00:00,84,678,,0,0.959,0.821,1.78,0.592
1800.0,m06,2024-01-01T21:00:00,84,679,,0,1.082,0.894,1.976,0.49
1800.0,m07,2024-01-01T21:00:00,84,680,,0,0.154,0.559,0.713,0.464
1800.0,m02,2024-01-01T21:15:00,85,681,,0,0.076,0.468,0.544,0.443
1800.0,m05,2024-01-01T21:15:00,85,682,,0,0.232,0.642,0.874,0.274
1800.0,m03,2024-01-01T21:15:00,85,683,,0,0.101,0.394,0.495,0.332
1800.0,m08,2024-01-01T21:15:00,85,684,,0,0.073,0.646,0.719,0.391
1800.0,m01,2024-01-01T21:15:00,85,685,,0,0.418,0.358,0.776,0.376
1800.0,m04,2024-01-01T21:15:00,85,686,,0,0.59,0.397,0.987,0.363
1800.0,m06,2024-01-01T21:15:00,85,687,,0,0.758,0.436,1.194,0.334
1800.0,m07,2024-01-01T21:15:00,85,688,,0,0.132,0.517,0.649,0.452
1800.0,m02,2024-01-01T21:30:00,86,689,,0,0.149,0.842,0.991,0.506
1800.0,m05,2024-01-01T21:30:00,86,690,,0,0.329,0.689,1.018,0.359
1800.0,m03,2024-01-01T21:30:00,86,691,,0,0.225,0.842,1.067,0.638
1800.0,m08,2024-01-01T21:30:00,86,692,,0,0.251,1.729,1.98,0.562
1800.0,m01,2024-01-01T21:30:00,86,693,,0,0.998,0.649,1.647,0.623
1800.0,m04,2024-01-01T21:30:00,86,694,,0,0.983,0.738,1.721,0.56
1800.0,m06,2024-01-01T21:30:00,86,695,,0,1.029,0.624,1.653,0.583
1800.0,m07,2024-01-01T21:30:00,86,696,,0,0.166,0.599,0.765,1.195
1800.0,m02,2024-01-01T21:45:00,87,697,,0,0.138,0.737,0.875,0.54
1800.0,m05,2024-01-01T21:45:00,87,698,,0,0.287,0.653,0.94,0.379
1800.0,m03,2024-01-01T21:45:00,87,699,,0,0.187,0.711,0.898,0.652
1800.0,m08,2024-01-01T21:45:00,87,700,,0,0.176,1.356,1.532,0.619
1800.0,m01,2024-01-01T21:45:00,87,701,,0,0.775,0.744,1.519,0.638
1800.0,m04,2024-01-01T21:45:00,87,702,,0,0.861,0.826,1.687,0.694
1800.0,m06,2024-01-01T21:45:00,87,703,,0,0.972,0.77,1.742,0.722
1800.0,m07,2024-01-01T21:45:00,87,704,,0,0.161,0.627,0.788,0.626
1800.0,m03,2024-01-01T22:00:00,88,705,,0,0.21,0.855,1.065,0.664
1800.0,m08,2024-01-01T22:00:00,88,706,,0,0.18,1.131,1.311,0.503
1800.0,m01,2024-01-01T22:00:00,88,707,,0,0.758,0.495,1.253,0.483
1800.0,m04,2024-01-01T22:00:00,88,708,,0,0.811,0.64,1.451,0.534
1800.0,m06,2024-01-01T22:00:00,88,709,,0,0.935,0.664,1.599,0.459
1800.0,m07,2024-01-01T22:00:00,88,710,,0,0.18,0.635,0.815,0.496
1800.0,m02,2024-01-01T22:00:00,88,711,,0,0.162,0.909,1.071,0.657
1800.0,m05,2024-01-01T22:00:00,88,712,,0,0.343,0.831,1.174,0.447
1800.0,m03,2024-01-01T22:15:00,89,713,,0,0.188,0.774,0.962,0.633
1800.0,m08,2024-01-01T22:15:00,89,714,,0,0.134,1.081,1.215,0.633
1800.0,m01,2024-01-01T22:15:00,89,715,,0,0.635,0.737,1.372,0.662
1800.0,m04,2024-01-01T22:15:00,89,716,,0,0.849,0.799,1.648,0.592
1800.0,m06,2024-01-01T22:15:00,89,717,,0,1.042,0.68,1.722,0.579
1800.0,m07,2024-01-01T22:15:00,89,718,,0,0.263,0.838,1.101,0.573
1800.0,m02,2024-01-01T22:15:00,89,719,,0,0.214,1.251,1.465,0.69
1800.0,m05,2024-01-01T22:15:00,89,720,,0,0.533,0.88,1.413,0.586
1800.0,m03,2024-01-01T22:30:00,90,721,,0,0.15,0.587,0.737,0.418
1800.0,m08,2024-01-01T22:30:00,90,722,,0,0.113,0.79,0.903,0.43
1800.0,m01,2024-01-01T22:30:00,90,723,,0,0.406,0.561,0.967,0.473
1800.0,m04,2024-01-01T22:30:00,90,724,,0,0.548,0.65,1.198,0.468
1800.0,m06,2024-01-01T22:30:00,90,725,,0,0.66,0.674,1.334,0.422
1800.0,m07,2024-01-01T22:30:00,90,726,,0,0.216,0.758,0.974,0.534
1800.0,m02,2024-01-01T22:30:00,90,727,,0,0.297,1.355,1.652,0.79
1800.0,m05,2024-01-01T22:30:00,90,728,,0,0.458,0.993,1.451,0.606
1800.0,m03,2024-01-01T22:45:00,91,729,,0,0.206,0.751,0.957,0.489
1800.0,m08,2024-01-01T22:45:00,91,730,,0,0.143,1.084,1.227,0.662
1800.0,m01,2024-01-01T22:45:00,91,731,,0,0.606,0.794,1.4,0.614
1800.0,m04,2024-01-01T22:45:00,91,732,,0,0.836,0.883,1.719,0.437
1800.0,m06,2024-01-01T22:45:00,91,733,,0,1.011,0.871,1.882,0.358
1800.0,m07,2024-01-01T22:45:00,91,734,,0,0.131,0.454,0.585,0.364
1800.0,m02,2024-01-01T22:45:00,91,735,,0,0.217,1.047,1.264,0.693
1800.0,m05,2024-01-01T22:45:00,91,736,,0,0.44,0.812,1.252,0.572
1800.0,m08,2024-01-01T23:00:00,92,737,,0,0.145,1.043,1.188,0.71
1800.0,m01,2024-01-01T23:00:00,92,738,,0,0.504,0.842,1.346,0.534
1800.0,m04,2024-01-01T23:00:00,92,739,,0,0.66,1.042,1.702,0.523
1800.0,m06,2024-01-01T23:00:00,92,740,,0,0.768,1.098,1.866,0.514
1800.0,m07,2024-01-01T23:00:00,92,741,,0,0.126,0.512,0.638,0.414
1800.0,m02,2024-01-01T23:00:00,92,742,,0,0.309,1.273,1.582,0.761
1800.0,m05,2024-01-01T23:00:00,92,743,,0,0.471,0.919,1.39,0.52
1800.0,m03,2024-01-01T23:00:00,92,744,,0,0.196,0.797,0.993,0.636
1800.0,m08,2024-01-01T23:15:00,93,745,,0,0.139,0.96,1.099,0.43
1800.0,m01,2024-01-01T23:15:00,93,746,,0,0.562,0.643,1.205,0.452
1800.0,m04,2024-01-01T23:15:00,93,747,,0,0.859,0.619,1.478,0.389
1800.0,m06,2024-01-01T23:15:00,93,748,,0,1.131,0.576,1.707,0.511
1800.0,m07,2024-01-01T23:15:00,93,749,,0,0.229,0.62,0.849,0.411
1800.0,m02,2024-01-01T23:15:00,93,750,,0,0.186,0.995,1.181,0.641
1800.0,m05,2024-01-01T23:15:00,93,751,,0,0.384,0.819,1.203,0.487
1800.0,m03,2024-01-01T23:15:00,93,752,,0,0.226,0.905,1.131,0.728
1800.0,m07,2024-01-01T23:30:00,94,753,,0,0.221,0.635,0.856,0.457
1800.0,m02,2024-01-01T23:30:00,94,754,,0,0.216,1.188,1.404,0.764
1800.0,m05,2024-01-01T23:30:00,94,755,,0,0.477,0.975,1.452,0.578
1800.0,m03,2024-01-01T23:30:00,94,756,,0,0.243,0.967,1.21,0.743
1800.0,m08,2024-01-01T23:30:00,94,757,,0,0.199,1.491,1.69,0.826
1800.0,m01,2024-01-01T23:30:00,94,758,,0,0.743,1.082,1.825,0.629
1800.0,m04,2024-01-01T23:30:00,94,759,,0,0.948,1.111,2.059,0.589
1800.0,m06,2024-01-01T23:30:00,94,760,,0,1.13,1.025,2.155,0.512
1800.0,m02,2024-01-01T23:45:00,95,761,,0,0.224,1.191,1.415,0.63
1800.0,m05,2024-01-01T23:45:00,95,762,,0,0.457,0.872,1.329,0.442
1800.0,m03,2024-01-01T23:45:00,95,763,,0,0.208,0.807,1.015,0.584
1800.0,m08,2024-01-01T23:45:00,95,764,,0,0.198,1.422,1.62,0.643
1800.0,m01,2024-01-01T23:45:00,95,765,,0,0.764,0.807,1.571,0.733
1800.0,m04,2024-01-01T23:45:00,95,766,,0,0.941,0.913,1.854,0.718
1800.0,m06,2024-01-01T23:45:00,95,767,,0,1.06,0.879,1.939,0.663
1800.0,m07,2024-01-01T23:45:00,95,768,,0,0.147,0.548,0.695,0.448
3600.0,m04,2024-01-01T00:00:00,0,1,,0,0.46,1.223,1.683,1.05
3600.0,m03,2024-01-01T00:00:00,0,2,,0,0.158,1.007,1.165,0.627
3600.0,m02,2024-01-01T00:00:00,0,3,,0,0.221,1.168,1.389,0.656
3600.0,m01,2024-01-01T00:00:00,0,4,,0,0.554,0.72,1.274,0.632
3600.0,m07,2024-01-01T00:00:00,0,5,,0,0.189,1.434,1.623,0.872
3600.0,m08,2024-01-01T00:00:00,0,6,,0,0.802,0.993,1.795,0.811
3600.0,m06,2024-01-01T00:00:00,0,7,,0,1.032,1.037,2.069,0.559
3600.0,m05,2024-01-01T00:00:00,0,8,,0,0.246,0.873,1.119,0.765
3600.0,m04,2024-01-01T00:15:00,1,9,,0,0.248,1.306,1.554,0.811
3600.0,m03,2024-01-01T00:15:00,1,10,,0,0.506,1.085,1.591,0.54
3600.0,m02,2024-01-01T00:15:00,1,11,,0,0.322,1.187,1.509,0.706
3600.0,m01,2024-01-01T00:15:00,1,12,,0,0.42,0.926,1.346,0.604
3600.0,m07,2024-01-01T00:15:00,1,13,,0,0.192,1.188,1.38,0.637
3600.0,m08,2024-01-01T00:15:00,1,14,,0,0.563,0.829,1.392,0.598
3600.0,m06,2024-01-01T00:15:00,1,15,,0,0.737,0.859,1.596,0.447
3600.0,m05,2024-01-01T00:15:00,1,16,,0,0.154,0.552,0.706,0.463
3600.0,m04,2024-01-01T00:30:00,2,17,,0,0.22,1.15,1.37,0.785
3600.0,m03,2024-01-01T00:30:00,2,18,,0,0.431,0.898,1.329,0.524
3600.0,m02,2024-01-01T00:30:00,2,19,,0,0.213,1.148,1.361,0.919
3600.0,m01,2024-01-01T00:30:00,2,20,,0,0.521,1.017,1.538,0.676
3600.0,m07,2024-01-01T00:30:00,2,21,,0,0.22,1.39,1.61,1.135
3600.0,m08,2024-01-01T00:30:00,2,22,,0,0.736,1.483,2.219,0.352
3600.0,m06,2024-01-01T00:30:00,2,23,,0,1.861,0.495,2.356,0.424
3600.0,m05,2024-01-01T00:30:00,2,24,,0,0.175,0.61,0.785,0.561
3600.0,m04,2024-01-01T00:45:00,3,25,,0,0.201,1.109,1.31,0.708
3600.0,m03,2024-01-01T00:45:00,3,26,,0,0.397,0.993,1.39,0.484
3600.0,m02,2024-01-01T00:45:00,3,27,,0,0.205,0.994,1.199,0.628
3600.0,m01,2024-01-01T00:45:00,3,28,,0,0.412,0.793,1.205,0.502
3600.0,m07,2024-01-01T00:45:00,3,29,,0,0.161,1.067,1.228,0.677
3600.0,m08,2024-01-01T00:45:00,3,30,,0,0.55,0.675,1.225,0.568
3600.0,m06,2024-01-01T00:45:00,3,31,,0,0.764,0.801,1.565,0.437
3600.0,m05,2024-01-01T00:45:00,3,32,,0,0.284,0.625,0.909,0.547
3600.0,m04,2024-01-01T01:00:00,4,33,,0,0.29,1.386,1.676,0.854
3600.0,m03,2024-01-01T01:00:00,4,34,,0,0.452,1.121,1.573,0.755
3600.0,m02,2024-01-01T01:00:00,4,35,,0,0.162,0.921,1.083,0.605
3600.0,m01,2024-01-01T01:00:00,4,36,,0,0.361,0.749,1.11,0.455
3600.0,m07,2024-01-01T01:00:00,4,37,,0,0.225,1.113,1.338,0.739
3600.0,m08,2024-01-01T01:00:00,4,38,,0,0.508,0.933,1.441,0.651
3600.0,m06,2024-01-01T01:00:00,4,39,,0,0.691,1.044,1.735,0.424
3600.0,m05,2024-01-01T01:00:00,4,40,,0,0.175,0.605,0.78,0.445
3600.0,m04,2024-01-01T01:15:00,5,41,,0,0.202,1.043,1.245,0.692
3600.0,m03,2024-01-01T01:15:00,5,42,,0,0.388,0.852,1.24,0.449
3600.0,m02,2024-01-01T01:15:00,5,43,,0,0.191,0.889,1.08,0.522
3600.0,m01,2024-01-01T01:15:00,5,44,,0,0.309,0.674,0.983,0.386
3600.0,m07,2024-01-01T01:15:00,5,45,,0,0.282,1.514,1.796,0.576
3600.0,m08,2024-01-01T01:15:00,5,46,,0,0.752,0.744,1.496,0.655
3600.0,m06,2024-01-01T01:15:00,5,47,,0,0.775,0.809,1.584,0.509
3600.0,m05,2024-01-01T01:15:00,5,48,,0,0.235,0.731,0.966,0.456
3600.0,m04,2024-01-01T01:30:00,6,49,,0,0.203,1.005,1.208,0.592
3600.0,m03,2024-01-01T01:30:00,6,50,,0,0.363,0.791,1.154,0.505
3600.0,m02,2024-01-01T01:30:00,6,51,,0,0.156,0.894,1.05,0.71
3600.0,m01,2024-01-01T01:30:00,6,52,,0,0.35,0.881,1.231,0.56
3600.0,m07,2024-01-01T01:30:00,6,53,,0,0.255,1.567,1.822,0.646
3600.0,m08,2024-01-01T01:30:00,6,54,,0,0.768,0.852,1.62,0.73
3600.0,m06,2024-01-01T01:30:00,6,55,,0,0.792,0.949,1.741,0.569
3600.0,m05,2024-01-01T01:30:00,6,56,,0,0.235,0.73,0.965,0.48
3600.0,m04,2024-01-01T01:45:00,7,57,,0,0.153,0.809,0.962,0.498
3600.0,m03,2024-01-01T01:45:00,7,58,,0,0.328,0.637,0.965,0.369
3600.0,m02,2024-01-01T01:45:00,7,59,,0,0.146,0.956,1.102,0.603
3600.0,m01,2024-01-01T01:45:00,7,60,,0,0.334,0.748,1.082,0.511
3600.0,m07,2024-01-01T01:45:00,7,61,,0,0.153,0.937,1.09,0.567
3600.0,m08,2024-01-01T01:45:00,7,62,,0,0.424,0.745,1.169,0.553
3600.0,m06,2024-01-01T01:45:00,7,63,,0,0.565,0.818,1.383,0.444
3600.0,m05,2024-01-01T01:45:00,7,64,,0,0.265,0.608,0.873,0.567
3600.0,m04,2024-01-01T02:00:00,8,65,,0,0.161,0.767,0.928,0.54
3600.0,m03,2024-01-01T02:00:00,8,66,,0,0.294,0.68,0.974,0.414
3600.0,m02,2024-01-01T02:00:00,8,67,,0,0.099,0.537,0.636,0.373
3600.0,m01,2024-01-01T02:00:00,8,68,,0,0.227,0.468,0.695,0.348
3600.0,m07,2024-01-01T02:00:00,8,69,,0,0.246,1.103,1.349,0.615
3600.0,m08,2024-01-01T02:00:00,8,70,,0,0.533,0.76,1.293,0.632
3600.0,m06,2024-01-01T02:00:00,8,71,,0,0.672,0.833,1.505,0.495
3600.0,m05,2024-01-01T02:00:00,8,72,,0,0.164,0.802,0.966,0.628
3600.0,m02,2024-01-01T02:15:00,9,73,,0,0.141,0.788,0.929,0.919
3600.0,m01,2024-01-01T02:15:00,9,74,,0,0.291,1.081,1.372,0.38
3600.0,m07,2024-01-01T02:15:00,9,75,,0,0.132,0.796,0.928,0.518
3600.0,m08,2024-01-01T02:15:00,9,76,,0,0.393,0.632,1.025,0.51
3600.0,m06,2024-01-01T02:15:00,9,77,,0,0.545,0.681,1.226,0.4
3600.0,m05,2024-01-01T02:15:00,9,78,,0,0.172,0.573,0.745,0.497
3600.0,m04,2024-01-01T02:15:00,9,79,,0,0.214,1.027,1.241,0.501
3600.0,m03,2024-01-01T02:15:00,9,80,,0,0.396,0.633,1.029,0.416
3600.0,m02,2024-01-01T02:30:00,10,81,,0,0.127,0.726,0.853,0.466
3600.0,m01,2024-01-01T02:30:00,10,82,,0,0.272,0.615,0.887,0.323
3600.0,m07,2024-01-01T02:30:00,10,83,,0,0.127,0.801,0.928,0.919
3600.0,m08,2024-01-01T02:30:00,10,84,,0,0.385,1.171,1.556,0.35
3600.0,m06,2024-01-01T02:30:00,10,85,,0,1.319,0.44,1.759,0.341
3600.0,m05,2024-01-01T02:30:00,10,86,,0,0.138,0.498,0.636,0.367
3600.0,m04,2024-01-01T02:30:00,10,87,,0,0.186,1.0,1.186,0.67
3600.0,m03,2024-01-01T02:30:00,10,88,,0,0.366,0.9,1.266,0.468
3600.0,m07,2024-01-01T02:45:00,11,89,,0,0.134,0.864,0.998,0.51
3600.0,m08,2024-01-01T02:45:00,11,90,,0,0.389,0.649,1.038,0.426
3600.0,m06,2024-01-01T02:45:00,11,91,,0,0.531,0.651,1.182,0.371
3600.0,m05,2024-01-01T02:45:00,11,92,,0,0.121,0.446,0.567,0.364
3600.0,m04,2024-01-01T02:45:00,11,93,,0,0.229,1.133,1.362,0.593
3600.0,m03,2024-01-01T02:45:00,11,94,,0,0.437,0.811,1.248,0.467
3600.0,m02,2024-01-01T02:45:00,11,95,,0,0.194,1.125,1.319,0.62
3600.0,m01,2024-01-01T02:45:00,11,96,,0,0.467,0.812,1.279,0.493
3600.0,m07,2024-01-01T03:00:00,12,97,,0,0.141,0.914,1.055,0.525
3600.0,m08,2024-01-01T03:00:00,12,98,,0,0.484,0.587,1.071,0.485
3600.0,m06,2024-01-01T03:00:00,12,99,,0,0.801,0.577,1.378,0.351
3600.0,m05,2024-01-01T03:00:00,12,100,,0,0.116,0.412,0.528,0.339
3600.0,m04,2024-01-01T03:00:00,12,101,,0,0.181,0.856,1.037,0.518
3600.0,m03,2024-01-01T03:00:00,12,102,,0,0.345,0.679,1.024,0.456
3600.0,m02,2024-01-01T03:00:00,12,103,,0,0.195,1.055,1.25,0.59
3600.0,m01,2024-01-01T03:00:00,12,104,,0,0.418,0.781,1.199,0.529
3600.0,m05,2024-01-01T03:15:00,13,105,,0,0.172,0.674,0.846,0.424
3600.0,m04,2024-01-01T03:15:00,13,106,,0,0.233,1.155,1.388,0.776
3600.0,m03,2024-01-01T03:15:00,13,107,,0,0.431,0.997,1.428,0.557
3600.0,m02,2024-01-01T03:15:00,13,108,,0,0.178,0.908,1.086,0.558
3600.0,m01,2024-01-01T03:15:00,13,109,,0,0.366,0.737,1.103,0.433
3600.0,m07,2024-01-01T03:15:00,13,110,,0,0.216,1.339,1.555,0.682
3600.0,m08,2024-01-01T03:15:00,13,111,,0,0.627,0.921,1.548,0.608
3600.0,m06,2024-01-01T03:15:00,13,112,,0,0.84,0.892,1.732,0.439
3600.0,m04,2024-01-01T03:30:00,14,113,,0,0.302,1.286,1.588,0.682
3600.0,m03,2024-01-01T03:30:00,14,114,,0,0.394,0.923,1.317,0.603
3600.0,m02,2024-01-01T03:30:00,14,115,,0,0.176,0.925,1.101,0.485
3600.0,m01,2024-01-01T03:30:00,14,116,,0,0.371,0.653,1.024,0.402
3600.0,m07,2024-01-01T03:30:00,14,117,,0,0.259,1.222,1.481,0.563
3600.0,m08,2024-01-01T03:30:00,14,118,,0,0.467,0.683,1.15,0.672
3600.0,m06,2024-01-01T03:30:00,14,119,,0,0.611,0.753,1.364,0.53
3600.0,m05,2024-01-01T03:30:00,14,120,,0,0.168,0.59,0.758,0.481
3600.0,m04,2024-01-01T03:45:00,15,121,,0,0.298,1.426,1.724,0.817
3600.0,m03,2024-01-01T03:45:00,15,122,,0,0.541,1.031,1.572,0.648
3600.0,m02,2024-01-01T03:45:00,15,123,,0,0.236,1.331,1.567,0.618
3600.0,m01,2024-01-01T03:45:00,15,124,,0,0.671,0.727,1.398,0.656
3600.0,m07,2024-01-01T03:45:00,15,125,,0,0.248,1.487,1.735,0.598
3600.0,m08,2024-01-01T03:45:00,15,126,,0,0.743,0.744,1.487,0.668
3600.0,m06,2024-01-01T03:45:00,15,127,,0,0.779,0.804,1.583,0.513
3600.0,m05,2024-01-01T03:45:00,15,128,,0,0.188,0.695,0.883,0.571
3600.0,m04,2024-01-01T04:00:00,16,129,,0,0.232,1.071,1.303,0.738
3600.0,m03,2024-01-01T04:00:00,16,130,,0,0.399,0.95,1.349,0.625
3600.0,m02,2024-01-01T04:00:00,16,131,,0,0.184,1.185,1.369,0.584
3600.0,m01,2024-01-01T04:00:00,16,132,,0,0.495,0.851,1.346,0.524
3600.0,m07,2024-01-01T04:00:00,16,133,,0,0.17,1.093,1.263,0.658
3600.0,m08,2024-01-01T04:00:00,16,134,,0,0.568,0.747,1.315,0.667
3600.0,m06,2024-01-01T04:00:00,16,135,,0,0.821,0.939,1.76,0.525
3600.0,m05,2024-01-01T04:00:00,16,136,,0,0.271,1.056,1.327,2.313
3600.0,m04,2024-01-01T04:15:00,17,137,,0,0.28,1.362,1.642,0.854
3600.0,m03,2024-01-01T04:15:00,17,138,,0,0.528,1.066,1.594,0.567
3600.0,m02,2024-01-01T04:15:00,17,139,,0,0.311,1.238,1.549,0.643
3600.0,m01,2024-01-01T04:15:00,17,140,,0,0.49,0.781,1.271,0.612
3600.0,m07,2024-01-01T04:15:00,17,141,,0,0.196,1.363,1.559,1.19
3600.0,m08,2024-01-01T04:15:00,17,142,,0,0.759,1.549,2.308,0.38
3600.0,m06,2024-01-01T04:15:00,17,143,,0,1.865,0.548,2.413,0.417
3600.0,m05,2024-01-01T04:15:00,17,144,,0,0.166,0.542,0.708,0.444
3600.0,m04,2024-01-01T04:30:00,18,145,,0,0.191,0.926,1.117,0.575
3600.0,m03,2024-01-01T04:30:00,18,146,,0,0.342,0.749,1.091,0.448
3600.0,m02,2024-01-01T04:30:00,18,147,,0,0.177,0.772,0.949,0.438
3600.0,m01,2024-01-01T04:30:00,18,148,,0,0.286,0.567,0.853,0.409
3600.0,m07,2024-01-01T04:30:00,18,149,,0,0.196,1.225,1.421,0.616
3600.0,m08,2024-01-01T04:30:00,18,150,,0,0.593,0.782,1.375,0.643
3600.0,m06,2024-01-01T04:30:00,18,151,,0,0.764,0.799,1.563,0.501
3600.0,m05,2024-01-01T04:30:00,18,152,,0,0.17,0.571,0.741,0.462
3600.0,m04,2024-01-01T04:45:00,19,153,,0,0.205,1.07,1.275,0.675
3600.0,m03,2024-01-01T04:45:00,19,154,,0,0.418,0.862,1.28,0.498
3600.0,m02,2024-01-01T04:45:00,19,155,,0,0.232,1.088,1.32,0.509
3600.0,m01,2024-01-01T04:45:00,19,156,,0,0.45,0.614,1.064,0.595
3600.0,m07,2024-01-01T04:45:00,19,157,,0,0.196,1.043,1.239,0.523
3600.0,m08,2024-01-01T04:45:00,19,158,,0,0.434,0.693,1.127,0.47
3600.0,m06,2024-01-01T04:45:00,19,159,,0,0.576,0.715,1.291,0.352
3600.0,m05,2024-01-01T04:45:00,19,160,,0,0.231,0.885,1.116,0.622
3600.0,m04,2024-01-01T05:00:00,20,161,,0,0.173,0.931,1.104,0.659
3600.0,m03,2024-01-01T05:00:00,20,162,,0,0.335,0.839,1.174,0.52
3600.0,m02,2024-01-01T05:00:00,20,163,,0,0.134,0.745,0.879,0.502
3600.0,m01,2024-01-01T05:00:00,20,164,,0,0.311,0.625,0.936,0.462
3600.0,m07,2024-01-01T05:00:00,20,165,,0,0.188,1.141,1.329,0.605
3600.0,m08,2024-01-01T05:00:00,20,166,,0,0.564,0.759,1.323,0.689
3600.0,m06,2024-01-01T05:00:00,20,167,,0,0.7,0.89,1.59,0.452
3600.0,m05,2024-01-01T05:00:00,20,168,,0,0.309,0.928,1.237,0.598
3600.0,m04,2024-01-01T05:15:00,21,169,,0,0.201,0.978,1.179,0.582
3600.0,m03,2024-01-01T05:15:00,21,170,,0,0.382,0.76,1.142,0.513
3600.0,m02,2024-01-01T05:15:00,21,171,,0,0.195,0.731,0.926,0.623
3600.0,m01,2024-01-01T05:15:00,21,172,,0,0.326,0.684,1.01,0.541
3600.0,m07,2024-01-01T05:15:00,21,173,,0,0.209,1.382,1.591,0.772
3600.0,m08,2024-01-01T05:15:00,21,174,,0,0.617,1.095,1.712,0.641
3600.0,m06,2024-01-01T05:15:00,21,175,,0,0.883,1.094,1.977,0.426
3600.0,m05,2024-01-01T05:15:00,21,176,,0,0.25,0.864,1.114,0.734
3600.0,m04,2024-01-01T05:30:00,22,177,,0,0.137,0.703,0.84,0.456
3600.0,m03,2024-01-01T05:30:00,22,178,,0,0.274,0.599,0.873,0.363
3600.0,m02,2024-01-01T05:30:00,22,179,,0,0.118,0.659,0.777,0.489
3600.0,m01,2024-01-01T05:30:00,22,180,,0,0.26,0.608,0.868,0.37
3600.0,m07,2024-01-01T05:30:00,22,181,,0,0.276,1.571,1.847,0.613
3600.0,m08,2024-01-01T05:30:00,22,182,,0,0.782,0.77,1.552,0.669
3600.0,m06,2024-01-01T05:30:00,22,183,,0,0.815,0.81,1.625,0.558
3600.0,m05,2024-01-01T05:30:00,22,184,,0,0.246,0.849,1.095,0.611
3600.0,m02,2024-01-01T05:45:00,23,185,,0,0.149,0.91,1.059,0.492
3600.0,m01,2024-01-01T05:45:00,23,186,,0,0.354,0.719,1.073,0.391
3600.0,m07,2024-01-01T05:45:00,23,187,,0,0.225,1.398,1.623,0.642
3600.0,m08,2024-01-01T05:45:00,23,188,,0,0.685,0.823,1.508,0.625
3600.0,m06,2024-01-01T05:45:00,23,189,,0,0.746,0.876,1.622,0.501
3600.0,m05,2024-01-01T05:45:00,23,190,,0,0.169,0.639,0.808,0.569
3600.0,m04,2024-01-01T05:45:00,23,191,,0,0.317,1.43,1.747,0.655
3600.0,m03,2024-01-01T05:45:00,23,192,,0,0.524,0.841,1.365,0.44
3600.0,m02,2024-01-01T06:00:00,24,193,,0,0.134,0.756,0.89,0.423
3600.0,m01,2024-01-01T06:00:00,24,194,,0,0.324,0.496,0.82,0.433
3600.0,m07,2024-01-01T06:00:00,24,195,,0,0.145,0.852,0.997,0.528
3600.0,m08,2024-01-01T06:00:00,24,196,,0,0.401,0.664,1.065,0.507
3600.0,m06,2024-01-01T06:00:00,24,197,,0,0.56,0.699,1.259,0.4
3600.0,m05,2024-01-01T06:00:00,24,198,,0,0.161,0.519,0.68,0.437
3600.0,m04,2024-01-01T06:00:00,24,199,,0,0.226,1.328,1.554,0.796
3600.0,m03,2024-01-01T06:00:00,24,200,,0,0.575,1.02,1.595,0.55
3600.0,m07,2024-01-01T06:15:00,25,201,,0,0.134,0.876,1.01,1.02
3600.0,m08,2024-01-01T06:15:00,25,202,,0,0.417,1.164,1.581,0.432
3600.0,m06,2024-01-01T06:15:00,25,203,,0,1.26,0.621,1.881,0.454
3600.0,m05,2024-01-01T06:15:00,25,204,,0,0.138,0.444,0.582,0.385
3600.0,m04,2024-01-01T06:15:00,25,205,,0,0.198,1.02,1.218,0.568
3600.0,m03,2024-01-01T06:15:00,25,206,,0,0.357,0.783,1.14,0.441
3600.0,m02,2024-01-01T06:15:00,25,207,,0,0.138,0.699,0.837,0.475
3600.0,m01,2024-01-01T06:15:00,25,208,,0,0.304,0.591,0.895,0.49
3600.0,m07,2024-01-01T06:30:00,26,209,,0,0.122,0.795,0.917,0.534
3600.0,m08,2024-01-01T06:30:00,26,210,,0,0.37,0.69,1.06,0.487
3600.0,m06,2024-01-01T06:30:00,26,211,,0,0.544,0.739,1.283,0.339
3600.0,m05,2024-01-01T06:30:00,26,212,,0,0.103,0.343,0.446,0.283
3600.0,m04,2024-01-01T06:30:00,26,213,,0,0.237,1.186,1.423,0.687
3600.0,m03,2024-01-01T06:30:00,26,214,,0,0.454,0.916,1.37,0.53
3600.0,m02,2024-01-01T06:30:00,26,215,,0,0.279,1.273,1.552,0.6
3600.0,m01,2024-01-01T06:30:00,26,216,,0,0.505,0.766,1.271,0.557
3600.0,m05,2024-01-01T06:45:00,27,217,,0,0.117,0.411,0.528,0.41
3600.0,m04,2024-01-01T06:45:00,27,218,,0,0.233,1.17,1.403,0.675
3600.0,m03,2024-01-01T06:45:00,27,219,,0,0.447,0.885,1.332,0.602
3600.0,m02,2024-01-01T06:45:00,27,220,,0,0.254,1.286,1.54,0.757
3600.0,m01,2024-01-01T06:45:00,27,221,,0,0.501,0.98,1.481,0.744
3600.0,m07,2024-01-01T06:45:00,27,222,,0,0.185,1.163,1.348,0.63
3600.0,m08,2024-01-01T06:45:00,27,223,,0,0.57,0.783,1.353,0.524
3600.0,m06,2024-01-01T06:45:00,27,224,,0,0.801,0.672,1.473,0.481
3600.0,m05,2024-01-01T07:00:00,28,225,,0,0.098,0.427,0.525,0.351
3600.0,m04,2024-01-01T07:00:00,28,226,,0,0.239,1.267,1.506,0.884
3600.0,m03,2024-01-01T07:00:00,28,227,,0,0.479,1.151,1.63,0.639
3600.0,m02,2024-01-01T07:00:00,28,228,,0,0.228,1.283,1.511,0.611
3600.0,m01,2024-01-01T07:00:00,28,229,,0,0.581,0.759,1.34,0.617
3600.0,m07,2024-01-01T07:00:00,28,230,,0,0.194,1.217,1.411,0.73
3600.0,m08,2024-01-01T07:00:00,28,231,,0,0.605,0.785,1.39,0.544
3600.0,m06,2024-01-01T07:00:00,28,232,,0,0.955,0.748,1.703,0.404
3600.0,m04,2024-01-01T07:15:00,29,233,,0,0.233,1.217,1.45,0.755
3600.0,m03,2024-01-01T07:15:00,29,234,,0,0.5,0.97,1.47,0.564
3600.0,m02,2024-01-01T07:15:00,29,235,,0,0.186,0.928,1.114,0.548
3600.0,m01,2024-01-01T07:15:00,29,236,,0,0.418,0.647,1.065,0.474
3600.0,m07,2024-01-01T07:15:00,29,237,,0,0.229,1.169,1.398,0.607
3600.0,m08,2024-01-01T07:15:00,29,238,,0,0.588,0.75,1.338,0.614
3600.0,m06,2024-01-01T07:15:00,29,239,,0,0.781,0.764,1.545,0.438
3600.0,m05,2024-01-01T07:15:00,29,240,,0,0.241,0.614,0.855,0.536
3600.0,m04,2024-01-01T07:30:00,30,241,,0,0.228,1.171,1.399,0.662
3600.0,m03,2024-01-01T07:30:00,30,242,,0,0.458,0.867,1.325,0.446
3600.0,m02,2024-01-01T07:30:00,30,243,,0,0.19,0.86,1.05,0.533
3600.0,m01,2024-01-01T07:30:00,30,244,,0,0.377,0.652,1.029,0.51
3600.0,m07,2024-01-01T07:30:00,30,245,,0,0.188,1.158,1.346,0.613
3600.0,m08,2024-01-01T07:30:00,30,246,,0,0.567,0.775,1.342,0.661
3600.0,m06,2024-01-01T07:30:00,30,247,,0,0.764,0.798,1.562,0.481
3600.0,m05,2024-01-01T07:30:00,30,248,,0,0.221,0.672,0.893,0.475
3600.0,m04,2024-01-01T07:45:00,31,249,,0,0.329,1.271,1.6,0.734
3600.0,m03,2024-01-01T07:45:00,31,250,,0,0.477,0.933,1.41,0.488
3600.0,m02,2024-01-01T07:45:00,31,251,,0,0.184,1.021,1.205,0.809
3600.0,m01,2024-01-01T07:45:00,31,252,,0,0.426,0.967,1.393,0.533
3600.0,m07,2024-01-01T07:45:00,31,253,,0,0.16,0.871,1.031,0.498
3600.0,m08,2024-01-01T07:45:00,31,254,,0,0.416,0.608,1.024,0.512
3600.0,m06,2024-01-01T07:45:00,31,255,,0,0.581,0.616,1.197,0.457
3600.0,m05,2024-01-01T07:45:00,31,256,,0,0.239,0.671,0.91,0.47
3600.0,m04,2024-01-01T08:00:00,32,257,,0,0.223,1.221,1.444,0.69
3600.0,m03,2024-01-01T08:00:00,32,258,,0,0.476,0.932,1.408,0.509
3600.0,m02,2024-01-01T08:00:00,32,259,,0,0.155,0.828,0.983,1.348
3600.0,m01,2024-01-01T08:00:00,32,260,,0,0.357,1.673,2.03,0.45
3600.0,m07,2024-01-01T08:00:00,32,261,,0,0.183,1.158,1.341,0.667
3600.0,m08,2024-01-01T08:00:00,32,262,,0,0.564,0.846,1.41,0.605
3600.0,m06,2024-01-01T08:00:00,32,263,,0,0.714,0.905,1.619,0.451
3600.0,m05,2024-01-01T08:00:00,32,264,,0,0.18,0.597,0.777,0.522
3600.0,m04,2024-01-01T08:15:00,33,265,,0,0.24,1.27,1.51,0.667
3600.0,m03,2024-01-01T08:15:00,33,266,,0,0.482,0.857,1.339,0.475
3600.0,m02,2024-01-01T08:15:00,33,267,,0,0.167,0.976,1.143,0.702
3600.0,m01,2024-01-01T08:15:00,33,268,,0,0.423,0.819,1.242,0.586
3600.0,m07,2024-01-01T08:15:00,33,269,,0,0.14,0.921,1.061,0.643
3600.0,m08,2024-01-01T08:15:00,33,270,,0,0.464,0.819,1.283,0.754
3600.0,m06,2024-01-01T08:15:00,33,271,,0,0.738,0.867,1.605,0.662
3600.0,m05,2024-01-01T08:15:00,33,272,,0,0.169,0.594,0.763,0.411
3600.0,m04,2024-01-01T08:30:00,34,273,,0,0.307,1.271,1.578,0.765
3600.0,m03,2024-01-01T08:30:00,34,274,,0,0.477,0.996,1.473,0.544
3600.0,m02,2024-01-01T08:30:00,34,275,,0,0.309,1.233,1.542,0.519
3600.0,m01,2024-01-01T08:30:00,34,276,,0,0.475,0.652,1.127,0.507
3600.0,m07,2024-01-01T08:30:00,34,277,,0,0.28,1.641,1.921,0.586
3600.0,m08,2024-01-01T08:30:00,34,278,,0,0.809,0.731,1.54,0.52
3600.0,m06,2024-01-01T08:30:00,34,279,,0,0.826,0.716,1.542,0.415
3600.0,m05,2024-01-01T08:30:00,34,280,,0,0.215,0.662,0.877,0.55
3600.0,m04,2024-01-01T08:45:00,35,281,,0,0.181,1.101,1.282,0.483
3600.0,m03,2024-01-01T08:45:00,35,282,,0,0.35,0.84,1.19,0.383
3600.0,m02,2024-01-01T08:45:00,35,283,,0,0.251,0.884,1.135,0.535
3600.0,m01,2024-01-01T08:45:00,35,284,,0,0.377,0.673,1.05,0.58
3600.0,m07,2024-01-01T08:45:00,35,285,,0,0.17,1.124,1.294,0.633
3600.0,m08,2024-01-01T08:45:00,35,286,,0,0.554,0.793,1.347,0.544
3600.0,m06,2024-01-01T08:45:00,35,287,,0,0.738,0.776,1.514,0.427
3600.0,m05,2024-01-01T08:45:00,35,288,,0,0.289,0.727,1.016,0.479
3600.0,m04,2024-01-01T09:00:00,36,289,,0,0.143,0.768,0.911,0.535
3600.0,m03,2024-01-01T09:00:00,36,290,,0,0.294,0.63,0.924,0.376
3600.0,m02,2024-01-01T09:00:00,36,291,,0,0.122,0.658,0.78,0.404
3600.0,m01,2024-01-01T09:00:00,36,292,,0,0.263,0.538,0.801,0.465
3600.0,m07,2024-01-01T09:00:00,36,293,,0,0.194,1.111,1.305,0.602
3600.0,m08,2024-01-01T09:00:00,36,294,,0,0.517,0.777,1.294,0.617
3600.0,m06,2024-01-01T09:00:00,36,295,,0,0.627,0.852,1.479,0.486
3600.0,m05,2024-01-01T09:00:00,36,296,,0,0.278,0.882,1.16,0.543
3600.0,m04,2024-01-01T09:15:00,37,297,,0,0.109,0.688,0.797,0.482
3600.0,m03,2024-01-01T09:15:00,37,298,,0,0.307,0.545,0.852,0.371
3600.0,m02,2024-01-01T09:15:00,37,299,,0,0.077,0.497,0.574,0.453
3600.0,m01,2024-01-01T09:15:00,37,300,,0,0.249,0.47,0.719,0.355
3600.0,m07,2024-01-01T09:15:00,37,301,,0,0.162,0.907,1.069,0.528
3600.0,m08,2024-01-01T09:15:00,37,302,,0,0.409,0.675,1.084,0.574
3600.0,m06,2024-01-01T09:15:00,37,303,,0,0.558,0.766,1.324,0.438
3600.0,m05,2024-01-01T09:15:00,37,304,,0,0.157,0.571,0.728,0.42
3600.0,m02,2024-01-01T09:30:00,38,305,,0,0.132,0.727,0.859,0.474
3600.0,m01,2024-01-01T09:30:00,38,306,,0,0.271,0.635,0.906,0.377
3600.0,m07,2024-01-01T09:30:00,38,307,,0,0.142,0.921,1.063,0.696
3600.0,m08,2024-01-01T09:30:00,38,308,,0,0.433,0.837,1.27,0.576
3600.0,m06,2024-01-01T09:30:00,38,309,,0,0.637,0.908,1.545,0.394
3600.0,m05,2024-01-01T09:30:00,38,310,,0,0.171,0.553,0.724,0.43
3600.0,m04,2024-01-01T09:30:00,38,311,,0,0.229,1.206,1.435,0.742
3600.0,m03,2024-01-01T09:30:00,38,312,,0,0.452,0.984,1.436,0.554
3600.0,m07,2024-01-01T09:45:00,39,313,,0,0.275,0.838,1.113,0.582
3600.0,m08,2024-01-01T09:45:00,39,314,,0,0.702,0.773,1.475,0.469
3600.0,m06,2024-01-01T09:45:00,39,315,,0,0.593,0.797,1.39,0.339
3600.0,m05,2024-01-01T09:45:00,39,316,,0,0.123,0.421,0.544,0.369
3600.0,m04,2024-01-01T09:45:00,39,317,,0,0.295,1.409,1.704,1.059
3600.0,m03,2024-01-01T09:45:00,39,318,,0,0.518,1.461,1.979,0.35
3600.0,m02,2024-01-01T09:45:00,39,319,,0,0.152,0.798,0.95,0.505
3600.0,m01,2024-01-01T09:45:00,39,320,,0,0.333,0.614,0.947,0.501
3600.0,m07,2024-01-01T10:00:00,40,321,,0,0.129,0.744,0.873,3.791
3600.0,m08,2024-01-01T10:00:00,40,322,,0,0.351,3.847,4.198,0.585
3600.0,m06,2024-01-01T10:00:00,40,323,,0,0.503,3.918,4.421,0.538
3600.0,m05,2024-01-01T10:00:00,40,324,,0,0.095,0.39,0.485,0.341
3600.0,m04,2024-01-01T10:00:00,40,325,,0,0.32,1.546,1.866,0.822
3600.0,m03,2024-01-01T10:00:00,40,326,,0,0.657,1.044,1.701,0.6
3600.0,m02,2024-01-01T10:00:00,40,327,,0,0.177,0.913,1.09,0.641
3600.0,m01,2024-01-01T10:00:00,40,328,,0,0.389,0.769,1.158,0.537
3600.0,m07,2024-01-01T10:15:00,41,329,,0,0.14,0.923,1.063,0.466
3600.0,m08,2024-01-01T10:15:00,41,330,,0,0.482,0.503,0.985,0.429
3600.0,m06,2024-01-01T10:15:00,41,331,,0,0.749,0.475,1.224,0.495
3600.0,m05,2024-01-01T10:15:00,41,332,,0,0.114,0.399,0.513,0.296
3600.0,m04,2024-01-01T10:15:00,41,333,,0,0.238,1.264,1.502,0.763
3600.0,m03,2024-01-01T10:15:00,41,334,,0,0.493,1.001,1.494,0.588
3600.0,m02,2024-01-01T10:15:00,41,335,,0,0.203,1.118,1.321,0.746
3600.0,m01,2024-01-01T10:15:00,41,336,,0,0.412,0.994,1.406,0.593
3600.0,m05,2024-01-01T10:30:00,42,337,,0,0.163,0.549,0.712,0.341
3600.0,m04,2024-01-01T10:30:00,42,338,,0,0.244,1.423,1.667,0.704
3600.0,m03,2024-01-01T10:30:00,42,339,,0,0.608,0.965,1.573,0.55
3600.0,m02,2024-01-01T10:30:00,42,340,,0,0.23,1.21,1.44,0.711
3600.0,m01,2024-01-01T10:30:00,42,341,,0,0.469,0.886,1.355,0.517
3600.0,m07,2024-01-01T10:30:00,42,342,,0,0.215,1.23,1.445,0.685
3600.0,m08,2024-01-01T10:30:00,42,343,,0,0.549,0.861,1.41,0.657
3600.0,m06,2024-01-01T10:30:00,42,344,,0,0.772,0.842,1.614,0.509
3600.0,m04,2024-01-01T10:45:00,43,345,,0,0.233,1.22,1.453,0.725
3600.0,m03,2024-01-01T10:45:00,43,346,,0,0.48,0.905,1.385,0.465
3600.0,m02,2024-01-01T10:45:00,43,347,,0,0.221,1.049,1.27,0.672
3600.0,m01,2024-01-01T10:45:00,43,348,,0,0.434,0.83,1.264,0.459
3600.0,m07,2024-01-01T10:45:00,43,349,,0,0.165,1.085,1.25,0.598
3600.0,m08,2024-01-01T10:45:00,43,350,,0,0.569,0.629,1.198,0.559
3600.0,m06,2024-01-01T10:45:00,43,351,,0,0.769,0.735,1.504,0.43
3600.0,m05,2024-01-01T10:45:00,43,352,,0,0.106,0.405,0.511,0.353
3600.0,m04,2024-01-01T11:00:00,44,353,,0,0.228,1.235,1.463,0.742
3600.0,m03,2024-01-01T11:00:00,44,354,,0,0.512,0.953,1.465,0.518
3600.0,m02,2024-01-01T11:00:00,44,355,,0,0.229,1.162,1.391,0.569
3600.0,m01,2024-01-01T11:00:00,44,356,,0,0.472,0.733,1.205,0.587
3600.0,m07,2024-01-01T11:00:00,44,357,,0,0.181,1.156,1.337,0.624
3600.0,m08,2024-01-01T11:00:00,44,358,,0,0.551,0.829,1.38,0.696
3600.0,m06,2024-01-01T11:00:00,44,359,,0,0.665,0.979,1.644,0.518
3600.0,m05,2024-01-01T11:00:00,44,360,,0,0.17,0.58,0.75,0.475
3600.0,m04,2024-01-01T11:15:00,45,361,,0,0.301,1.379,1.68,0.741
3600.0,m03,2024-01-01T11:15:00,45,362,,0,0.509,0.938,1.447,0.533
3600.0,m02,2024-01-01T11:15:00,45,363,,0,0.145,0.778,0.923,0.547
3600.0,m01,2024-01-01T11:15:00,45,364,,0,0.337,0.644,0.981,0.566
3600.0,m07,2024-01-01T11:15:00,45,365,,0,0.137,0.903,1.04,0.597
3600.0,m08,2024-01-01T11:15:00,45,366,,0,0.41,0.784,1.194,0.433
3600.0,m06,2024-01-01T11:15:00,45,367,,0,0.613,0.75,1.363,0.351
3600.0,m05,2024-01-01T11:15:00,45,368,,0,0.119,0.429,0.548,0.332
3600.0,m04,2024-01-01T11:30:00,46,369,,0,0.287,1.383,1.67,0.683
3600.0,m03,2024-01-01T11:30:00,46,370,,0,0.504,0.92,1.424,0.453
3600.0,m02,2024-01-01T11:30:00,46,371,,0,0.178,0.926,1.104,0.591
3600.0,m01,2024-01-01T11:30:00,46,372,,0,0.382,0.703,1.085,0.562
3600.0,m07,2024-01-01T11:30:00,46,373,,0,0.279,1.289,1.568,0.704
3600.0,m08,2024-01-01T11:30:00,46,374,,0,0.574,0.91,1.484,0.682
3600.0,m06,2024-01-01T11:30:00,46,375,,0,0.778,1.01,1.788,0.442
3600.0,m05,2024-01-01T11:30:00,46,376,,0,0.216,0.714,0.93,0.584
3600.0,m04,2024-01-01T11:45:00,47,377,,0,0.224,1.13,1.354,1.315
3600.0,m03,2024-01-01T11:45:00,47,378,,0,0.44,1.721,2.161,0.419
3600.0,m02,2024-01-01T11:45:00,47,379,,0,0.171,0.864,1.035,0.68
3600.0,m01,2024-01-01T11:45:00,47,380,,0,0.357,0.797,1.154,0.419
3600.0,m07,2024-01-01T11:45:00,47,381,,0,0.234,1.384,1.618,0.573
3600.0,m08,2024-01-01T11:45:00,47,382,,0,0.703,0.711,1.414,0.626
3600.0,m06,2024-01-01T11:45:00,47,383,,0,0.74,0.747,1.487,0.535
3600.0,m05,2024-01-01T11:45:00,47,384,,0,0.245,0.508,0.753,0.393
3600.0,m04,2024-01-01T12:00:00,48,385,,0,0.222,1.01,1.232,0.804
3600.0,m03,2024-01-01T12:00:00,48,386,,0,0.35,0.987,1.337,0.582
3600.0,m02,2024-01-01T12:00:00,48,387,,0,0.164,0.8,0.964,0.431
3600.0,m01,2024-01-01T12:00:00,48,388,,0,0.367,0.499,0.866,0.376
3600.0,m07,2024-01-01T12:00:00,48,389,,0,0.192,1.119,1.311,0.588
3600.0,m08,2024-01-01T12:00:00,48,390,,0,0.573,0.748,1.321,0.428
3600.0,m06,2024-01-01T12:00:00,48,391,,0,0.777,0.89,1.667,0.367
3600.0,m05,2024-01-01T12:00:00,48,392,,0,0.227,0.995,1.222,0.543
3600.0,m04,2024-01-01T12:15:00,49,393,,0,0.193,1.108,1.301,0.642
3600.0,m03,2024-01-01T12:15:00,49,394,,0,0.42,0.877,1.297,0.445
3600.0,m02,2024-01-01T12:15:00,49,395,,0,0.12,0.678,0.798,0.456
3600.0,m01,2024-01-01T12:15:00,49,396,,0,0.296,0.575,0.871,0.457
3600.0,m07,2024-01-01T12:15:00,49,397,,0,0.218,1.289,1.507,0.687
3600.0,m08,2024-01-01T12:15:00,49,398,,0,0.718,0.895,1.613,0.58
3600.0,m06,2024-01-01T12:15:00,49,399,,0,0.929,0.778,1.707,0.448
3600.0,m05,2024-01-01T12:15:00,49,400,,0,0.273,0.696,0.969,0.485
3600.0,m04,2024-01-01T12:30:00,50,401,,0,0.145,0.749,0.894,0.443
3600.0,m03,2024-01-01T12:30:00,50,402,,0,0.3,0.594,0.894,0.422
3600.0,m02,2024-01-01T12:30:00,50,403,,0,0.117,0.67,0.787,0.482
3600.0,m01,2024-01-01T12:30:00,50,404,,0,0.292,0.581,0.873,0.428
3600.0,m07,2024-01-01T12:30:00,50,405,,0,0.22,1.209,1.429,0.549
3600.0,m08,2024-01-01T12:30:00,50,406,,0,0.599,0.703,1.302,0.536
3600.0,m06,2024-01-01T12:30:00,50,407,,0,0.692,0.75,1.442,0.41
3600.0,m05,2024-01-01T12:30:00,50,408,,0,0.173,0.558,0.731,0.454
3600.0,m04,2024-01-01T12:45:00,51,409,,0,0.109,0.683,0.792,0.452
3600.0,m03,2024-01-01T12:45:00,51,410,,0,0.288,0.54,0.828,0.318
3600.0,m02,2024-01-01T12:45:00,51,411,,0,0.064,0.39,0.454,0.306
3600.0,m01,2024-01-01T12:45:00,51,412,,0,0.208,0.303,0.511,0.296
3600.0,m07,2024-01-01T12:45:00,51,413,,0,0.106,0.58,0.686,0.271
3600.0,m08,2024-01-01T12:45:00,51,414,,0,0.409,0.37,0.779,0.278
3600.0,m06,2024-01-01T12:45:00,51,415,,0,0.544,0.353,0.897,0.333
3600.0,m05,2024-01-01T12:45:00,51,416,,0,0.098,0.398,0.496,0.376
3600.0,m02,2024-01-01T13:00:00,52,417,,0,0.136,0.746,0.882,0.483
3600.0,m01,2024-01-01T13:00:00,52,418,,0,0.296,0.623,0.919,0.337
3600.0,m07,2024-01-01T13:00:00,52,419,,0,0.188,1.031,1.219,0.603
3600.0,m08,2024-01-01T13:00:00,52,420,,0,0.485,0.771,1.256,0.655
3600.0,m06,2024-01-01T13:00:00,52,421,,0,0.66,0.844,1.504,0.514
3600.0,m05,2024-01-01T13:00:00,52,422,,0,0.248,0.614,0.862,0.536
3600.0,m04,2024-01-01T13:00:00,52,423,,0,0.233,1.172,1.405,0.679
3600.0,m03,2024-01-01T13:00:00,52,424,,0,0.467,0.859,1.326,0.52
3600.0,m02,2024-01-01T13:15:00,53,425,,0,0.11,0.563,0.673,0.386
3600.0,m01,2024-01-01T13:15:00,53,426,,0,0.24,0.479,0.719,0.463
3600.0,m07,2024-01-01T13:15:00,53,427,,0,0.106,0.688,0.794,0.439
3600.0,m08,2024-01-01T13:15:00,53,428,,0,0.34,0.55,0.89,0.467
3600.0,m06,2024-01-01T13:15:00,53,429,,0,0.458,0.601,1.059,0.386
3600.0,m05,2024-01-01T13:15:00,53,430,,0,0.117,0.434,0.551,0.387
3600.0,m04,2024-01-01T13:15:00,53,431,,0,0.314,1.415,1.729,0.608
3600.0,m03,2024-01-01T13:15:00,53,432,,0,0.505,0.806,1.311,0.424
3600.0,m07,2024-01-01T13:30:00,54,433,,0,0.139,0.891,1.03,0.491
3600.0,m08,2024-01-01T13:30:00,54,434,,0,0.417,0.618,1.035,0.51
3600.0,m06,2024-01-01T13:30:00,54,435,,0,0.541,0.66,1.201,0.381
3600.0,m05,2024-01-01T13:30:00,54,436,,0,0.109,0.425,0.534,0.342
3600.0,m04,2024-01-01T13:30:00,54,437,,0,0.266,1.304,1.57,1.166
3600.0,m03,2024-01-01T13:30:00,54,438,,0,0.524,1.621,2.145,0.418
3600.0,m02,2024-01-01T13:30:00,54,439,,0,0.241,1.123,1.364,0.491
3600.0,m01,2024-01-01T13:30:00,54,440,,0,0.436,0.61,1.046,0.464
3600.0,m07,2024-01-01T13:45:00,55,441,,0,0.097,0.654,0.751,0.561
3600.0,m08,2024-01-01T13:45:00,55,442,,0,0.315,0.645,0.96,0.496
3600.0,m06,2024-01-01T13:45:00,55,443,,0,0.439,0.676,1.115,0.534
3600.0,m05,2024-01-01T13:45:00,55,444,,0,0.092,0.385,0.477,0.778
3600.0,m04,2024-01-01T13:45:00,55,445,,0,0.229,1.194,1.423,0.741
3600.0,m03,2024-01-01T13:45:00,55,446,,0,0.501,0.926,1.427,0.61
3600.0,m02,2024-01-01T13:45:00,55,447,,0,0.189,0.873,1.062,0.491
3600.0,m01,2024-01-01T13:45:00,55,448,,0,0.333,0.614,0.947,0.442
3600.0,m05,2024-01-01T14:00:00,56,449,,0,0.129,0.538,0.667,0.394
3600.0,m04,2024-01-01T14:00:00,56,450,,0,0.245,1.249,1.494,0.707
3600.0,m03,2024-01-01T14:00:00,56,451,,0,0.465,0.958,1.423,0.459
3600.0,m02,2024-01-01T14:00:00,56,452,,0,0.18,0.955,1.135,0.63
3600.0,m01,2024-01-01T14:00:00,56,453,,0,0.391,0.808,1.199,0.549
3600.0,m07,2024-01-01T14:00:00,56,454,,0,0.251,1.291,1.542,0.833
3600.0,m08,2024-01-01T14:00:00,56,455,,0,0.595,1.023,1.618,0.852
3600.0,m06,2024-01-01T14:00:00,56,456,,0,0.886,1.098,1.984,0.534
3600.0,m04,2024-01-01T14:15:00,57,457,,0,0.169,0.973,1.142,0.551
3600.0,m03,2024-01-01T14:15:00,57,458,,0,0.374,0.717,1.091,0.408
3600.0,m02,2024-01-01T14:15:00,57,459,,0,0.141,0.805,0.946,0.642
3600.0,m01,2024-01-01T14:15:00,57,460,,0,0.302,0.831,1.133,0.702
3600.0,m07,2024-01-01T14:15:00,57,461,,0,0.229,1.31,1.539,0.671
3600.0,m08,2024-01-01T14:15:00,57,462,,0,0.68,0.898,1.578,0.615
3600.0,m06,2024-01-01T14:15:00,57,463,,0,0.767,0.938,1.705,0.494
3600.0,m05,2024-01-01T14:15:00,57,464,,0,0.246,0.689,0.935,0.549
3600.0,m04,2024-01-01T14:30:00,58,465,,0,0.272,1.466,1.738,0.603
3600.0,m03,2024-01-01T14:30:00,58,466,,0,0.624,0.815,1.439,0.564
3600.0,m02,2024-01-01T14:30:00,58,467,,0,0.126,0.907,1.033,0.469
3600.0,m01,2024-01-01T14:30:00,58,468,,0,0.405,0.679,1.084,0.779
3600.0,m07,2024-01-01T14:30:00,58,469,,0,0.162,1.013,1.175,0.703
3600.0,m08,2024-01-01T14:30:00,58,470,,0,0.435,0.905,1.34,0.543
3600.0,m06,2024-01-01T14:30:00,58,471,,0,0.687,0.873,1.56,0.446
3600.0,m05,2024-01-01T14:30:00,58,472,,0,0.199,0.727,0.926,0.404
3600.0,m04,2024-01-01T14:45:00,59,473,,0,0.142,0.77,0.912,0.473
3600.0,m03,2024-01-01T14:45:00,59,474,,0,0.316,0.608,0.924,0.427
3600.0,m02,2024-01-01T14:45:00,59,475,,0,0.206,1.162,1.368,0.579
3600.0,m01,2024-01-01T14:45:00,59,476,,0,0.524,0.697,1.221,0.583
3600.0,m07,2024-01-01T14:45:00,59,477,,0,0.168,1.063,1.231,0.609
3600.0,m08,2024-01-01T14:45:00,59,478,,0,0.533,0.767,1.3,0.414
3600.0,m06,2024-01-01T14:45:00,59,479,,0,0.738,0.779,1.517,0.404
3600.0,m05,2024-01-01T14:45:00,59,480,,0,0.174,0.617,0.791,0.493
3600.0,m04,2024-01-01T15:00:00,60,481,,0,0.159,0.891,1.05,0.514
3600.0,m03,2024-01-01T15:00:00,60,482,,0,0.344,0.692,1.036,0.478
3600.0,m02,2024-01-01T15:00:00,60,483,,0,0.165,0.866,1.031,0.569
3600.0,m01,2024-01-01T15:00:00,60,484,,0,0.372,0.662,1.034,0.552
3600.0,m07,2024-01-01T15:00:00,60,485,,0,0.199,1.263,1.462,0.747
3600.0,m08,2024-01-01T15:00:00,60,486,,0,0.581,0.949,1.53,0.689
3600.0,m06,2024-01-01T15:00:00,60,487,,0,0.82,0.939,1.759,0.533
3600.0,m05,2024-01-01T15:00:00,60,488,,0,0.14,0.45,0.59,0.445
3600.0,m04,2024-01-01T15:15:00,61,489,,0,0.187,1.037,1.224,0.653
3600.0,m03,2024-01-01T15:15:00,61,490,,0,0.388,0.863,1.251,0.433
3600.0,m02,2024-01-01T15:15:00,61,491,,0,0.125,0.923,1.048,0.726
3600.0,m01,2024-01-01T15:15:00,61,492,,0,0.446,0.912,1.358,0.598
3600.0,m07,2024-01-01T15:15:00,61,493,,0,0.186,1.373,1.559,0.619
3600.0,m08,2024-01-01T15:15:00,61,494,,0,0.621,0.952,1.573,0.549
3600.0,m06,2024-01-01T15:15:00,61,495,,0,0.879,0.85,1.729,0.472
3600.0,m05,2024-01-01T15:15:00,61,496,,0,0.179,0.623,0.802,0.502
3600.0,m04,2024-01-01T15:30:00,62,497,,0,0.139,0.727,0.866,0.732
3600.0,m03,2024-01-01T15:30:00,62,498,,0,0.268,1.097,1.365,0.273
3600.0,m02,2024-01-01T15:30:00,62,499,,0,0.278,1.026,1.304,0.631
3600.0,m01,2024-01-01T15:30:00,62,500,,0,0.26,0.794,1.054,0.629
3600.0,m07,2024-01-01T15:30:00,62,501,,0,0.168,0.852,1.02,0.441
3600.0,m08,2024-01-01T15:30:00,62,502,,0,0.377,0.593,0.97,0.453
3600.0,m06,2024-01-01T15:30:00,62,503,,0,0.502,0.637,1.139,0.346
3600.0,m05,2024-01-01T15:30:00,62,504,,0,0.137,0.548,0.685,0.422
3600.0,m04,2024-01-01T15:45:00,63,505,,0,0.274,1.247,1.521,0.718
3600.0,m03,2024-01-01T15:45:00,63,506,,0,0.448,0.881,1.329,0.666
3600.0,m02,2024-01-01T15:45:00,63,507,,0,0.101,0.762,0.863,0.563
3600.0,m01,2024-01-01T15:45:00,63,508,,0,0.391,0.689,1.08,0.491
3600.0,m07,2024-01-01T15:45:00,63,509,,0,0.112,0.668,0.78,0.401
3600.0,m08,2024-01-01T15:45:00,63,510,,0,0.352,0.515,0.867,0.358
3600.0,m06,2024-01-01T15:45:00,63,511,,0,0.424,0.518,0.942,0.327
3600.0,m05,2024-01-01T15:45:00,63,512,,0,0.236,0.806,1.042,0.466
3600.0,m04,2024-01-01T16:00:00,64,513,,0,0.196,0.968,1.164,0.549
3600.0,m03,2024-01-01T16:00:00,64,514,,0,0.341,0.761,1.102,0.425
3600.0,m02,2024-01-01T16:00:00,64,515,,0,0.121,0.599,0.72,0.421
3600.0,m01,2024-01-01T16:00:00,64,516,,0,0.277,0.461,0.738,0.595
3600.0,m07,2024-01-01T16:00:00,64,517,,0,0.137,0.882,1.019,0.507
3600.0,m08,2024-01-01T16:00:00,64,518,,0,0.411,0.658,1.069,0.433
3600.0,m06,2024-01-01T16:00:00,64,519,,0,0.557,0.672,1.229,0.334
3600.0,m05,2024-01-01T16:00:00,64,520,,0,0.138,0.451,0.589,0.415
3600.0,m04,2024-01-01T16:15:00,65,521,,0,0.172,0.874,1.046,0.797
3600.0,m03,2024-01-01T16:15:00,65,522,,0,0.309,0.913,1.222,0.655
3600.0,m02,2024-01-01T16:15:00,65,523,,0,0.111,0.652,0.763,0.539
3600.0,m01,2024-01-01T16:15:00,65,524,,0,0.271,0.666,0.937,0.429
3600.0,m07,2024-01-01T16:15:00,65,525,,0,0.228,1.361,1.589,0.7
3600.0,m08,2024-01-01T16:15:00,65,526,,0,0.635,0.871,1.506,0.654
3600.0,m06,2024-01-01T16:15:00,65,527,,0,0.81,0.87,1.68,0.524
3600.0,m05,2024-01-01T16:15:00,65,528,,0,0.157,0.565,0.722,0.473
3600.0,m04,2024-01-01T16:30:00,66,529,,0,0.139,0.748,0.887,0.457
3600.0,m03,2024-01-01T16:30:00,66,530,,0,0.271,0.575,0.846,0.411
3600.0,m02,2024-01-01T16:30:00,66,531,,0,0.135,0.674,0.809,0.474
3600.0,m01,2024-01-01T16:30:00,66,532,,0,0.252,0.614,0.866,0.347
3600.0,m07,2024-01-01T16:30:00,66,533,,0,0.243,1.292,1.535,0.617
3600.0,m08,2024-01-01T16:30:00,66,534,,0,0.604,0.669,1.273,0.515
3600.0,m06,2024-01-01T16:30:00,66,535,,0,0.816,0.728,1.544,0.431
3600.0,m05,2024-01-01T16:30:00,66,536,,0,0.166,0.539,0.705,0.447
3600.0,m02,2024-01-01T16:45:00,67,537,,0,0.128,0.723,0.851,0.57
3600.0,m01,2024-01-01T16:45:00,67,538,,0,0.282,0.679,0.961,0.426
3600.0,m07,2024-01-01T16:45:00,67,539,,0,0.195,1.075,1.27,0.572
3600.0,m08,2024-01-01T16:45:00,67,540,,0,0.53,0.765,1.295,0.574
3600.0,m06,2024-01-01T16:45:00,67,541,,0,0.599,0.853,1.452,0.388
3600.0,m05,2024-01-01T16:45:00,67,542,,0,0.203,0.575,0.778,0.35
3600.0,m04,2024-01-01T16:45:00,67,543,,0,0.228,1.178,1.406,0.658
3600.0,m03,2024-01-01T16:45:00,67,544,,0,0.458,0.852,1.31,0.444
3600.0,m02,2024-01-01T17:00:00,68,545,,0,0.095,0.571,0.666,0.395
3600.0,m01,2024-01-01T17:00:00,68,546,,0,0.275,0.394,0.669,0.361
3600.0,m07,2024-01-01T17:00:00,68,547,,0,0.098,0.72,0.818,0.445
3600.0,m08,2024-01-01T17:00:00,68,548,,0,0.41,0.446,0.856,0.46
3600.0,m06,2024-01-01T17:00:00,68,549,,0,0.606,0.526,1.132,0.429
3600.0,m05,2024-01-01T17:00:00,68,550,,0,0.1,0.381,0.481,0.339
3600.0,m04,2024-01-01T17:00:00,68,551,,0,0.148,0.839,0.987,0.542
3600.0,m03,2024-01-01T17:00:00,68,552,,0,0.328,0.718,1.046,0.457
3600.0,m07,2024-01-01T17:15:00,69,553,,0,0.127,0.808,0.935,0.474
3600.0,m08,2024-01-01T17:15:00,69,554,,0,0.386,0.612,0.998,0.404
3600.0,m06,2024-01-01T17:15:00,69,555,,0,0.528,0.609,1.137,0.401
3600.0,m05,2024-01-01T17:15:00,69,556,,0,0.105,0.449,0.554,0.467
3600.0,m04,2024-01-01T17:15:00,69,557,,0,0.234,1.214,1.448,0.66
3600.0,m03,2024-01-01T17:15:00,69,558,,0,0.439,0.887,1.326,0.451
3600.0,m02,2024-01-01T17:15:00,69,559,,0,0.236,1.268,1.504,0.595
3600.0,m01,2024-01-01T17:15:00,69,560,,0,0.49,0.723,1.213,0.495
3600.0,m07,2024-01-01T17:30:00,70,561,,0,0.135,0.809,0.944,0.402
3600.0,m08,2024-01-01T17:30:00,70,562,,0,0.448,0.42,0.868,0.561
3600.0,m06,2024-01-01T17:30:00,70,563,,0,0.69,0.543,1.233,0.422
3600.0,m05,2024-01-01T17:30:00,70,564,,0,0.092,0.367,0.459,0.324
3600.0,m04,2024-01-01T17:30:00,70,565,,0,0.23,1.13,1.36,0.75
3600.0,m03,2024-01-01T17:30:00,70,566,,0,0.45,0.884,1.334,0.522
3600.0,m02,2024-01-01T17:30:00,70,567,,0,0.156,0.79,0.946,0.463
3600.0,m01,2024-01-01T17:30:00,70,568,,0,0.354,0.556,0.91,1.054
3600.0,m05,2024-01-01T17:45:00,71,569,,0,0.125,0.531,0.656,0.404
3600.0,m04,2024-01-01T17:45:00,71,570,,0,0.243,1.262,1.505,0.653
3600.0,m03,2024-01-01T17:45:00,71,571,,0,0.521,0.849,1.37,0.579
3600.0,m02,2024-01-01T17:45:00,71,572,,0,0.134,0.742,0.876,0.504
3600.0,m01,2024-01-01T17:45:00,71,573,,0,0.299,0.649,0.948,0.471
3600.0,m07,2024-01-01T17:45:00,71,574,,0,0.217,1.372,1.589,0.752
3600.0,m08,2024-01-01T17:45:00,71,575,,0,0.612,0.993,1.605,0.641
3600.0,m06,2024-01-01T17:45:00,71,576,,0,0.8,0.999,1.799,0.592
3600.0,m04,2024-01-01T18:00:00,72,577,,0,0.224,1.183,1.407,0.646
3600.0,m03,2024-01-01T18:00:00,72,578,,0,0.472,0.849,1.321,0.518
3600.0,m02,2024-01-01T18:00:00,72,579,,0,0.213,1.162,1.375,0.598
3600.0,m01,2024-01-01T18:00:00,72,580,,0,0.548,0.663,1.211,0.551
3600.0,m07,2024-01-01T18:00:00,72,581,,0,0.195,1.203,1.398,0.665
3600.0,m08,2024-01-01T18:00:00,72,582,,0,0.565,0.875,1.44,0.742
3600.0,m06,2024-01-01T18:00:00,72,583,,0,0.776,0.912,1.688,0.572
3600.0,m05,2024-01-01T18:00:00,72,584,,0,0.222,0.796,1.018,0.663
3600.0,m04,2024-01-01T18:15:00,73,585,,0,0.225,1.193,1.418,0.783
3600.0,m03,2024-01-01T18:15:00,73,586,,0,0.448,1.004,1.452,0.597
3600.0,m02,2024-01-01T18:15:00,73,587,,0,0.17,0.904,1.074,0.671
3600.0,m01,2024-01-01T18:15:00,73,588,,0,0.405,0.769,1.174,0.531
3600.0,m07,2024-01-01T18:15:00,73,589,,0,0.191,1.261,1.452,0.801
3600.0,m08,2024-01-01T18:15:00,73,590,,0,0.627,0.985,1.612,0.637
3600.0,m06,2024-01-01T18:15:00,73,591,,0,0.891,0.922,1.813,0.501
3600.0,m05,2024-01-01T18:15:00,73,592,,0,0.158,0.575,0.733,0.523
3600.0,m04,2024-01-01T18:30:00,74,593,,0,0.242,1.27,1.512,0.766
3600.0,m03,2024-01-01T18:30:00,74,594,,0,0.485,1.017,1.502,0.546
3600.0,m02,2024-01-01T18:30:00,74,595,,0,0.242,1.012,1.254,0.428
3600.0,m01,2024-01-01T18:30:00,74,596,,0,0.416,0.516,0.932,0.483
3600.0,m07,2024-01-01T18:30:00,74,597,,0,0.232,1.433,1.665,0.556
3600.0,m08,2024-01-01T18:30:00,74,598,,0,0.728,0.69,1.418,0.559
3600.0,m06,2024-01-01T18:30:00,74,599,,0,0.76,0.728,1.488,0.454
3600.0,m05,2024-01-01T18:30:00,74,600,,0,0.201,0.623,0.824,0.515
3600.0,m04,2024-01-01T18:45:00,75,601,,0,0.242,1.162,1.404,0.692
3600.0,m03,2024-01-01T18:45:00,75,602,,0,0.454,0.905,1.359,0.51
3600.0,m02,2024-01-01T18:45:00,75,603,,0,0.149,0.788,0.937,0.53
3600.0,m01,2024-01-01T18:45:00,75,604,,0,0.345,0.621,0.966,0.621
3600.0,m07,2024-01-01T18:45:00,75,605,,0,0.179,1.075,1.254,0.568
3600.0,m08,2024-01-01T18:45:00,75,606,,0,0.565,0.567,1.132,0.449
3600.0,m06,2024-01-01T18:45:00,75,607,,0,0.709,0.647,1.356,0.366
3600.0,m05,2024-01-01T18:45:00,75,608,,0,0.216,0.507,0.723,0.395
3600.0,m04,2024-01-01T19:00:00,76,609,,0,0.269,1.31,1.579,0.766
3600.0,m03,2024-01-01T19:00:00,76,610,,0,0.498,0.997,1.495,0.659
3600.0,m02,2024-01-01T19:00:00,76,611,,0,0.15,0.808,0.958,0.548
3600.0,m01,2024-01-01T19:00:00,76,612,,0,0.361,0.628,0.989,0.53
3600.0,m07,2024-01-01T19:00:00,76,613,,0,0.147,1.01,1.157,0.719
3600.0,m08,2024-01-01T19:00:00,76,614,,0,0.525,0.811,1.336,0.6
3600.0,m06,2024-01-01T19:00:00,76,615,,0,0.717,0.78,1.497,0.516
3600.0,m05,2024-01-01T19:00:00,76,616,,0,0.239,0.539,0.778,0.428
3600.0,m04,2024-01-01T19:15:00,77,617,,0,0.226,1.185,1.411,0.754
3600.0,m03,2024-01-01T19:15:00,77,618,,0,0.458,0.986,1.444,0.534
3600.0,m02,2024-01-01T19:15:00,77,619,,0,0.228,1.125,1.353,0.568
3600.0,m01,2024-01-01T19:15:00,77,620,,0,0.487,0.653,1.14,0.561
3600.0,m07,2024-01-01T19:15:00,77,621,,0,0.246,1.389,1.635,0.691
3600.0,m08,2024-01-01T19:15:00,77,622,,0,0.68,0.826,1.506,0.626
3600.0,m06,2024-01-01T19:15:00,77,623,,0,0.74,0.862,1.602,0.491
3600.0,m05,2024-01-01T19:15:00,77,624,,0,0.295,1.196,1.491,0.546
3600.0,m04,2024-01-01T19:30:00,78,625,,0,0.206,1.005,1.211,0.596
3600.0,m03,2024-01-01T19:30:00,78,626,,0,0.372,0.82,1.192,0.462
3600.0,m02,2024-01-01T19:30:00,78,627,,0,0.179,0.856,1.035,0.542
3600.0,m01,2024-01-01T19:30:00,78,628,,0,0.363,0.671,1.034,0.564
3600.0,m07,2024-01-01T19:30:00,78,629,,0,0.266,1.332,1.598,0.747
3600.0,m08,2024-01-01T19:30:00,78,630,,0,0.634,1.025,1.659,0.579
3600.0,m06,2024-01-01T19:30:00,78,631,,0,0.847,0.994,1.841,0.442
3600.0,m05,2024-01-01T19:30:00,78,632,,0,0.224,0.893,1.117,0.611
3600.0,m04,2024-01-01T19:45:00,79,633,,0,0.15,0.807,0.957,0.483
3600.0,m03,2024-01-01T19:45:00,79,634,,0,0.339,0.618,0.957,0.419
3600.0,m02,2024-01-01T19:45:00,79,635,,0,0.155,0.818,0.973,0.502
3600.0,m01,2024-01-01T19:45:00,79,636,,0,0.334,0.642,0.976,1.027
3600.0,m07,2024-01-01T19:45:00,79,637,,0,0.285,1.574,1.859,0.611
3600.0,m08,2024-01-01T19:45:00,79,638,,0,0.777,0.769,1.546,0.703
3600.0,m06,2024-01-01T19:45:00,79,639,,0,0.817,0.856,1.673,0.513
3600.0,m05,2024-01-01T19:45:00,79,640,,0,0.253,0.831,1.084,0.502
3600.0,m04,2024-01-01T20:00:00,80,641,,0,0.134,0.748,0.882,0.518
3600.0,m03,2024-01-01T20:00:00,80,642,,0,0.291,0.638,0.929,0.357
3600.0,m02,2024-01-01T20:00:00,80,643,,0,0.111,0.638,0.749,0.471
3600.0,m01,2024-01-01T20:00:00,80,644,,0,0.265,0.587,0.852,0.401
3600.0,m07,2024-01-01T20:00:00,80,645,,0,0.161,1.094,1.255,0.664
3600.0,m08,2024-01-01T20:00:00,80,646,,0,0.55,0.821,1.371,0.62
3600.0,m06,2024-01-01T20:00:00,80,647,,0,0.757,0.823,1.58,0.463
3600.0,m05,2024-01-01T20:00:00,80,648,,0,0.246,0.54,0.786,0.481
3600.0,m04,2024-01-01T20:15:00,81,649,,0,0.138,0.739,0.877,0.449
3600.0,m03,2024-01-01T20:15:00,81,650,,0,0.271,0.588,0.859,0.314
3600.0,m02,2024-01-01T20:15:00,81,651,,0,0.082,0.461,0.543,0.305
3600.0,m01,2024-01-01T20:15:00,81,652,,0,0.224,0.352,0.576,0.331
3600.0,m07,2024-01-01T20:15:00,81,653,,0,0.086,0.647,0.733,0.473
3600.0,m08,2024-01-01T20:15:00,81,654,,0,0.327,0.569,0.896,0.433
3600.0,m06,2024-01-01T20:15:00,81,655,,0,0.512,0.54,1.052,0.416
3600.0,m05,2024-01-01T20:15:00,81,656,,0,0.194,0.622,0.816,0.509
3600.0,m02,2024-01-01T20:30:00,82,657,,0,0.154,0.712,0.866,0.438
3600.0,m01,2024-01-01T20:30:00,82,658,,0,0.269,0.586,0.855,0.34
3600.0,m07,2024-01-01T20:30:00,82,659,,0,0.141,0.903,1.044,0.44
3600.0,m08,2024-01-01T20:30:00,82,660,,0,0.459,0.49,0.949,0.334
3600.0,m06,2024-01-01T20:30:00,82,661,,0,0.629,0.494,1.123,0.344
3600.0,m05,2024-01-01T20:30:00,82,662,,0,0.105,0.411,0.516,0.367
3600.0,m04,2024-01-01T20:30:00,82,663,,0,0.22,1.115,1.335,0.772
3600.0,m03,2024-01-01T20:30:00,82,664,,0,0.438,0.959,1.397,0.562
3600.0,m07,2024-01-01T20:45:00,83,665,,0,0.154,0.839,0.993,0.474
3600.0,m08,2024-01-01T20:45:00,83,666,,0,0.415,0.544,0.959,0.466
3600.0,m06,2024-01-01T20:45:00,83,667,,0,0.575,0.516,1.091,0.456
3600.0,m05,2024-01-01T20:45:00,83,668,,0,0.124,0.5,0.624,0.428
3600.0,m04,2024-01-01T20:45:00,83,669,,0,0.23,1.348,1.578,0.731
3600.0,m03,2024-01-01T20:45:00,83,670,,0,0.589,0.964,1.553,0.562
3600.0,m02,2024-01-01T20:45:00,83,671,,0,0.221,1.07,1.291,0.552
3600.0,m01,2024-01-01T20:45:00,83,672,,0,0.448,0.65,1.098,0.559
3600.0,m07,2024-01-01T21:00:00,84,673,,0,0.117,0.741,0.858,0.629
3600.0,m08,2024-01-01T21:00:00,84,674,,0,0.369,0.7,1.069,0.613
3600.0,m06,2024-01-01T21:00:00,84,675,,0,0.516,0.774,1.29,0.573
3600.0,m05,2024-01-01T21:00:00,84,676,,0,0.154,0.457,0.611,0.357
3600.0,m04,2024-01-01T21:00:00,84,677,,0,0.235,1.182,1.417,0.657
3600.0,m03,2024-01-01T21:00:00,84,678,,0,0.45,0.889,1.339,0.572
3600.0,m02,2024-01-01T21:00:00,84,679,,0,0.193,0.982,1.175,0.614
3600.0,m01,2024-01-01T21:00:00,84,680,,0,0.404,0.727,1.131,0.414
3600.0,m07,2024-01-01T21:15:00,85,681,,0,0.124,0.88,1.004,0.507
3600.0,m08,2024-01-01T21:15:00,85,682,,0,0.445,0.632,1.077,0.575
3600.0,m06,2024-01-01T21:15:00,85,683,,0,0.582,0.881,1.463,0.515
3600.0,m05,2024-01-01T21:15:00,85,684,,0,0.707,0.922,1.629,0.498
3600.0,m04,2024-01-01T21:15:00,85,685,,0,0.299,1.402,1.701,0.724
3600.0,m03,2024-01-01T21:15:00,85,686,,0,0.518,0.932,1.45,0.619
3600.0,m02,2024-01-01T21:15:00,85,687,,0,0.165,0.857,1.022,0.61
3600.0,m01,2024-01-01T21:15:00,85,688,,0,0.369,0.733,1.102,0.544
3600.0,m04,2024-01-01T21:30:00,86,689,,0,0.224,1.142,1.366,0.738
3600.0,m03,2024-01-01T21:30:00,86,690,,0,0.432,0.931,1.363,0.512
3600.0,m02,2024-01-01T21:30:00,86,691,,0,0.217,1.109,1.326,0.689
3600.0,m01,2024-01-01T21:30:00,86,692,,0,0.449,0.799,1.248,1.21
3600.0,m07,2024-01-01T21:30:00,86,693,,0,0.243,1.227,1.47,0.602
3600.0,m08,2024-01-01T21:30:00,86,694,,0,0.558,0.664,1.222,0.544
3600.0,m06,2024-01-01T21:30:00,86,695,,0,0.761,0.778,1.539,0.451
3600.0,m05,2024-01-01T21:30:00,86,696,,0,0.199,0.616,0.815,0.365
3600.0,m04,2024-01-01T21:45:00,87,697,,0,0.225,1.279,1.504,0.797
3600.0,m03,2024-01-01T21:45:00,87,698,,0,0.462,1.113,1.575,0.538
3600.0,m02,2024-01-01T21:45:00,87,699,,0,0.149,0.85,0.999,0.485
3600.0,m01,2024-01-01T21:45:00,87,700,,0,0.337,0.639,0.976,0.495
3600.0,m07,2024-01-01T21:45:00,87,701,,0,0.235,1.388,1.623,0.495
3600.0,m08,2024-01-01T21:45:00,87,702,,0,0.698,0.626,1.324,0.593
3600.0,m06,2024-01-01T21:45:00,87,703,,0,0.682,0.695,1.377,0.454
3600.0,m05,2024-01-01T21:45:00,87,704,,0,0.139,0.456,0.595,0.425
3600.0,m04,2024-01-01T22:00:00,88,705,,0,0.226,1.134,1.36,0.843
3600.0,m03,2024-01-01T22:00:00,88,706,,0,0.462,0.971,1.433,0.536
3600.0,m02,2024-01-01T22:00:00,88,707,,0,0.144,0.735,0.879,0.431
3600.0,m01,2024-01-01T22:00:00,88,708,,0,0.295,0.576,0.871,0.382
3600.0,m07,2024-01-01T22:00:00,88,709,,0,0.221,1.326,1.547,0.652
3600.0,m08,2024-01-01T22:00:00,88,710,,0,0.657,0.766,1.423,0.42
3600.0,m06,2024-01-01T22:00:00,88,711,,0,0.848,0.692,1.54,0.471
3600.0,m05,2024-01-01T22:00:00,88,712,,0,0.158,0.61,0.768,0.528
3600.0,m04,2024-01-01T22:15:00,89,713,,0,0.239,1.024,1.263,0.577
3600.0,m03,2024-01-01T22:15:00,89,714,,0,0.356,0.746,1.102,0.484
3600.0,m02,2024-01-01T22:15:00,89,715,,0,0.153,0.608,0.761,0.4
3600.0,m01,2024-01-01T22:15:00,89,716,,0,0.249,0.491,0.74,0.384
3600.0,m07,2024-01-01T22:15:00,89,717,,0,0.171,0.885,1.056,0.44
3600.0,m08,2024-01-01T22:15:00,89,718,,0,0.383,0.544,0.927,0.553
3600.0,m06,2024-01-01T22:15:00,89,719,,0,0.486,0.632,1.118,0.448
3600.0,m05,2024-01-01T22:15:00,89,720,,0,0.137,0.399,0.536,0.294
3600.0,m04,2024-01-01T22:30:00,90,721,,0,0.262,1.046,1.308,0.559
3600.0,m03,2024-01-01T22:30:00,90,722,,0,0.396,0.727,1.123,0.561
3600.0,m02,2024-01-01T22:30:00,90,723,,0,0.115,0.543,0.658,0.335
3600.0,m01,2024-01-01T22:30:00,90,724,,0,0.22,0.432,0.652,0.346
3600.0,m07,2024-01-01T22:30:00,90,725,,0,0.169,0.953,1.122,0.662
3600.0,m08,2024-01-01T22:30:00,90,726,,0,0.443,0.845,1.288,0.742
3600.0,m06,2024-01-01T22:30:00,90,727,,0,0.718,0.921,1.639,0.525
3600.0,m05,2024-01-01T22:30:00,90,728,,0,0.125,0.45,0.575,0.351
3600.0,m04,2024-01-01T22:45:00,91,729,,0,0.284,1.007,1.291,0.57
3600.0,m03,2024-01-01T22:45:00,91,730,,0,0.299,0.713,1.012,0.453
3600.0,m02,2024-01-01T22:45:00,91,731,,0,0.088,0.732,0.82,0.764
3600.0,m01,2024-01-01T22:45:00,91,732,,0,0.385,0.872,1.257,0.592
3600.0,m07,2024-01-01T22:45:00,91,733,,0,0.204,1.192,1.396,0.709
3600.0,m08,2024-01-01T22:45:00,91,734,,0,0.521,0.918,1.439,0.584
3600.0,m06,2024-01-01T22:45:00,91,735,,0,0.701,0.944,1.645,0.411
3600.0,m05,2024-01-01T22:45:00,91,736,,0,0.164,0.488,0.652,0.423
3600.0,m04,2024-01-01T23:00:00,92,737,,0,0.186,0.948,1.134,0.638
3600.0,m03,2024-01-01T23:00:00,92,738,,0,0.349,0.806,1.155,0.454
3600.0,m02,2024-01-01T23:00:00,92,739,,0,0.247,1.264,1.511,0.576
3600.0,m01,2024-01-01T23:00:00,92,740,,0,0.557,0.685,1.242,0.576
3600.0,m07,2024-01-01T23:00:00,92,741,,0,0.158,0.968,1.126,0.449
3600.0,m08,2024-01-01T23:00:00,92,742,,0,0.461,0.581,1.042,0.517
3600.0,m06,2024-01-01T23:00:00,92,743,,0,0.573,0.602,1.175,0.392
3600.0,m05,2024-01-01T23:00:00,92,744,,0,0.101,0.371,0.472,0.391
3600.0,m04,2024-01-01T23:15:00,93,745,,0,0.167,1.263,1.43,0.731
3600.0,m03,2024-01-01T23:15:00,93,746,,0,0.46,0.933,1.393,0.563
3600.0,m02,2024-01-01T23:15:00,93,747,,0,0.19,0.854,1.044,0.642
3600.0,m01,2024-01-01T23:15:00,93,748,,0,0.366,0.712,1.078,0.668
3600.0,m07,2024-01-01T23:15:00,93,749,,0,0.153,1.408,1.561,0.607
3600.0,m08,2024-01-01T23:15:00,93,750,,0,0.864,0.716,1.58,0.619
3600.0,m06,2024-01-01T23:15:00,93,751,,0,1.062,0.819,1.881,0.588
3600.0,m05,2024-01-01T23:15:00,93,752,,0,0.346,0.732,1.078,0.4
3600.0,m04,2024-01-01T23:30:00,94,753,,0,0.157,0.787,0.944,0.496
3600.0,m03,2024-01-01T23:30:00,94,754,,0,0.315,0.623,0.938,0.403
3600.0,m02,2024-01-01T23:30:00,94,755,,0,0.139,0.78,0.919,0.516
3600.0,m01,2024-01-01T23:30:00,94,756,,0,0.352,0.622,0.974,0.407
3600.0,m07,2024-01-01T23:30:00,94,757,,0,0.193,1.18,1.373,0.612
3600.0,m08,2024-01-01T23:30:00,94,758,,0,0.692,0.804,1.496,0.535
3600.0,m06,2024-01-01T23:30:00,94,759,,0,0.739,0.859,1.598,0.547
3600.0,m05,2024-01-01T23:30:00,94,760,,0,0.864,0.785,1.649,0.521
3600.0,m04,2024-01-01T23:45:00,95,761,,0,0.141,0.755,0.896,0.5
3600.0,m03,2024-01-01T23:45:00,95,762,,0,0.288,0.64,0.928,0.35
3600.0,m02,2024-01-01T23:45:00,95,763,,0,0.145,0.744,0.889,0.455
3600.0,m01,2024-01-01T23:45:00,95,764,,0,0.308,0.554,0.862,0.396
3600.0,m07,2024-01-01T23:45:00,95,765,,0,0.213,1.353,1.566,0.754
3600.0,m08,2024-01-01T23:45:00,95,766,,0,0.844,0.93,1.774,0.729
3600.0,m06,2024-01-01T23:45:00,95,767,,0,0.968,1.016,1.984,0.731
3600.0,m05,2024-01-01T23:45:00,95,768,,0,1.13,1.002,2.132,0.669
7200.0,m05,2024-01-01T00:00:00,0,1,,0,0.225,0.673,0.898,0.613
7200.0,m08,2024-01-01T00:00:00,0,2,,0,0.314,1.415,1.729,0.777
7200.0,m02,2024-01-01T00:00:00,0,3,,0,0.524,0.943,1.467,0.48
7200.0,m06,2024-01-01T00:15:00,0,4,,0,0.122,0.682,0.804,0.412
7200.0,m01,2024-01-01T00:15:00,0,5,,0,0.274,0.527,0.801,0.331
7200.0,m07,2024-01-01T00:15:00,0,6,,0,0.129,0.501,0.63,0.395
7200.0,m04,2024-01-01T00:15:00,0,7,,0,0.103,0.391,0.494,0.369
7200.0,m03,2024-01-01T00:15:00,0,8,,0,0.226,0.794,1.02,0.617
7200.0,m05,2024-01-01T00:15:00,1,9,,0,0.197,0.642,0.839,0.432
7200.0,m08,2024-01-01T00:30:00,1,10,GAP,1,0.328,1.264,1.592,0.796
7200.0,m02,2024-01-01T00:30:00,1,11,GAP,1,0.47,1.026,1.496,0.639
7200.0,m06,2024-01-01T00:30:00,1,12,,0,0.146,0.708,0.854,0.467
7200.0,m01,2024-01-01T00:30:00,1,13,,0,0.314,0.552,0.866,0.493
7200.0,m07,2024-01-01T00:45:00,1,14,GAP,1,0.128,0.468,0.596,0.349
7200.0,m04,2024-01-01T00:45:00,1,15,GAP,1,0.137,0.551,0.688,0.442
7200.0,m03,2024-01-01T00:45:00,1,16,GAP,1,0.148,0.491,0.639,0.391
7200.0,m05,2024-01-01T00:45:00,2,17,GAP,1,0.199,0.797,0.996,0.632
7200.0,m08,2024-01-01T01:00:00,2,18,GAP,1,0.308,1.338,1.646,0.834
7200.0,m02,2024-01-01T01:00:00,2,19,GAP,1,0.518,1.066,1.584,0.539
7200.0,m06,2024-01-01T01:00:00,2,20,GAP,1,0.172,0.893,1.065,0.564
7200.0,m01,2024-01-01T01:00:00,2,21,GAP,1,0.392,0.629,1.021,0.521
7200.0,m07,2024-01-01T01:00:00,2,22,,0,0.216,0.884,1.1,0.606
7200.0,m04,2024-01-01T01:00:00,2,23,,0,0.166,0.642,0.808,0.601
7200.0,m03,2024-01-01T01:15:00,2,24,GAP,1,0.113,0.426,0.539,0.383
7200.0,m05,2024-01-01T01:15:00,3,25,GAP,1,0.175,0.623,0.798,0.572
7200.0,m08,2024-01-01T01:30:00,3,26,GAP,1,0.14,0.753,0.893,0.65
7200.0,m02,2024-01-01T01:30:00,3,27,GAP,1,0.303,0.711,1.014,0.43
7200.0,m06,2024-01-01T01:30:00,3,28,GAP,1,0.133,0.728,0.861,0.477
7200.0,m01,2024-01-01T01:30:00,3,29,GAP,1,0.32,0.601,0.921,0.439
7200.0,m07,2024-01-01T01:30:00,3,30,GAP,1,0.265,0.896,1.161,0.535
7200.0,m04,2024-01-01T01:30:00,3,31,GAP,1,0.167,0.583,0.75,0.507
7200.0,m03,2024-01-01T01:30:00,3,32,,0,0.237,0.83,1.067,0.643
7200.0,m05,2024-01-01T01:45:00,4,33,GAP,1,0.146,0.548,0.694,0.425
7200.0,m08,2024-01-01T01:45:00,4,34,,0,0.249,1.291,1.54,0.716
7200.0,m02,2024-01-01T01:45:00,4,35,,0,0.524,0.939,1.463,0.509
7200.0,m06,2024-01-01T02:00:00,4,36,GAP,1,0.114,0.684,0.798,0.509
7200.0,m01,2024-01-01T02:00:00,4,37,GAP,1,0.319,0.57,0.889,0.455
7200.0,m07,2024-01-01T02:00:00,4,38,GAP,1,0.131,0.549,0.68,0.444
7200.0,m04,2024-01-01T02:00:00,4,39,GAP,1,0.133,0.472,0.605,0.371
7200.0,m03,2024-01-01T02:00:00,4,40,GAP,1,0.172,0.621,0.793,0.514
7200.0,m05,2024-01-01T02:00:00,5,41,,0,0.237,0.837,1.074,0.707
7200.0,m08,2024-01-01T02:15:00,5,42,GAP,1,0.195,0.993,1.188,0.64
7200.0,m02,2024-01-01T02:15:00,5,43,GAP,1,0.376,0.839,1.215,0.446
7200.0,m06,2024-01-01T02:15:00,5,44,,0,0.148,0.806,0.954,0.515
7200.0,m01,2024-01-01T02:15:00,5,45,,0,0.362,0.62,0.982,0.533
7200.0,m07,2024-01-01T02:30:00,5,46,GAP,1,0.147,0.519,0.666,0.507
7200.0,m04,2024-01-01T02:30:00,5,47,GAP,1,0.093,0.338,0.431,0.373
7200.0,m03,2024-01-01T02:30:00,5,48,GAP,1,0.126,0.54,0.666,0.529
7200.0,m05,2024-01-01T02:30:00,6,49,GAP,1,0.193,0.698,0.891,0.533
7200.0,m08,2024-01-01T02:45:00,6,50,GAP,1,0.193,0.991,1.184,0.736
7200.0,m02,2024-01-01T02:45:00,6,51,GAP,1,0.373,0.9,1.273,0.579
7200.0,m06,2024-01-01T02:45:00,6,52,GAP,1,0.144,0.889,1.033,0.732
7200.0,m01,2024-01-01T02:45:00,6,53,GAP,1,0.439,0.81,1.249,0.518
7200.0,m07,2024-01-01T02:45:00,6,54,,0,0.193,0.71,0.903,0.571
7200.0,m04,2024-01-01T02:45:00,6,55,,0,0.171,0.621,0.792,0.552
7200.0,m03,2024-01-01T03:00:00,6,56,GAP,1,0.123,0.485,0.608,0.384
7200.0,m05,2024-01-01T03:00:00,7,57,GAP,1,0.144,0.574,0.718,0.521
7200.0,m08,2024-01-01T03:15:00,7,58,GAP,1,0.135,0.689,0.824,0.447
7200.0,m02,2024-01-01T03:15:00,7,59,GAP,1,0.249,0.577,0.826,0.425
7200.0,m06,2024-01-01T03:15:00,7,60,GAP,1,0.118,0.685,0.803,0.386
7200.0,m01,2024-01-01T03:15:00,7,61,GAP,1,0.286,0.555,0.841,0.38
7200.0,m07,2024-01-01T03:15:00,7,62,GAP,1,0.212,0.623,0.835,0.556
7200.0,m04,2024-01-01T03:15:00,7,63,GAP,1,0.258,1.027,1.285,0.548
7200.0,m03,2024-01-01T03:15:00,7,64,,0,0.168,0.836,1.004,0.713
7200.0,m05,2024-01-01T03:30:00,8,65,GAP,1,0.154,0.709,0.863,0.634
7200.0,m08,2024-01-01T03:30:00,8,66,,0,0.248,1.253,1.501,0.708
7200.0,m02,2024-01-01T03:30:00,8,67,,0,0.482,0.927,1.409,0.492
7200.0,m06,2024-01-01T03:30:00,8,68,,0,0.27,1.362,1.632,0.81
7200.0,m01,2024-01-01T03:30:00,8,69,,0,0.543,1.006,1.549,0.716
7200.0,m07,2024-01-01T03:45:00,8,70,GAP,1,0.177,0.766,0.943,0.547
7200.0,m04,2024-01-01T03:45:00,8,71,GAP,1,0.147,0.507,0.654,0.42
7200.0,m03,2024-01-01T03:45:00,8,72,GAP,1,0.243,0.902,1.145,0.511
7200.0,m05,2024-01-01T03:45:00,9,73,,0,0.192,0.671,0.863,0.985
7200.0,m08,2024-01-01T04:00:00,9,74,GAP,1,0.222,1.173,1.395,0.865
7200.0,m02,2024-01-01T04:00:00,9,75,GAP,1,0.44,1.07,1.51,0.764
7200.0,m06,2024-01-01T04:00:00,9,76,GAP,1,0.262,1.092,1.354,0.542
7200.0,m01,2024-01-01T04:00:00,9,77,GAP,1,0.427,0.617,1.044,0.609
7200.0,m07,2024-01-01T04:15:00,9,78,GAP,1,0.125,0.687,0.812,0.591
7200.0,m04,2024-01-01T04:15:00,9,79,GAP,1,0.258,0.704,0.962,0.417
7200.0,m03,2024-01-01T04:15:00,9,80,GAP,1,0.154,0.544,0.698,0.478
7200.0,m05,2024-01-01T04:15:00,10,81,GAP,1,0.289,0.929,1.218,0.733
7200.0,m08,2024-01-01T04:30:00,10,82,GAP,1,0.214,0.993,1.207,0.629
7200.0,m02,2024-01-01T04:30:00,10,83,GAP,1,0.366,0.808,1.174,0.581
7200.0,m06,2024-01-01T04:30:00,10,84,GAP,1,0.12,0.655,0.775,0.564
7200.0,m01,2024-01-01T04:30:00,10,85,GAP,1,0.27,0.618,0.888,0.476
7200.0,m07,2024-01-01T04:30:00,10,86,,0,0.284,0.878,1.162,0.635
7200.0,m04,2024-01-01T04:30:00,10,87,,0,0.159,0.54,0.699,0.489
7200.0,m03,2024-01-01T04:45:00,10,88,GAP,1,0.12,0.448,0.568,0.388
7200.0,m05,2024-01-01T04:45:00,11,89,GAP,1,0.166,0.709,0.875,0.478
7200.0,m08,2024-01-01T05:00:00,11,90,GAP,1,0.129,0.674,0.803,0.488
7200.0,m02,2024-01-01T05:00:00,11,91,GAP,1,0.278,0.543,0.821,0.386
7200.0,m06,2024-01-01T05:00:00,11,92,GAP,1,0.135,0.726,0.861,0.532
7200.0,m01,2024-01-01T05:00:00,11,93,GAP,1,0.314,0.649,0.963,0.375
7200.0,m07,2024-01-01T05:00:00,11,94,GAP,1,0.176,0.638,0.814,0.5
7200.0,m04,2024-01-01T05:00:00,11,95,GAP,1,0.166,0.619,0.785,0.573
7200.0,m03,2024-01-01T05:00:00,11,96,,0,0.196,0.748,0.944,0.722
7200.0,m05,2024-01-01T05:15:00,12,97,GAP,1,0.143,0.549,0.692,0.419
7200.0,m08,2024-01-01T05:15:00,12,98,,0,0.225,1.151,1.376,0.758
7200.0,m02,2024-01-01T05:15:00,12,99,,0,0.459,0.94,1.399,0.497
7200.0,m06,2024-01-01T05:15:00,12,100,,0,0.124,0.67,0.794,0.596
7200.0,m01,2024-01-01T05:15:00,12,101,,0,0.302,0.671,0.973,0.621
7200.0,m07,2024-01-01T05:30:00,12,102,GAP,1,0.198,0.594,0.792,0.404
7200.0,m04,2024-01-01T05:30:00,12,103,GAP,1,0.136,0.567,0.703,0.439
7200.0,m03,2024-01-01T05:30:00,12,104,GAP,1,0.256,0.792,1.048,0.585
7200.0,m05,2024-01-01T05:30:00,13,105,,0,0.272,0.908,1.18,0.611
7200.0,m08,2024-01-01T05:45:00,13,106,GAP,1,0.236,1.105,1.341,0.674
7200.0,m02,2024-01-01T05:45:00,13,107,GAP,1,0.415,0.846,1.261,0.461
7200.0,m06,2024-01-01T05:45:00,13,108,GAP,1,0.17,0.867,1.037,0.674
7200.0,m01,2024-01-01T05:45:00,13,109,GAP,1,0.377,0.741,1.118,0.68
7200.0,m07,2024-01-01T06:00:00,13,110,GAP,1,0.182,0.747,0.929,0.541
7200.0,m04,2024-01-01T06:00:00,13,111,GAP,1,0.356,0.549,0.905,0.427
7200.0,m03,2024-01-01T06:00:00,13,112,GAP,1,0.153,0.625,0.778,0.495
7200.0,m05,2024-01-01T06:00:00,14,113,GAP,1,0.221,0.73,0.951,0.572
7200.0,m08,2024-01-01T06:15:00,14,114,GAP,1,0.177,0.95,1.127,0.649
7200.0,m02,2024-01-01T06:15:00,14,115,GAP,1,0.354,0.828,1.182,0.463
7200.0,m06,2024-01-01T06:15:00,14,116,GAP,1,0.131,0.631,0.762,0.447
7200.0,m01,2024-01-01T06:15:00,14,117,GAP,1,0.277,0.51,0.787,0.437
7200.0,m07,2024-01-01T06:15:00,14,118,,0,0.261,0.808,1.069,0.517
7200.0,m04,2024-01-01T06:15:00,14,119,,0,0.226,0.664,0.89,0.453
7200.0,m03,2024-01-01T06:30:00,14,120,GAP,1,0.128,0.452,0.58,0.318
7200.0,m05,2024-01-01T06:30:00,15,121,GAP,1,0.15,0.611,0.761,0.448
7200.0,m08,2024-01-01T06:45:00,15,122,GAP,1,0.132,0.723,0.855,0.44
7200.0,m02,2024-01-01T06:45:00,15,123,GAP,1,0.274,0.58,0.854,0.41
7200.0,m06,2024-01-01T06:45:00,15,124,GAP,1,0.087,0.509,0.596,0.467
7200.0,m01,2024-01-01T06:45:00,15,125,GAP,1,0.214,0.549,0.763,0.481
7200.0,m07,2024-01-01T06:45:00,15,126,GAP,1,0.136,0.509,0.645,0.413
7200.0,m04,2024-01-01T06:45:00,15,127,GAP,1,0.2,0.52,0.72,0.442
7200.0,m03,2024-01-01T06:45:00,15,128,,0,0.244,0.545,0.789,0.399
7200.0,m05,2024-01-01T07:00:00,16,129,GAP,1,0.117,0.478,0.595,0.36
7200.0,m08,2024-01-01T07:00:00,16,130,,0,0.312,1.16,1.472,0.649
7200.0,m02,2024-01-01T07:00:00,16,131,,0,0.427,0.84,1.267,0.549
7200.0,m06,2024-01-01T07:00:00,16,132,,0,0.234,1.307,1.541,0.738
7200.0,m01,2024-01-01T07:00:00,16,133,,0,0.588,0.889,1.477,0.635
7200.0,m07,2024-01-01T07:15:00,16,134,GAP,1,0.125,0.427,0.552,0.353
7200.0,m04,2024-01-01T07:15:00,16,135,GAP,1,0.119,0.38,0.499,0.327
7200.0,m03,2024-01-01T07:15:00,16,136,GAP,1,0.217,0.759,0.976,0.566
7200.0,m05,2024-01-01T07:15:00,17,137,,0,0.284,1.011,1.295,0.582
7200.0,m08,2024-01-01T07:30:00,17,138,GAP,1,0.289,1.387,1.676,0.725
7200.0,m02,2024-01-01T07:30:00,17,139,GAP,1,0.521,0.926,1.447,0.675
7200.0,m06,2024-01-01T07:30:00,17,140,GAP,1,0.16,0.801,0.961,0.541
7200.0,m01,2024-01-01T07:30:00,17,141,GAP,1,0.361,0.612,0.973,0.573
7200.0,m07,2024-01-01T07:30:00,17,142,,0,0.17,0.576,0.746,0.455
7200.0,m04,2024-01-01T07:45:00,17,143,GAP,1,0.127,0.442,0.569,1.373
7200.0,m03,2024-01-01T07:45:00,17,144,GAP,1,0.146,0.533,0.679,0.444
7200.0,m05,2024-01-01T07:45:00,18,145,GAP,1,0.184,0.674,0.858,0.569
7200.0,m08,2024-01-01T08:00:00,18,146,GAP,1,0.175,0.915,1.09,0.616
7200.0,m02,2024-01-01T08:00:00,18,147,GAP,1,0.337,0.789,1.126,0.457
7200.0,m06,2024-01-01T08:00:00,18,148,GAP,1,0.25,1.292,1.542,0.563
7200.0,m01,2024-01-01T08:00:00,18,149,GAP,1,0.536,0.716,1.252,0.421
7200.0,m07,2024-01-01T08:00:00,18,150,GAP,1,0.23,0.676,0.906,0.534
7200.0,m04,2024-01-01T08:00:00,18,151,,0,0.172,0.719,0.891,0.591
7200.0,m03,2024-01-01T08:15:00,18,152,GAP,1,0.14,0.534,0.674,0.411
7200.0,m05,2024-01-01T08:15:00,19,153,GAP,1,0.142,0.544,0.686,0.494
7200.0,m08,2024-01-01T08:30:00,19,154,GAP,1,0.128,0.676,0.804,0.411
7200.0,m02,2024-01-01T08:30:00,19,155,GAP,1,0.292,0.471,0.763,0.421
7200.0,m06,2024-01-01T08:30:00,19,156,GAP,1,0.102,0.621,0.723,0.453
7200.0,m01,2024-01-01T08:30:00,19,157,GAP,1,0.252,0.583,0.835,0.367
7200.0,m07,2024-01-01T08:30:00,19,158,GAP,1,0.169,0.69,0.859,0.545
7200.0,m04,2024-01-01T08:30:00,19,159,GAP,1,0.138,0.475,0.613,0.416
7200.0,m03,2024-01-01T08:30:00,19,160,,0,0.246,0.931,1.177,0.707
7200.0,m05,2024-01-01T08:45:00,20,161,GAP,1,0.159,0.643,0.802,0.494
7200.0,m08,2024-01-01T08:45:00,20,162,,0,0.222,1.38,1.602,0.734
7200.0,m02,2024-01-01T08:45:00,20,163,,0,0.691,0.846,1.537,0.426
7200.0,m06,2024-01-01T08:45:00,20,164,,0,0.233,1.024,1.257,0.603
7200.0,m01,2024-01-01T08:45:00,20,165,,0,0.391,0.698,1.089,0.394
7200.0,m07,2024-01-01T09:00:00,20,166,GAP,1,0.129,0.549,0.678,0.477
7200.0,m04,2024-01-01T09:00:00,20,167,GAP,1,0.148,0.539,0.687,0.402
7200.0,m03,2024-01-01T09:00:00,20,168,GAP,1,0.283,0.921,1.204,0.737
7200.0,m05,2024-01-01T09:00:00,21,169,,0,0.272,0.802,1.074,0.495
7200.0,m08,2024-01-01T09:15:00,21,170,GAP,1,0.25,1.1,1.35,0.666
7200.0,m02,2024-01-01T09:15:00,21,171,GAP,1,0.453,0.83,1.283,0.574
7200.0,m06,2024-01-01T09:15:00,21,172,GAP,1,0.252,1.089,1.341,0.504
7200.0,m01,2024-01-01T09:15:00,21,173,GAP,1,0.439,0.591,1.03,0.467
7200.0,m04,2024-01-01T09:30:00,21,174,GAP,1,0.121,0.546,0.667,0.413
7200.0,m07,2024-01-01T09:30:00,21,175,GAP,1,0.086,0.387,0.473,0.26
7200.0,m03,2024-01-01T09:30:00,21,176,GAP,1,0.196,0.545,0.741,0.416
7200.0,m05,2024-01-01T09:30:00,22,177,GAP,1,0.268,0.943,1.211,0.762
7200.0,m08,2024-01-01T09:45:00,22,178,GAP,1,0.182,0.955,1.137,0.684
7200.0,m02,2024-01-01T09:45:00,22,179,GAP,1,0.357,0.886,1.243,0.426
7200.0,m06,2024-01-01T09:45:00,22,180,GAP,1,0.14,0.66,0.8,0.448
7200.0,m01,2024-01-01T09:45:00,22,181,GAP,1,0.278,0.533,0.811,0.414
7200.0,m07,2024-01-01T09:45:00,22,182,,0,0.255,0.893,1.148,0.517
7200.0,m04,2024-01-01T09:45:00,22,183,,0,0.223,0.615,0.838,0.489
7200.0,m03,2024-01-01T10:00:00,22,184,GAP,1,0.119,0.446,0.565,0.371
7200.0,m05,2024-01-01T10:00:00,23,185,GAP,1,0.127,0.452,0.579,0.421
7200.0,m08,2024-01-01T10:15:00,23,186,GAP,1,0.137,0.674,0.811,0.486
7200.0,m02,2024-01-01T10:15:00,23,187,GAP,1,0.27,0.587,0.857,0.42
7200.0,m06,2024-01-01T10:15:00,23,188,GAP,1,0.093,0.594,0.687,0.53
7200.0,m01,2024-01-01T10:15:00,23,189,GAP,1,0.312,0.54,0.852,0.447
7200.0,m07,2024-01-01T10:15:00,23,190,GAP,1,0.17,0.652,0.822,0.486
7200.0,m04,2024-01-01T10:15:00,23,191,GAP,1,0.15,0.658,0.808,0.621
7200.0,m03,2024-01-01T10:15:00,23,192,,0,0.239,0.809,1.048,0.549
7200.0,m05,2024-01-01T10:30:00,24,193,GAP,1,0.094,0.416,0.51,0.627
7200.0,m08,2024-01-01T10:30:00,24,194,,0,0.227,1.195,1.422,0.898
7200.0,m02,2024-01-01T10:30:00,24,195,,0,0.474,1.098,1.572,0.652
7200.0,m06,2024-01-01T10:30:00,24,196,,0,0.191,0.898,1.089,0.582
7200.0,m01,2024-01-01T10:30:00,24,197,,0,0.415,0.599,1.014,0.568
7200.0,m07,2024-01-01T10:45:00,24,198,GAP,1,0.139,0.511,0.65,0.409
7200.0,m04,2024-01-01T10:45:00,24,199,GAP,1,0.118,0.391,0.509,0.36
7200.0,m03,2024-01-01T10:45:00,24,200,GAP,1,0.264,0.707,0.971,0.639
7200.0,m05,2024-01-01T10:45:00,25,201,,0,0.196,0.681,0.877,0.55
7200.0,m08,2024-01-01T11:00:00,25,202,GAP,1,0.236,1.234,1.47,0.841
7200.0,m02,2024-01-01T11:00:00,25,203,GAP,1,0.502,1.039,1.541,0.571
7200.0,m06,2024-01-01T11:00:00,25,204,GAP,1,0.183,0.901,1.084,0.629
7200.0,m01,2024-01-01T11:00:00,25,205,GAP,1,0.374,0.727,1.101,0.471
7200.0,m07,2024-01-01T11:15:00,25,206,GAP,1,0.145,1.009,1.154,0.601
7200.0,m04,2024-01-01T11:15:00,25,207,GAP,1,0.396,0.819,1.215,0.454
7200.0,m03,2024-01-01T11:15:00,25,208,GAP,1,0.151,0.657,0.808,0.492
7200.0,m05,2024-01-01T11:15:00,26,209,GAP,1,0.245,0.745,0.99,0.601
7200.0,m08,2024-01-01T11:30:00,26,210,GAP,1,0.199,1.044,1.243,0.634
7200.0,m02,2024-01-01T11:30:00,26,211,GAP,1,0.376,0.82,1.196,0.44
7200.0,m06,2024-01-01T11:30:00,26,212,GAP,1,0.13,0.697,0.827,0.5
7200.0,m01,2024-01-01T11:30:00,26,213,GAP,1,0.314,0.554,0.868,0.384
7200.0,m07,2024-01-01T11:30:00,26,214,,0,0.2,0.711,0.911,0.568
7200.0,m04,2024-01-01T11:30:00,26,215,,0,0.219,0.773,0.992,0.588
7200.0,m03,2024-01-01T11:45:00,26,216,GAP,1,0.124,0.505,0.629,0.418
7200.0,m05,2024-01-01T11:45:00,27,217,GAP,1,0.171,0.628,0.799,0.504
7200.0,m08,2024-01-01T12:00:00,27,218,GAP,1,0.129,0.647,0.776,0.436
7200.0,m02,2024-01-01T12:00:00,27,219,GAP,1,0.25,0.541,0.791,0.368
7200.0,m06,2024-01-01T12:00:00,27,220,GAP,1,0.103,0.513,0.616,0.358
7200.0,m01,2024-01-01T12:00:00,27,221,GAP,1,0.22,0.412,0.632,0.314
7200.0,m07,2024-01-01T12:00:00,27,222,GAP,1,0.234,0.798,1.032,0.61
7200.0,m04,2024-01-01T12:00:00,27,223,GAP,1,0.212,0.491,0.703,0.399
7200.0,m03,2024-01-01T12:00:00,27,224,,0,0.237,0.533,0.77,0.474
7200.0,m05,2024-01-01T12:15:00,28,225,GAP,1,0.172,0.685,0.857,0.434
7200.0,m08,2024-01-01T12:15:00,28,226,,0,0.189,1.011,1.2,0.61
7200.0,m02,2024-01-01T12:15:00,28,227,,0,0.411,0.787,1.198,0.459
7200.0,m06,2024-01-01T12:30:00,28,228,GAP,1,0.117,0.629,0.746,0.489
7200.0,m01,2024-01-01T12:30:00,28,229,GAP,1,0.255,0.591,0.846,0.558
7200.0,m07,2024-01-01T12:30:00,28,230,GAP,1,0.113,0.434,0.547,0.369
7200.0,m04,2024-01-01T12:30:00,28,231,GAP,1,0.106,0.369,0.475,0.293
7200.0,m03,2024-01-01T12:30:00,28,232,GAP,1,0.188,0.665,0.853,0.572
7200.0,m05,2024-01-01T12:30:00,29,233,,0,0.245,0.843,1.088,0.547
7200.0,m08,2024-01-01T12:45:00,29,234,GAP,1,0.222,1.103,1.325,0.765
7200.0,m02,2024-01-01T12:45:00,29,235,GAP,1,0.447,0.913,1.36,0.534
7200.0,m06,2024-01-01T12:45:00,29,236,,0,0.166,0.846,1.012,0.506
7200.0,m01,2024-01-01T12:45:00,29,237,,0,0.386,0.594,0.98,0.567
7200.0,m07,2024-01-01T13:00:00,29,238,GAP,1,0.093,0.524,0.617,0.4
7200.0,m04,2024-01-01T13:00:00,29,239,GAP,1,0.297,0.424,0.721,0.427
7200.0,m03,2024-01-01T13:00:00,29,240,GAP,1,0.162,0.679,0.841,0.521
7200.0,m05,2024-01-01T13:00:00,30,241,GAP,1,0.176,0.635,0.811,0.517
7200.0,m08,2024-01-01T13:15:00,30,242,GAP,1,0.197,1.069,1.266,0.691
7200.0,m02,2024-01-01T13:15:00,30,243,GAP,1,0.413,0.889,1.302,0.434
7200.0,m06,2024-01-01T13:15:00,30,244,GAP,1,0.184,0.842,1.026,0.532
7200.0,m01,2024-01-01T13:15:00,30,245,GAP,1,0.394,0.62,1.014,0.517
7200.0,m07,2024-01-01T13:15:00,30,246,,0,0.281,0.884,1.165,0.639
7200.0,m04,2024-01-01T13:15:00,30,247,,0,0.181,0.579,0.76,0.41
7200.0,m03,2024-01-01T13:30:00,30,248,GAP,1,0.135,0.504,0.639,0.395
7200.0,m05,2024-01-01T13:30:00,31,249,GAP,1,0.194,0.667,0.861,0.512
7200.0,m08,2024-01-01T13:45:00,31,250,GAP,1,0.124,0.652,0.776,0.446
7200.0,m02,2024-01-01T13:45:00,31,251,GAP,1,0.253,0.557,0.81,0.321
7200.0,m06,2024-01-01T13:45:00,31,252,GAP,1,0.109,0.546,0.655,0.353
7200.0,m01,2024-01-01T13:45:00,31,253,GAP,1,0.247,0.424,0.671,0.386
7200.0,m07,2024-01-01T13:45:00,31,254,GAP,1,0.261,0.85,1.111,0.472
7200.0,m04,2024-01-01T13:45:00,31,255,GAP,1,0.146,0.598,0.744,0.535
7200.0,m03,2024-01-01T13:45:00,31,256,,0,0.257,0.913,1.17,0.563
7200.0,m05,2024-01-01T14:00:00,32,257,GAP,1,0.198,0.616,0.814,0.475
7200.0,m08,2024-01-01T14:00:00,32,258,,0,0.211,1.121,1.332,0.752
7200.0,m02,2024-01-01T14:00:00,32,259,,0,0.422,0.979,1.401,0.552
7200.0,m06,2024-01-01T14:15:00,32,260,GAP,1,0.116,0.596,0.712,0.519
7200.0,m01,2024-01-01T14:15:00,32,261,GAP,1,0.268,0.563,0.831,0.445
7200.0,m07,2024-01-01T14:15:00,32,262,GAP,1,0.146,0.509,0.655,0.447
7200.0,m04,2024-01-01T14:15:00,32,263,GAP,1,0.097,0.382,0.479,0.328
7200.0,m03,2024-01-01T14:15:00,32,264,GAP,1,0.2,0.762,0.962,0.721
7200.0,m05,2024-01-01T14:15:00,33,265,,0,0.223,0.909,1.132,0.621
7200.0,m08,2024-01-01T14:30:00,33,266,GAP,1,0.29,1.281,1.571,0.817
7200.0,m02,2024-01-01T14:30:00,33,267,GAP,1,0.479,1.06,1.539,0.524
7200.0,m06,2024-01-01T14:30:00,33,268,,0,0.161,0.802,0.963,0.6
7200.0,m01,2024-01-01T14:30:00,33,269,,0,0.378,0.662,1.04,0.633
7200.0,m07,2024-01-01T14:45:00,33,270,GAP,1,0.13,0.608,0.738,0.381
7200.0,m04,2024-01-01T14:45:00,33,271,GAP,1,0.306,0.384,0.69,0.375
7200.0,m03,2024-01-01T14:45:00,33,272,GAP,1,0.17,0.632,0.802,0.484
7200.0,m05,2024-01-01T14:45:00,34,273,GAP,1,0.227,0.946,1.173,0.676
7200.0,m08,2024-01-01T15:00:00,34,274,GAP,1,0.201,0.936,1.137,0.593
7200.0,m02,2024-01-01T15:00:00,34,275,GAP,1,0.346,0.776,1.122,0.377
7200.0,m06,2024-01-01T15:00:00,34,276,GAP,1,0.114,0.623,0.737,0.464
7200.0,m01,2024-01-01T15:00:00,34,277,GAP,1,0.27,0.519,0.789,0.443
7200.0,m07,2024-01-01T15:00:00,34,278,,0,0.182,0.652,0.834,0.57
7200.0,m04,2024-01-01T15:00:00,34,279,,0,0.147,0.485,0.632,0.451
7200.0,m03,2024-01-01T15:15:00,34,280,GAP,1,0.135,0.499,0.634,0.463
7200.0,m05,2024-01-01T15:15:00,35,281,GAP,1,0.158,0.578,0.736,0.442
7200.0,m08,2024-01-01T15:30:00,35,282,GAP,1,0.136,0.726,0.862,0.351
7200.0,m02,2024-01-01T15:30:00,35,283,GAP,1,0.335,0.399,0.734,0.378
7200.0,m06,2024-01-01T15:30:00,35,284,GAP,1,0.101,0.606,0.707,0.438
7200.0,m01,2024-01-01T15:30:00,35,285,GAP,1,0.246,0.567,0.813,0.384
7200.0,m07,2024-01-01T15:30:00,35,286,GAP,1,0.243,0.927,1.17,0.729
7200.0,m04,2024-01-01T15:30:00,35,287,GAP,1,0.16,0.567,0.727,0.506
7200.0,m03,2024-01-01T15:30:00,35,288,,0,0.218,0.743,0.961,0.522
7200.0,m05,2024-01-01T15:45:00,36,289,GAP,1,0.145,0.537,0.682,0.442
7200.0,m08,2024-01-01T15:45:00,36,290,,0,0.181,0.959,1.14,0.642
7200.0,m02,2024-01-01T15:45:00,36,291,,0,0.421,0.758,1.179,0.517
7200.0,m06,2024-01-01T16:00:00,36,292,GAP,1,0.114,0.605,0.719,0.556
7200.0,m01,2024-01-01T16:00:00,36,293,GAP,1,0.246,0.665,0.911,0.424
7200.0,m07,2024-01-01T16:00:00,36,294,GAP,1,0.13,0.551,0.681,0.492
7200.0,m04,2024-01-01T16:00:00,36,295,GAP,1,0.1,0.318,0.418,0.31
7200.0,m03,2024-01-01T16:00:00,36,296,GAP,1,0.273,0.731,1.004,0.592
7200.0,m05,2024-01-01T16:00:00,37,297,,0,0.208,0.78,0.988,0.666
7200.0,m08,2024-01-01T16:15:00,37,298,GAP,1,0.297,1.427,1.724,0.783
7200.0,m02,2024-01-01T16:15:00,37,299,GAP,1,0.529,0.991,1.52,0.58
7200.0,m06,2024-01-01T16:15:00,37,300,,0,0.162,0.829,0.991,0.699
7200.0,m01,2024-01-01T16:15:00,37,301,,0,0.379,0.755,1.134,0.556
7200.0,m07,2024-01-01T16:30:00,37,302,GAP,1,0.118,0.681,0.799,0.424
7200.0,m04,2024-01-01T16:30:00,37,303,GAP,1,0.322,0.458,0.78,0.457
7200.0,m03,2024-01-01T16:30:00,37,304,GAP,1,0.231,0.752,0.983,0.568
7200.0,m05,2024-01-01T16:30:00,38,305,GAP,1,0.311,0.972,1.283,0.636
7200.0,m08,2024-01-01T16:45:00,38,306,GAP,1,0.189,0.979,1.168,0.66
7200.0,m02,2024-01-01T16:45:00,38,307,GAP,1,0.356,0.886,1.242,0.489
7200.0,m06,2024-01-01T16:45:00,38,308,GAP,1,0.183,0.694,0.877,0.863
7200.0,m01,2024-01-01T16:45:00,38,309,GAP,1,0.304,0.503,0.807,0.507
7200.0,m07,2024-01-01T16:45:00,38,310,,0,0.269,1.183,1.452,0.657
7200.0,m04,2024-01-01T16:45:00,38,311,,0,0.422,0.793,1.215,0.588
7200.0,m03,2024-01-01T17:00:00,38,312,GAP,1,0.087,0.394,0.481,0.314
7200.0,m05,2024-01-01T17:00:00,39,313,GAP,1,0.092,0.34,0.432,0.321
7200.0,m08,2024-01-01T17:15:00,39,314,GAP,1,0.067,0.438,0.505,0.319
7200.0,m02,2024-01-01T17:15:00,39,315,GAP,1,0.256,0.314,0.57,2.595
7200.0,m06,2024-01-01T17:15:00,39,316,GAP,1,0.078,0.505,0.583,0.33
7200.0,m01,2024-01-01T17:15:00,39,317,GAP,1,0.249,0.369,0.618,0.304
7200.0,m07,2024-01-01T17:15:00,39,318,GAP,1,0.141,0.7,0.841,0.461
7200.0,m04,2024-01-01T17:15:00,39,319,GAP,1,0.29,0.587,0.877,0.379
7200.0,m03,2024-01-01T17:15:00,39,320,,0,0.195,0.702,0.897,0.653
7200.0,m05,2024-01-01T17:30:00,40,321,GAP,1,0.088,0.45,0.538,0.384
7200.0,m08,2024-01-01T17:30:00,40,322,,0,0.299,1.337,1.636,0.659
7200.0,m02,2024-01-01T17:30:00,40,323,,0,0.497,0.797,1.294,0.416
7200.0,m06,2024-01-01T17:30:00,40,324,,0,0.16,0.814,0.974,0.551
7200.0,m01,2024-01-01T17:30:00,40,325,,0,0.364,0.624,0.988,0.557
7200.0,m07,2024-01-01T17:45:00,40,326,GAP,1,0.14,0.764,0.904,0.579
7200.0,m04,2024-01-01T17:45:00,40,327,GAP,1,0.302,0.74,1.042,0.449
7200.0,m03,2024-01-01T17:45:00,40,328,GAP,1,0.201,0.734,0.935,0.637
7200.0,m05,2024-01-01T17:45:00,41,329,,0,0.245,0.917,1.162,0.745
7200.0,m08,2024-01-01T18:00:00,41,330,GAP,1,0.211,1.16,1.371,0.677
7200.0,m02,2024-01-01T18:00:00,41,331,GAP,1,0.419,0.905,1.324,0.466
7200.0,m06,2024-01-01T18:00:00,41,332,GAP,1,0.145,0.772,0.917,0.543
7200.0,m01,2024-01-01T18:00:00,41,333,GAP,1,0.352,0.607,0.959,0.64
7200.0,m07,2024-01-01T18:15:00,41,334,GAP,1,0.089,0.497,0.586,0.34
7200.0,m04,2024-01-01T18:15:00,41,335,GAP,1,0.219,0.421,0.64,0.509
7200.0,m03,2024-01-01T18:15:00,41,336,GAP,1,0.167,0.613,0.78,0.529
7200.0,m05,2024-01-01T18:15:00,42,337,GAP,1,0.338,0.846,1.184,0.652
7200.0,m08,2024-01-01T18:30:00,42,338,GAP,1,0.188,0.943,1.131,0.676
7200.0,m02,2024-01-01T18:30:00,42,339,GAP,1,0.346,0.85,1.196,0.498
7200.0,m06,2024-01-01T18:30:00,42,340,GAP,1,0.16,0.743,0.903,0.603
7200.0,m01,2024-01-01T18:30:00,42,341,GAP,1,0.325,0.685,1.01,0.524
7200.0,m07,2024-01-01T18:30:00,42,342,,0,0.279,1.249,1.528,0.612
7200.0,m04,2024-01-01T18:30:00,42,343,,0,0.472,0.788,1.26,0.535
7200.0,m03,2024-01-01T18:45:00,42,344,GAP,1,0.146,0.535,0.681,0.473
7200.0,m05,2024-01-01T18:45:00,43,345,GAP,1,0.161,0.654,0.815,0.5
7200.0,m08,2024-01-01T19:00:00,43,346,GAP,1,0.131,0.739,0.87,0.489
7200.0,m02,2024-01-01T19:00:00,43,347,GAP,1,0.29,0.527,0.817,0.401
7200.0,m06,2024-01-01T19:00:00,43,348,GAP,1,0.132,0.827,0.959,0.533
7200.0,m01,2024-01-01T19:00:00,43,349,GAP,1,0.329,0.722,1.051,0.418
7200.0,m07,2024-01-01T19:00:00,43,350,GAP,1,0.253,1.277,1.53,0.768
7200.0,m04,2024-01-01T19:00:00,43,351,GAP,1,0.439,0.97,1.409,0.722
7200.0,m03,2024-01-01T19:00:00,43,352,,0,0.14,0.635,0.775,0.402
7200.0,m05,2024-01-01T19:15:00,44,353,GAP,1,0.108,0.389,0.497,0.325
7200.0,m08,2024-01-01T19:15:00,44,354,,0,0.243,1.277,1.52,0.673
7200.0,m02,2024-01-01T19:15:00,44,355,,0,0.496,0.873,1.369,0.489
7200.0,m06,2024-01-01T19:15:00,44,356,,0,0.175,0.85,1.025,0.534
7200.0,m01,2024-01-01T19:15:00,44,357,,0,0.342,0.628,0.97,0.491
7200.0,m07,2024-01-01T19:30:00,44,358,GAP,1,0.162,0.833,0.995,0.563
7200.0,m04,2024-01-01T19:30:00,44,359,GAP,1,0.341,0.699,1.04,0.45
7200.0,m03,2024-01-01T19:30:00,44,360,GAP,1,0.192,0.678,0.87,0.507
7200.0,m05,2024-01-01T19:30:00,45,361,,0,0.341,1.013,1.354,0.76
7200.0,m08,2024-01-01T19:45:00,45,362,GAP,1,0.236,1.187,1.423,0.783
7200.0,m02,2024-01-01T19:45:00,45,363,GAP,1,0.447,1.028,1.475,0.472
7200.0,m06,2024-01-01T19:45:00,45,364,GAP,1,0.24,1.047,1.287,0.453
7200.0,m01,2024-01-01T19:45:00,45,365,GAP,1,0.42,0.553,0.973,0.476
7200.0,m07,2024-01-01T20:00:00,45,366,GAP,1,0.105,0.691,0.796,0.477
7200.0,m04,2024-01-01T20:00:00,45,367,GAP,1,0.304,0.532,0.836,0.414
7200.0,m03,2024-01-01T20:00:00,45,368,GAP,1,0.159,0.601,0.76,0.502
7200.0,m05,2024-01-01T20:00:00,46,369,GAP,1,0.29,0.816,1.106,0.677
7200.0,m08,2024-01-01T20:15:00,46,370,GAP,1,0.202,1.044,1.246,0.66
7200.0,m02,2024-01-01T20:15:00,46,371,GAP,1,0.433,0.834,1.267,0.51
7200.0,m06,2024-01-01T20:15:00,46,372,GAP,1,0.207,1.011,1.218,0.718
7200.0,m01,2024-01-01T20:15:00,46,373,GAP,1,0.433,0.824,1.257,0.746
7200.0,m07,2024-01-01T20:15:00,46,374,,0,0.285,1.215,1.5,0.711
7200.0,m04,2024-01-01T20:15:00,46,375,,0,0.459,0.893,1.352,0.567
7200.0,m03,2024-01-01T20:30:00,46,376,GAP,1,0.134,0.504,0.638,0.499
7200.0,m05,2024-01-01T20:30:00,47,377,GAP,1,0.238,0.836,1.074,0.677
7200.0,m08,2024-01-01T20:45:00,47,378,GAP,1,0.139,0.717,0.856,0.566
7200.0,m02,2024-01-01T20:45:00,47,379,GAP,1,0.271,0.637,0.908,0.388
7200.0,m06,2024-01-01T20:45:00,47,380,GAP,1,0.096,0.574,0.67,0.481
7200.0,m01,2024-01-01T20:45:00,47,381,GAP,1,0.232,0.621,0.853,0.409
7200.0,m07,2024-01-01T20:45:00,47,382,GAP,1,0.284,1.186,1.47,0.849
7200.0,m04,2024-01-01T20:45:00,47,383,GAP,1,0.42,1.027,1.447,0.668
7200.0,m03,2024-01-01T20:45:00,47,384,,0,0.227,0.883,1.11,0.498
7200.0,m05,2024-01-01T21:00:00,48,385,GAP,1,0.138,0.513,0.651,0.397
7200.0,m08,2024-01-01T21:00:00,48,386,,0,0.246,1.308,1.554,0.87
7200.0,m02,2024-01-01T21:00:00,48,387,,0,0.524,1.057,1.581,0.625
7200.0,m06,2024-01-01T21:15:00,48,388,GAP,1,0.117,0.618,0.735,0.556
7200.0,m01,2024-01-01T21:15:00,48,389,GAP,1,0.25,0.603,0.853,0.369
7200.0,m07,2024-01-01T21:15:00,48,390,GAP,1,0.135,0.683,0.818,0.715
7200.0,m04,2024-01-01T21:15:00,48,391,GAP,1,0.275,0.832,1.107,0.518
7200.0,m03,2024-01-01T21:15:00,48,392,GAP,1,0.26,0.811,1.071,0.572
7200.0,m05,2024-01-01T21:15:00,49,393,,0,0.265,0.791,1.056,1.231
7200.0,m08,2024-01-01T21:30:00,49,394,GAP,1,0.424,1.269,1.693,0.664
7200.0,m02,2024-01-01T21:30:00,49,395,GAP,1,0.417,0.85,1.267,0.541
7200.0,m06,2024-01-01T21:30:00,49,396,,0,0.167,0.797,0.964,0.509
7200.0,m01,2024-01-01T21:30:00,49,397,,0,0.347,0.6,0.947,0.484
7200.0,m07,2024-01-01T21:45:00,49,398,GAP,1,0.117,0.596,0.713,0.434
7200.0,m04,2024-01-01T21:45:00,49,399,GAP,1,0.231,0.565,0.796,0.377
7200.0,m03,2024-01-01T21:45:00,49,400,GAP,1,0.158,0.618,0.776,0.458
7200.0,m05,2024-01-01T21:45:00,50,401,GAP,1,0.24,1.008,1.248,0.692
7200.0,m08,2024-01-01T22:00:00,50,402,GAP,1,0.193,1.068,1.261,0.808
7200.0,m02,2024-01-01T22:00:00,50,403,GAP,1,0.401,1.01,1.411,0.472
7200.0,m06,2024-01-01T22:00:00,50,404,GAP,1,0.149,0.802,0.951,0.6
7200.0,m01,2024-01-01T22:00:00,50,405,GAP,1,0.347,0.693,1.04,0.619
7200.0,m07,2024-01-01T22:00:00,50,406,,0,0.227,1.225,1.452,0.709
7200.0,m04,2024-01-01T22:00:00,50,407,,0,0.509,0.901,1.41,0.545
7200.0,m03,2024-01-01T22:15:00,50,408,GAP,1,0.143,0.631,0.774,0.411
7200.0,m05,2024-01-01T22:15:00,51,409,GAP,1,0.154,0.59,0.744,0.541
7200.0,m08,2024-01-01T22:30:00,51,410,GAP,1,0.133,0.708,0.841,0.5
7200.0,m02,2024-01-01T22:30:00,51,411,GAP,1,0.275,0.625,0.9,0.41
7200.0,m06,2024-01-01T22:30:00,51,412,GAP,1,0.087,0.502,0.589,0.372
7200.0,m01,2024-01-01T22:30:00,51,413,GAP,1,0.209,0.47,0.679,0.416
7200.0,m07,2024-01-01T22:30:00,51,414,GAP,1,0.218,0.896,1.114,0.613
7200.0,m04,2024-01-01T22:30:00,51,415,GAP,1,0.365,0.723,1.088,0.571
7200.0,m03,2024-01-01T22:30:00,51,416,,0,0.206,0.786,0.992,0.626
7200.0,m05,2024-01-01T22:45:00,52,417,GAP,1,0.12,0.491,0.611,0.396
7200.0,m08,2024-01-01T22:45:00,52,418,,0,0.182,0.947,1.129,0.641
7200.0,m02,2024-01-01T22:45:00,52,419,,0,0.369,0.824,1.193,0.44
7200.0,m06,2024-01-01T22:45:00,52,420,,0,0.276,1.267,1.543,0.705
7200.0,m01,2024-01-01T22:45:00,52,421,,0,0.564,0.78,1.344,0.598
7200.0,m07,2024-01-01T23:00:00,52,422,GAP,1,0.125,0.605,0.73,0.401
7200.0,m04,2024-01-01T23:00:00,52,423,GAP,1,0.258,0.486,0.744,0.369
7200.0,m03,2024-01-01T23:00:00,52,424,GAP,1,0.172,0.705,0.877,0.55
7200.0,m05,2024-01-01T23:00:00,53,425,,0,0.261,0.94,1.201,0.702
7200.0,m08,2024-01-01T23:15:00,53,426,GAP,1,0.243,1.174,1.417,0.96
7200.0,m02,2024-01-01T23:15:00,53,427,GAP,1,0.463,1.174,1.637,0.518
7200.0,m06,2024-01-01T23:15:00,53,428,GAP,1,0.188,0.976,1.164,0.618
7200.0,m01,2024-01-01T23:15:00,53,429,GAP,1,0.438,0.694,1.132,0.466
7200.0,m07,2024-01-01T23:30:00,53,430,GAP,1,0.135,0.686,0.821,0.448
7200.0,m04,2024-01-01T23:30:00,53,431,GAP,1,0.28,0.571,0.851,0.492
7200.0,m03,2024-01-01T23:30:00,53,432,GAP,1,0.155,0.612,0.767,0.435
7200.0,m05,2024-01-01T23:30:00,54,433,GAP,1,0.177,0.719,0.896,0.749
7200.0,m08,2024-01-01T23:45:00,54,434,GAP,1,0.153,0.902,1.055,0.633
7200.0,m02,2024-01-01T23:45:00,54,435,GAP,1,0.351,0.818,1.169,0.449
7200.0,m06,2024-01-01T23:45:00,54,436,GAP,1,0.138,0.719,0.857,0.473
7200.0,m01,2024-01-01T23:45:00,54,437,GAP,1,0.3,0.563,0.863,0.974
7200.0,m07,2024-01-01T23:45:00,54,438,,0,0.191,1.02,1.211,0.672
7200.0,m04,2024-01-01T23:45:00,54,439,,0,0.397,0.835,1.232,0.438
7200.0,m03,2024-01-01T23:45:00,54,440,,0,0.201,0.793,0.994,0.647
7200.0,m05,2024-01-01T23:45:00,55,441,,0,0.235,0.973,1.208,0.651
